sample_id,mission_profile,altitude_ft,ambient_temp_c,throttle,engine_load,rpm,torque_nm,power_kw,egt_c,cht_c,oil_temp_c,oil_pressure_bar,fuel_flow_lph,vibration,thermal_margin,efficiency,deg_injector,deg_cooling,deg_lubrication,deg_mechanical,health_index,anomaly_flag,anomaly_score,fault_class,fault_severity,sensor_anomaly_type,rul_hours
0,LOITER,7753.6,-3.7,0.546,0.51,3521.0,66.6,24.6,383.0,125.8,70.1,2.37,15.91,1.203,95.04,0.765,0.0,0.0,0.0,0.0,86.06,0,0.219,healthy,0.0,none,99.68
1,LOITER,3714.3,7.9,0.53,0.513,3460.0,73.8,26.6,380.6,135.9,78.3,2.19,16.29,1.183,84.21,0.765,0.0,0.345,0.0,0.0,62.8,1,0.303,cooling,0.35,none,63.83
2,DESERT_PATROL,7479.2,18.5,0.602,0.563,3809.1,63.5,25.4,450.5,155.2,87.0,2.27,17.52,1.283,64.02,0.765,0.0,0.0,0.0,0.0,85.54,0,0.104,healthy,0.0,none,102.35
3,HIGH_ALTITUDE,18824.6,-23.0,0.946,0.793,4966.2,45.2,23.6,678.2,203.6,71.8,3.59,28.79,2.604,19.44,0.608,0.0,0.0,0.0,0.686,35.51,1,0.587,mechanical,0.69,none,34.08
4,DESERT_PATROL,4463.4,32.3,0.584,0.562,3712.4,67.5,26.3,448.7,163.7,95.0,2.04,17.78,1.281,57.03,0.765,0.0,0.0,0.0,0.0,85.41,0,0.062,healthy,0.0,none,102.5
5,LOITER,4558.6,2.0,0.504,0.484,3328.7,72.2,25.1,353.1,130.4,73.0,2.17,15.47,1.073,90.24,0.765,0.0,0.56,0.0,0.0,55.96,1,0.514,cooling,0.56,none,58.51
6,LOITER,3226.1,8.1,0.465,0.452,3119.3,72.8,23.8,329.5,117.2,74.9,1.98,14.29,0.984,104.03,0.765,0.0,0.0,0.0,0.0,86.71,0,0.211,healthy,0.0,none,95.65
7,LOITER,4380.0,3.7,0.459,0.442,3102.9,70.6,22.8,323.7,111.0,71.9,2.01,14.04,0.948,108.77,0.765,0.0,0.0,0.0,0.0,88.77,0,0.117,healthy,0.0,none,98.09
8,HIGH_ALTITUDE,16988.4,-21.0,0.878,0.75,5196.9,54.0,29.4,623.6,187.4,76.2,3.19,22.13,0.751,33.55,0.765,0.0,0.0,0.259,0.0,67.41,0,0.191,lubrication,0.26,none,70.94
9,ISR,10349.5,-6.0,0.616,0.561,3874.8,62.4,25.4,432.0,137.8,71.8,2.67,17.2,1.311,81.02,0.765,0.0,0.0,0.0,0.0,81.83,0,0.167,healthy,0.0,none,91.23
10,HIGH_ALTITUDE,20612.4,-28.6,0.796,0.655,4777.2,47.2,23.7,554.0,162.3,61.8,3.69,18.59,0.941,57.63,0.765,0.0,0.0,0.0,0.0,93.2,0,0.183,healthy,0.0,none,111.86
11,TRANSIT,1381.3,12.5,0.538,0.531,3484.9,79.4,29.0,390.2,134.8,81.7,2.12,17.19,1.169,84.88,0.765,0.0,0.0,0.0,0.0,83.78,0,0.229,healthy,0.0,none,94.44
12,DESERT_PATROL,9097.6,19.3,0.571,0.527,3636.4,58.8,22.6,433.3,168.4,85.0,2.15,16.28,1.243,51.85,0.765,0.0,0.846,0.0,0.0,50.17,1,0.792,cooling,0.85,none,51.7
13,LOITER,4092.2,7.9,0.483,0.466,3232.0,71.2,24.0,343.8,123.8,75.8,2.03,15.03,1.062,95.28,0.765,0.0,0.298,0.0,0.0,66.85,0,0.304,cooling,0.3,none,70.32
14,ISR,4419.0,7.1,0.649,0.625,4033.0,75.3,31.7,463.4,154.9,82.2,2.52,19.98,1.286,64.08,0.765,0.0,0.0,0.0,0.0,84.12,0,0.116,healthy,0.0,none,96.62
15,DESERT_PATROL,11386.5,7.6,0.594,0.536,3641.7,43.6,16.5,496.1,162.6,78.9,2.29,20.54,2.613,60.63,0.568,0.245,0.0,0.0,0.245,43.58,1,0.416,combustion,0.49,none,40.71
16,ISR,3221.3,3.6,0.849,0.826,5036.8,83.6,44.1,603.9,197.7,89.4,3.12,26.24,0.787,23.74,0.765,0.0,0.0,0.0,0.0,66.94,0,0.115,healthy,0.0,none,70.98
17,ISR,4593.4,5.2,0.551,0.529,3572.4,72.8,27.4,391.4,133.5,76.7,2.26,16.68,1.202,87.37,0.765,0.0,0.0,0.0,0.0,61.43,1,0.344,sensor,0.39,noise,61.62
18,ISR,11923.2,-4.4,0.629,0.564,3932.9,52.0,21.4,476.7,150.7,72.7,2.71,20.42,1.311,69.73,0.679,0.321,0.0,0.0,0.0,62.87,1,0.358,injector,0.32,none,71.44
19,HIGH_ALTITUDE,20908.9,-26.2,0.869,0.714,5127.2,46.8,25.3,617.3,183.1,66.5,3.95,20.47,0.791,38.89,0.765,0.0,0.0,0.0,0.0,88.47,0,0.072,healthy,0.0,none,99.14
20,ISR,6963.6,2.6,0.681,0.641,4220.0,70.2,31.2,489.5,161.6,89.9,1.88,19.84,1.296,60.13,0.765,0.0,0.0,0.473,0.0,55.87,1,0.408,lubrication,0.47,none,57.96
21,LOITER,3874.8,2.2,0.596,0.577,3777.8,76.9,30.4,424.3,138.8,76.9,2.48,18.34,1.287,80.07,0.765,0.0,0.0,0.0,0.0,54.53,1,0.832,sensor,0.92,spike,54.1
22,ISR,6238.1,3.2,0.754,0.714,4589.7,73.4,35.0,541.4,177.0,83.2,2.92,22.3,1.058,43.82,0.765,0.0,0.0,0.0,0.0,56.19,1,0.774,sensor,0.82,noise,60.03
23,HIGH_ALTITUDE,18722.8,-22.5,0.935,0.785,5490.2,51.1,29.5,660.9,198.5,71.7,4.05,22.97,0.708,21.51,0.765,0.0,0.0,0.0,0.0,65.26,0,0.06,healthy,0.0,none,63.09
24,LOITER,4186.2,9.0,0.465,0.448,3123.3,59.0,19.5,369.2,126.4,75.2,1.96,15.44,1.04,93.73,0.645,0.446,0.0,0.0,0.0,56.03,1,0.465,injector,0.45,none,58.41
25,DESERT_PATROL,8301.1,27.1,0.817,0.759,4881.5,63.3,32.0,616.7,210.2,100.6,2.69,23.43,0.886,8.95,0.765,0.0,0.0,0.0,0.0,68.77,0,0.174,healthy,0.0,none,72.63
26,HIGH_ALTITUDE,20720.0,-24.5,0.892,0.734,5243.9,47.0,25.8,633.2,186.4,68.3,3.93,20.78,0.764,32.41,0.765,0.0,0.0,0.0,0.0,68.34,0,0.128,healthy,0.0,none,74.98
27,LOITER,3077.3,7.9,0.586,0.57,3748.9,77.3,30.1,427.4,141.0,80.2,2.36,18.54,1.251,77.87,0.765,0.0,0.0,0.0,0.0,72.94,0,0.242,healthy,0.0,none,78.27
28,DESERT_PATROL,3863.7,29.5,0.594,0.574,3774.7,69.9,27.5,452.6,162.4,92.9,2.08,18.29,1.291,57.47,0.765,0.0,0.0,0.0,0.0,83.79,0,0.214,healthy,0.0,none,97.26
29,TRANSIT,4812.5,2.2,0.603,0.578,3828.4,74.4,29.7,426.6,142.1,77.4,2.49,18.25,1.301,78.25,0.765,0.0,0.0,0.0,0.0,80.15,0,0.051,healthy,0.0,none,91.35
30,TRANSIT,13140.4,-5.7,0.784,0.695,4551.4,56.0,26.3,566.4,176.4,77.4,3.11,22.79,1.787,42.67,0.704,0.0,0.0,0.0,0.265,64.18,0,0.211,mechanical,0.27,none,67.04
31,HIGH_ALTITUDE,18380.0,-20.9,0.794,0.669,4776.0,50.2,25.0,556.2,167.5,67.6,3.58,19.42,0.964,51.96,0.765,0.0,0.0,0.0,0.0,90.91,0,0.145,healthy,0.0,none,103.45
32,DESERT_PATROL,13584.0,7.4,0.801,0.708,4635.4,45.2,22.3,640.5,204.6,86.4,2.92,27.16,2.063,15.69,0.612,0.186,0.0,0.0,0.186,41.46,1,0.241,combustion,0.37,none,36.01
33,DESERT_PATROL,3915.7,29.9,0.644,0.622,4030.3,70.9,30.1,489.9,173.7,95.4,2.19,20.06,1.31,46.19,0.765,0.0,0.0,0.0,0.0,83.19,0,0.243,healthy,0.0,none,90.54
34,TRANSIT,2176.8,4.7,0.509,0.499,3361.9,57.7,20.1,417.6,138.8,75.2,2.14,18.46,1.14,81.96,0.564,0.751,0.0,0.0,0.0,51.21,1,0.598,injector,0.75,none,49.24
35,ISR,10903.0,-0.2,0.598,0.542,3787.7,59.4,23.4,432.5,140.8,74.9,2.56,16.35,1.287,79.94,0.765,0.0,0.0,0.0,0.0,86.03,0,0.102,healthy,0.0,none,101.77
36,DESERT_PATROL,2802.5,30.0,0.62,0.605,3611.2,67.1,25.3,473.9,167.4,94.7,1.93,22.79,2.499,51.76,0.646,0.0,0.0,0.0,0.519,45.67,1,0.497,mechanical,0.52,none,47.96
37,TRANSIT,4913.4,9.2,0.505,0.484,3303.9,54.1,18.9,415.1,139.4,77.5,2.12,21.83,1.095,80.68,0.596,0.632,0.0,0.0,0.0,52.43,1,0.617,injector,0.63,none,56.47
38,TRANSIT,1397.7,12.6,0.705,0.697,4344.3,83.9,38.0,508.9,172.6,88.6,2.62,22.76,1.215,48.38,0.765,0.0,0.0,0.0,0.0,83.15,0,0.125,healthy,0.0,none,96.4
39,HIGH_ALTITUDE,23206.4,-29.4,0.856,0.686,5069.3,42.9,23.0,605.1,175.7,63.3,4.05,19.17,0.796,44.14,0.765,0.0,0.0,0.0,0.0,92.48,0,0.069,healthy,0.0,none,111.59
40,TRANSIT,1584.4,15.6,0.716,0.707,4371.1,82.7,38.1,520.9,177.7,91.1,2.62,23.03,1.204,43.31,0.765,0.0,0.0,0.0,0.0,81.02,0,0.098,healthy,0.0,none,87.41
41,HIGH_ALTITUDE,17818.5,-17.4,0.73,0.618,4243.8,37.6,16.7,574.7,169.3,67.4,3.18,25.99,2.634,50.13,0.553,0.267,0.0,0.0,0.267,44.53,1,0.554,combustion,0.53,none,42.08
42,DESERT_PATROL,12259.2,17.1,0.782,0.7,4718.2,55.7,27.6,595.0,196.5,91.1,2.74,21.21,0.991,23.87,0.765,0.0,0.0,0.0,0.0,76.85,0,0.199,healthy,0.0,none,86.85
43,DESERT_PATROL,4579.0,27.7,0.738,0.709,4491.6,71.4,33.7,561.8,193.1,98.8,2.43,22.5,1.134,27.17,0.765,0.0,0.0,0.0,0.0,76.66,0,0.143,healthy,0.0,none,77.57
44,DESERT_PATROL,14432.8,1.3,0.636,0.558,3833.6,40.3,16.1,516.2,165.2,75.1,2.51,23.11,2.503,55.79,0.571,0.242,0.0,0.0,0.242,44.29,1,0.441,combustion,0.48,none,42.43
45,LOITER,5867.2,-2.0,0.526,0.5,3428.9,70.5,25.2,366.0,122.4,71.8,2.3,15.93,1.167,98.48,0.765,0.0,0.0,0.0,0.0,82.63,0,0.193,healthy,0.0,none,92.3
46,ISR,2702.0,15.1,0.826,0.807,4916.0,58.4,30.2,664.4,218.7,96.2,2.8,30.42,0.856,2.52,0.548,0.809,0.0,0.0,0.0,32.56,1,0.749,injector,0.81,none,25.44
47,DESERT_PATROL,4338.6,31.1,0.639,0.615,3972.2,69.4,29.0,493.3,173.1,96.1,2.15,19.47,1.308,46.19,0.765,0.0,0.0,0.0,0.0,82.73,0,0.074,healthy,0.0,none,96.96
48,LOITER,4183.4,7.4,0.582,0.561,3582.5,56.9,21.2,467.5,153.3,80.1,2.23,25.64,2.624,65.08,0.565,0.251,0.0,0.0,0.251,44.07,1,0.349,combustion,0.5,none,46.07
49,TRANSIT,5953.8,1.5,0.652,0.619,3995.2,62.4,26.0,501.4,162.3,79.2,2.57,22.6,2.109,57.91,0.642,0.148,0.0,0.0,0.148,59.26,0,0.191,combustion,0.3,none,61.74
50,ISR,11215.6,-9.7,0.583,0.527,3697.9,60.4,23.4,398.4,127.8,67.7,2.61,16.31,1.302,91.19,0.765,0.0,0.0,0.0,0.0,85.41,0,0.039,healthy,0.0,none,90.06
51,TRANSIT,1182.3,16.1,0.839,0.831,4991.2,86.1,45.0,607.6,204.1,97.3,2.83,27.19,0.819,16.2,0.765,0.0,0.0,0.0,0.0,68.17,0,0.141,healthy,0.0,none,74.34
52,TRANSIT,3493.2,8.2,0.576,0.559,3681.9,75.7,29.2,416.5,140.5,80.3,2.32,17.85,1.244,79.56,0.765,0.0,0.0,0.0,0.0,65.81,0,0.18,healthy,0.0,none,73.97
53,HIGH_ALTITUDE,17809.6,-22.4,0.938,0.794,5388.0,45.8,25.7,701.9,206.7,72.5,3.94,28.47,1.44,12.9,0.646,0.143,0.0,0.0,0.143,55.94,0,0.208,combustion,0.29,none,54.91
54,LOITER,5318.5,2.2,0.471,0.449,3139.2,69.0,23.0,332.9,113.4,86.4,1.09,13.87,0.996,107.32,0.765,0.0,0.0,0.759,0.0,53.55,1,0.69,lubrication,0.76,none,47.54
55,LOITER,6013.9,4.2,0.454,0.431,3065.8,66.1,21.3,321.9,109.7,71.8,1.97,13.56,0.973,109.12,0.765,0.0,0.0,0.0,0.0,87.34,0,0.236,healthy,0.0,none,105.69
56,ISR,7273.6,-4.6,0.826,0.775,4677.1,69.9,34.5,590.6,188.0,81.7,3.04,27.18,1.838,34.08,0.689,0.0,0.0,0.0,0.332,54.12,1,0.369,mechanical,0.33,none,52.68
57,TRANSIT,15809.1,-21.4,0.553,0.478,3578.8,52.1,19.5,372.8,113.1,72.3,1.61,14.03,1.213,107.06,0.765,0.0,0.0,0.655,0.0,52.9,1,0.657,lubrication,0.66,none,53.09
58,DESERT_PATROL,15995.8,2.4,0.849,0.732,4443.0,44.2,20.5,627.5,201.2,83.4,2.79,28.16,3.12,20.45,0.58,0.0,0.0,0.0,0.806,28.01,1,0.658,mechanical,0.81,none,21.04
59,ISR,2937.4,5.1,0.834,0.813,4965.8,83.8,43.7,593.9,202.8,89.2,3.08,26.23,0.859,17.5,0.765,0.0,0.487,0.0,0.0,46.94,1,0.465,cooling,0.49,none,45.89
60,TRANSIT,8143.2,-3.4,0.791,0.736,4783.9,70.5,35.1,563.2,179.0,80.8,3.12,22.64,0.957,40.58,0.765,0.0,0.0,0.0,0.0,80.16,0,0.243,healthy,0.0,none,88.33
61,DESERT_PATROL,10304.6,19.3,0.746,0.68,4532.8,59.2,28.1,561.4,190.6,92.6,2.65,20.75,1.118,30.55,0.765,0.0,0.0,0.0,0.0,80.95,0,0.101,healthy,0.0,none,85.97
62,HIGH_ALTITUDE,15910.0,-12.2,0.882,0.761,5212.1,38.8,21.2,696.7,212.0,76.4,3.71,37.3,0.745,8.29,0.544,0.827,0.0,0.0,0.0,37.86,1,0.826,injector,0.83,none,29.81
63,HIGH_ALTITUDE,21976.4,-24.9,0.899,0.73,5065.8,33.0,17.7,683.9,202.3,68.6,3.79,30.78,2.374,18.69,0.541,0.284,0.0,0.0,0.284,36.81,1,0.503,combustion,0.57,none,32.71
64,DESERT_PATROL,4137.0,26.4,0.703,0.678,4317.6,72.3,32.7,537.8,181.8,101.9,1.87,21.51,1.234,36.12,0.765,0.0,0.0,0.311,0.0,59.91,1,0.225,lubrication,0.31,none,63.12
65,ISR,14451.8,-16.6,0.666,0.583,4135.8,56.1,24.3,461.1,143.4,66.1,3.02,17.49,1.295,77.85,0.765,0.0,0.0,0.0,0.0,89.28,0,0.059,healthy,0.0,none,105.07
66,LOITER,4738.1,10.7,0.406,0.39,2836.4,65.7,19.6,290.2,105.8,73.4,1.74,12.3,0.805,114.4,0.765,0.0,0.0,0.0,0.0,81.08,0,0.05,healthy,0.0,none,98.51
67,TRANSIT,11355.9,-5.9,0.514,0.464,3362.6,57.6,20.3,362.4,116.2,67.3,2.33,14.05,1.142,103.42,0.765,0.0,0.0,0.0,0.0,78.86,0,0.232,healthy,0.0,none,91.74
68,DESERT_PATROL,1038.9,38.4,0.804,0.797,4839.2,79.8,40.2,607.5,211.2,109.7,2.41,25.79,0.9,5.16,0.765,0.0,0.0,0.0,0.0,45.62,1,0.311,sensor,0.39,noise,41.38
69,DESERT_PATROL,1935.1,20.9,0.552,0.543,3556.5,76.0,28.4,404.8,146.0,87.2,2.05,17.62,1.272,74.57,0.765,0.0,0.0,0.0,0.0,55.82,1,0.713,sensor,0.8,noise,53.37
70,HIGH_ALTITUDE,18971.6,-24.9,0.726,0.608,4439.3,42.7,19.7,527.0,157.4,62.3,3.48,18.72,1.199,62.75,0.666,0.369,0.0,0.0,0.0,63.69,1,0.361,injector,0.37,none,64.44
71,ISR,6143.9,1.8,0.666,0.631,4133.4,72.3,31.1,470.6,155.7,79.9,2.69,19.58,1.275,64.47,0.765,0.0,0.0,0.0,0.0,83.53,0,0.13,healthy,0.0,none,99.66
72,ISR,9466.9,-2.1,0.633,0.581,3961.9,64.0,26.6,443.6,144.2,75.1,2.66,17.55,1.32,74.18,0.765,0.0,0.0,0.0,0.0,78.08,0,0.16,healthy,0.0,none,86.96
73,DESERT_PATROL,15005.4,-2.4,0.503,0.438,3300.1,48.9,17.0,361.3,118.0,69.1,2.26,13.07,1.097,102.24,0.765,0.0,0.0,0.0,0.0,84.6,0,0.216,healthy,0.0,none,97.08
74,HIGH_ALTITUDE,23655.1,-29.1,0.904,0.721,5341.3,42.4,23.6,641.3,186.5,64.8,4.2,20.5,0.712,32.98,0.765,0.0,0.0,0.0,0.0,88.15,0,0.174,healthy,0.0,none,102.14
75,TRANSIT,5199.7,7.0,0.769,0.735,4643.2,75.5,36.6,559.3,179.5,86.9,2.87,22.84,1.019,37.64,0.765,0.0,0.0,0.0,0.0,83.85,0,0.118,healthy,0.0,none,90.56
76,ISR,10159.3,-5.0,0.601,0.549,3817.8,62.3,24.9,422.5,135.6,90.6,1.16,16.7,1.268,83.46,0.765,0.0,0.0,0.946,0.0,48.37,1,0.895,lubrication,0.95,none,41.62
77,TRANSIT,7814.0,-4.7,0.692,0.646,4130.9,56.7,24.6,535.0,166.6,76.2,2.78,24.34,2.311,52.16,0.6,0.202,0.0,0.0,0.202,49.16,1,0.375,combustion,0.4,none,50.99
78,HIGH_ALTITUDE,19731.7,-21.8,0.852,0.708,5056.2,33.3,17.7,683.2,195.7,68.3,3.76,35.1,0.814,21.12,0.529,0.881,0.0,0.0,0.0,43.38,1,0.765,injector,0.88,none,45.03
79,DESERT_PATROL,11963.0,16.2,0.828,0.743,4925.5,57.1,29.7,627.7,205.6,93.4,2.92,22.6,0.87,14.48,0.765,0.0,0.0,0.0,0.0,70.99,0,0.066,healthy,0.0,none,81.61
80,HIGH_ALTITUDE,16642.7,-17.1,0.904,0.775,5292.4,54.2,30.3,635.6,196.9,75.1,3.79,22.46,0.721,24.51,0.765,0.0,0.0,0.0,0.0,76.45,0,0.11,healthy,0.0,none,90.87
81,HIGH_ALTITUDE,21241.0,-21.1,0.835,0.683,4982.4,44.9,23.6,595.4,176.6,68.1,3.74,19.34,0.885,42.27,0.765,0.0,0.0,0.0,0.0,89.0,0,0.142,healthy,0.0,none,98.39
82,DESERT_PATROL,14597.1,-1.9,0.718,0.629,3988.5,48.3,20.3,526.4,167.1,77.3,2.68,22.95,2.829,53.68,0.628,0.0,0.0,0.0,0.596,42.57,1,0.594,mechanical,0.6,none,40.97
83,DESERT_PATROL,3275.1,30.7,0.609,0.592,3824.9,71.5,28.8,465.9,166.0,94.5,2.14,19.23,1.331,53.3,0.765,0.0,0.0,0.0,0.0,62.19,1,0.351,sensor,0.36,drift,65.71
84,ISR,2543.7,7.6,0.688,0.673,3837.2,73.0,29.3,491.5,162.8,85.0,2.34,26.43,2.872,55.91,0.62,0.0,0.0,0.0,0.632,42.58,1,0.459,mechanical,0.63,none,31.83
85,DESERT_PATROL,11800.5,12.4,0.724,0.651,4433.9,56.9,26.2,541.8,179.4,100.4,1.55,19.6,1.161,40.89,0.765,0.0,0.0,0.679,0.0,50.55,1,0.552,lubrication,0.68,none,47.39
86,TRANSIT,15209.3,-14.6,0.554,0.481,3391.9,36.1,12.7,447.8,137.6,63.2,2.45,23.36,2.999,82.24,0.504,0.337,0.0,0.0,0.337,35.54,1,0.739,combustion,0.67,none,34.88
87,TRANSIT,2033.8,13.0,0.527,0.518,3438.9,77.0,27.7,381.3,134.6,81.5,2.1,16.55,1.159,86.64,0.765,0.0,0.0,0.0,0.0,79.63,0,0.229,healthy,0.0,none,88.26
88,TRANSIT,13583.5,-13.3,0.544,0.48,3512.1,55.0,20.3,374.5,117.0,63.4,2.54,14.37,1.211,102.58,0.765,0.0,0.0,0.0,0.0,58.85,1,0.474,sensor,0.62,noise,64.49
89,DESERT_PATROL,6028.0,29.8,0.781,0.741,4698.2,67.9,33.4,602.8,202.9,100.1,2.47,23.33,1.005,15.41,0.765,0.0,0.0,0.0,0.0,72.63,0,0.19,healthy,0.0,none,72.23
90,ISR,9806.0,-5.0,0.511,0.469,3226.6,45.8,15.6,392.7,123.9,68.0,2.16,20.87,2.504,95.09,0.552,0.268,0.0,0.0,0.268,43.13,1,0.497,combustion,0.54,none,39.52
91,HIGH_ALTITUDE,21322.6,-25.1,0.703,0.575,4341.0,29.2,13.3,567.8,166.8,60.8,3.36,29.71,1.291,55.24,0.506,0.969,0.0,0.0,0.0,49.25,1,0.859,injector,0.97,none,44.47
92,LOITER,5675.3,0.6,0.437,0.416,2993.1,67.1,21.0,301.8,103.6,69.4,1.95,13.15,0.908,116.04,0.765,0.0,0.0,0.0,0.0,85.87,0,0.204,healthy,0.0,none,95.09
93,DESERT_PATROL,10374.6,13.3,0.632,0.576,3938.0,58.4,24.3,473.9,169.4,83.3,2.45,17.66,1.281,49.48,0.765,0.0,0.62,0.0,0.0,52.81,1,0.616,cooling,0.62,none,46.08
94,HIGH_ALTITUDE,16552.4,-21.5,0.745,0.64,4521.9,53.6,25.2,518.0,156.2,76.0,2.32,18.95,1.11,63.74,0.765,0.0,0.0,0.499,0.0,56.28,1,0.49,lubrication,0.5,none,52.86
95,LOITER,7003.7,4.8,0.596,0.56,3778.8,67.7,26.6,426.8,142.8,78.1,2.45,17.66,1.258,77.14,0.765,0.0,0.0,0.0,0.0,85.88,0,0.136,healthy,0.0,none,91.93
96,ISR,12998.7,-14.4,0.562,0.5,3615.6,56.9,21.5,389.6,120.2,63.1,2.57,14.96,1.229,99.41,0.765,0.0,0.0,0.0,0.0,85.69,0,0.186,healthy,0.0,none,100.32
97,HIGH_ALTITUDE,24626.5,-34.6,0.936,0.739,5475.4,41.8,24.0,668.6,188.9,62.2,4.43,20.36,0.706,30.24,0.765,0.0,0.0,0.0,0.0,88.47,0,0.166,healthy,0.0,none,99.16
98,ISR,4118.3,7.8,0.509,0.491,3362.4,72.1,25.2,361.6,127.5,76.7,2.09,15.67,1.095,94.35,0.765,0.0,0.0,0.0,0.0,78.83,0,0.208,healthy,0.0,none,84.33
99,LOITER,4679.3,4.7,0.565,0.542,3343.8,66.8,23.1,399.1,136.4,77.7,2.13,20.55,2.5,84.58,0.644,0.0,0.0,0.0,0.528,45.88,1,0.47,mechanical,0.53,none,37.34
100,LOITER,4097.6,12.0,0.595,0.574,3775.9,50.5,20.0,500.9,166.4,83.8,2.33,21.94,1.28,53.45,0.525,0.895,0.0,0.0,0.0,46.31,1,0.854,injector,0.89,none,44.02
101,ISR,8271.7,1.2,0.679,0.631,4202.4,67.1,29.6,491.5,160.5,79.3,2.78,19.42,1.255,61.34,0.765,0.0,0.0,0.0,0.0,86.69,0,0.168,healthy,0.0,none,102.83
102,LOITER,3661.4,11.1,0.58,0.562,3229.7,63.7,21.2,421.8,144.3,82.4,1.93,24.05,3.203,76.21,0.569,0.0,0.0,0.0,0.852,36.64,1,0.824,mechanical,0.85,none,30.26
103,DESERT_PATROL,10771.3,10.7,0.79,0.717,4700.0,60.5,30.0,579.1,192.7,88.9,2.89,21.8,1.003,27.93,0.765,0.0,0.0,0.0,0.0,80.02,0,0.227,healthy,0.0,none,90.58
104,LOITER,6165.5,5.7,0.499,0.472,3298.3,54.4,18.7,403.9,133.3,74.3,2.11,20.24,1.06,86.79,0.622,0.535,0.0,0.0,0.0,54.72,1,0.501,injector,0.54,none,47.7
105,TRANSIT,3494.3,8.6,0.758,0.736,4604.3,79.8,38.2,545.7,180.4,88.2,2.82,23.65,1.05,39.27,0.765,0.0,0.0,0.0,0.0,84.02,0,0.086,healthy,0.0,none,93.42
106,LOITER,6595.2,-0.9,0.459,0.433,3093.3,66.1,21.5,314.9,108.2,69.1,2.02,13.63,0.988,112.15,0.765,0.0,0.0,0.0,0.0,67.43,1,0.409,sensor,0.31,noise,73.72
107,HIGH_ALTITUDE,23464.1,-36.0,0.939,0.75,5470.9,44.2,25.6,663.1,188.5,62.0,4.47,21.35,0.725,31.05,0.765,0.0,0.0,0.0,0.0,86.02,0,0.129,healthy,0.0,none,94.87
108,ISR,8432.4,-5.7,0.741,0.687,4509.5,69.5,32.7,527.1,166.6,77.6,3.08,21.31,1.105,53.52,0.765,0.0,0.0,0.0,0.0,88.61,0,0.208,healthy,0.0,none,104.43
109,TRANSIT,2546.4,12.9,0.61,0.597,3854.5,69.6,28.0,468.5,157.6,84.9,2.36,20.0,1.334,62.01,0.682,0.309,0.0,0.0,0.0,63.4,1,0.275,injector,0.31,none,68.21
110,LOITER,5709.5,6.1,0.575,0.546,3661.4,70.2,27.0,408.3,139.0,78.2,2.35,17.33,1.271,81.01,0.765,0.0,0.0,0.0,0.0,56.27,1,0.67,sensor,0.71,noise,56.62
111,HIGH_ALTITUDE,24876.7,-39.2,0.936,0.736,5490.2,42.1,24.3,646.1,185.4,58.9,4.49,20.52,0.715,34.15,0.765,0.0,0.0,0.0,0.0,85.42,0,0.233,healthy,0.0,none,98.58
112,TRANSIT,5692.8,-0.1,0.542,0.516,3505.6,70.9,26.2,380.9,126.1,91.9,1.04,16.2,1.221,93.44,0.765,0.0,0.0,0.94,0.0,48.68,1,0.902,lubrication,0.94,none,46.83
113,HIGH_ALTITUDE,18191.0,-20.7,0.907,0.766,5351.7,51.6,28.7,651.7,193.7,71.7,3.9,22.21,0.723,26.4,0.765,0.0,0.0,0.0,0.0,85.8,0,0.038,healthy,0.0,none,96.94
114,DESERT_PATROL,8954.0,24.6,0.654,0.604,4056.6,59.8,25.5,499.9,173.3,93.1,2.31,18.9,1.291,46.86,0.765,0.0,0.0,0.0,0.0,58.42,1,0.314,sensor,0.46,drift,51.72
115,LOITER,4164.8,8.9,0.405,0.39,2828.2,67.5,19.9,288.2,104.8,72.8,1.76,12.37,0.821,116.3,0.765,0.0,0.0,0.0,0.0,75.83,0,0.216,sensor,0.2,spike,83.89
116,HIGH_ALTITUDE,15700.3,-16.2,0.702,0.608,3991.7,30.8,13.0,612.5,180.7,67.6,2.83,36.99,4.031,37.84,0.406,0.494,0.0,0.0,0.494,27.6,1,0.861,combustion,0.99,none,21.17
117,LOITER,6687.9,6.1,0.448,0.422,3033.4,63.7,20.2,323.0,111.4,72.6,1.94,13.24,0.941,108.75,0.765,0.0,0.0,0.0,0.0,87.5,0,0.086,healthy,0.0,none,97.86
118,ISR,5159.0,2.5,0.819,0.782,4870.4,77.7,39.7,588.4,189.0,86.4,3.09,24.93,0.897,30.61,0.765,0.0,0.0,0.0,0.0,83.27,0,0.11,healthy,0.0,none,92.64
119,LOITER,5087.9,7.3,0.576,0.551,3696.5,71.6,27.7,414.7,141.1,98.2,1.05,17.53,1.279,79.9,0.765,0.0,0.0,0.923,0.0,49.14,1,0.823,lubrication,0.92,none,45.67
120,DESERT_PATROL,10744.7,5.8,0.713,0.647,4372.7,60.5,27.5,516.6,169.7,83.1,2.83,20.02,1.186,49.4,0.765,0.0,0.0,0.0,0.0,87.01,0,0.199,healthy,0.0,none,100.37
121,DESERT_PATROL,1867.6,37.5,0.839,0.826,4997.5,78.2,40.9,639.5,224.0,109.5,2.44,26.47,0.846,-2.2,0.765,0.0,0.0,0.0,0.0,62.94,0,0.072,healthy,0.0,none,64.02
122,DESERT_PATROL,9054.6,18.3,0.708,0.653,4334.6,61.8,27.9,531.4,179.3,91.2,2.57,20.13,1.154,40.4,0.765,0.0,0.0,0.0,0.0,82.54,0,0.224,healthy,0.0,none,94.0
123,ISR,13782.9,-10.8,0.512,0.452,3355.1,53.3,18.7,357.6,121.8,64.3,2.38,13.55,1.126,98.03,0.765,0.0,0.527,0.0,0.0,56.25,1,0.464,cooling,0.53,none,52.67
124,DESERT_PATROL,1731.8,34.0,0.686,0.676,4202.6,76.7,34.2,514.9,185.1,100.8,2.23,21.95,1.236,34.17,0.765,0.0,0.0,0.0,0.0,70.98,0,0.248,healthy,0.0,none,79.58
125,HIGH_ALTITUDE,18478.1,-21.5,0.87,0.732,4542.3,44.0,21.1,623.4,184.9,69.8,3.32,27.88,3.069,35.44,0.584,0.0,0.0,0.0,0.787,35.4,1,0.763,mechanical,0.79,none,31.3
126,LOITER,7252.9,3.1,0.573,0.538,3651.7,66.9,26.0,405.3,140.7,76.0,2.36,16.68,1.239,78.94,0.765,0.0,0.285,0.0,0.0,66.61,0,0.282,cooling,0.28,none,67.97
127,DESERT_PATROL,14213.1,3.9,0.805,0.707,4819.8,54.3,27.2,594.0,207.1,83.4,3.11,20.97,0.931,11.2,0.765,0.0,0.856,0.0,0.0,39.19,1,0.782,cooling,0.86,none,35.05
128,TRANSIT,13269.5,-12.0,0.791,0.701,4758.4,59.6,29.7,564.0,174.3,73.9,3.39,20.96,0.986,46.23,0.765,0.0,0.0,0.0,0.0,86.3,0,0.246,healthy,0.0,none,99.1
129,ISR,2737.7,8.4,0.632,0.617,3955.5,79.4,33.0,452.8,153.2,82.8,2.52,19.99,1.293,67.41,0.765,0.0,0.0,0.0,0.0,83.63,0,0.213,healthy,0.0,none,93.1
130,LOITER,6163.1,1.5,0.586,0.555,3754.0,70.5,27.6,410.7,136.9,76.4,2.43,17.29,1.265,82.26,0.765,0.0,0.0,0.0,0.0,83.04,0,0.035,healthy,0.0,none,94.82
131,TRANSIT,8103.6,5.0,0.52,0.484,3338.6,56.2,19.7,391.0,131.0,75.6,2.16,16.87,1.706,88.22,0.672,0.11,0.0,0.0,0.11,67.61,0,0.161,combustion,0.22,none,76.84
132,TRANSIT,1015.4,12.8,0.556,0.551,3418.8,60.7,21.9,425.2,145.3,82.0,2.1,26.2,2.721,72.4,0.55,0.27,0.0,0.0,0.27,42.16,1,0.425,combustion,0.54,none,38.51
133,DESERT_PATROL,11405.2,14.7,0.577,0.521,3676.4,54.8,21.0,435.3,148.9,82.0,2.29,15.93,1.252,71.81,0.765,0.0,0.0,0.0,0.0,76.26,0,0.055,healthy,0.0,none,82.68
134,LOITER,6656.4,0.8,0.582,0.549,3710.5,69.3,27.1,412.5,135.6,75.2,2.47,17.3,1.312,83.68,0.765,0.0,0.0,0.0,0.0,84.35,0,0.187,healthy,0.0,none,100.82
135,TRANSIT,4196.6,2.9,0.511,0.493,3371.4,73.2,25.5,356.7,122.8,93.4,0.92,15.46,1.12,98.12,0.765,0.0,0.0,0.975,0.0,48.76,1,0.949,lubrication,0.97,none,47.98
136,DESERT_PATROL,3304.9,28.1,0.659,0.64,4112.6,73.2,31.7,495.2,175.7,95.3,2.25,20.63,1.282,44.68,0.765,0.0,0.0,0.0,0.0,78.9,0,0.088,healthy,0.0,none,87.7
137,ISR,10109.6,-9.0,0.587,0.536,3734.3,55.8,21.9,436.1,136.3,68.7,2.62,17.25,1.295,83.28,0.677,0.329,0.0,0.0,0.0,63.33,1,0.229,injector,0.33,none,69.72
138,TRANSIT,12963.4,-11.5,0.609,0.541,3860.9,57.3,23.3,429.4,133.0,67.6,2.73,16.31,1.28,86.67,0.765,0.0,0.0,0.0,0.0,85.73,0,0.13,healthy,0.0,none,98.15
139,HIGH_ALTITUDE,21949.8,-31.4,0.915,0.743,5371.6,46.1,25.8,652.7,184.4,64.0,4.26,21.12,0.713,32.79,0.765,0.0,0.0,0.0,0.0,74.07,0,0.053,healthy,0.0,none,81.08
140,LOITER,6512.3,-0.5,0.512,0.483,3379.8,68.0,24.0,360.0,119.9,71.3,2.22,14.92,1.133,100.26,0.765,0.0,0.0,0.0,0.0,88.5,0,0.038,healthy,0.0,none,102.49
141,TRANSIT,15662.0,-13.3,0.57,0.494,3644.3,51.1,19.5,392.9,123.0,64.3,2.59,14.7,1.275,96.19,0.765,0.0,0.0,0.0,0.0,81.78,0,0.239,healthy,0.0,none,94.04
142,DESERT_PATROL,11597.1,21.2,0.511,0.46,3345.2,51.7,18.2,396.5,136.3,83.3,1.97,14.08,1.109,81.01,0.765,0.0,0.0,0.0,0.0,56.56,1,0.762,sensor,0.83,freeze,57.55
143,TRANSIT,12757.5,-7.4,0.668,0.595,4164.4,58.0,25.1,473.9,150.5,71.8,2.93,17.86,1.259,69.94,0.765,0.0,0.0,0.0,0.0,88.03,0,0.121,healthy,0.0,none,103.62
144,LOITER,3797.7,12.2,0.574,0.556,3674.3,73.8,28.2,419.6,143.8,81.7,2.26,17.85,1.214,76.48,0.765,0.0,0.0,0.0,0.0,73.45,0,0.097,healthy,0.0,none,81.92
145,HIGH_ALTITUDE,16616.7,-19.6,0.705,0.605,3682.0,43.3,16.6,493.9,150.8,65.6,2.66,25.95,3.74,71.17,0.536,0.0,0.0,0.0,0.997,35.72,1,0.899,mechanical,1.0,none,31.84
146,TRANSIT,7048.9,-3.0,0.577,0.542,3680.2,47.4,18.3,471.1,153.2,72.7,2.47,20.43,1.263,69.21,0.525,0.895,0.0,0.0,0.0,47.11,1,0.787,injector,0.89,none,47.9
147,LOITER,6143.8,5.5,0.547,0.518,3477.5,60.8,22.1,416.1,137.8,76.5,2.21,19.07,1.814,82.68,0.667,0.116,0.0,0.0,0.116,65.33,0,0.22,combustion,0.23,none,72.14
148,LOITER,3147.0,13.3,0.479,0.466,3178.9,72.2,24.3,349.7,146.1,79.1,1.93,15.1,1.058,73.48,0.765,0.0,0.994,0.0,0.0,48.84,1,0.976,cooling,0.99,none,44.6
149,HIGH_ALTITUDE,21229.7,-31.1,0.858,0.702,5102.1,47.0,25.1,603.4,172.4,79.3,2.06,20.13,0.797,45.62,0.765,0.0,0.0,0.821,0.0,50.11,1,0.822,lubrication,0.82,none,44.25
150,TRANSIT,4563.1,6.9,0.84,0.807,5018.3,78.5,40.9,591.7,197.2,90.4,3.0,25.67,0.858,22.37,0.765,0.0,0.0,0.0,0.0,62.07,0,0.236,sensor,0.28,spike,66.87
151,ISR,10939.3,-15.2,0.533,0.483,3459.7,40.3,14.6,443.3,132.8,62.8,2.46,27.18,1.196,86.7,0.504,0.976,0.0,0.0,0.0,45.57,1,0.918,injector,0.98,none,39.46
152,ISR,12602.1,-10.1,0.546,0.487,3514.1,56.5,20.9,382.0,120.2,65.8,2.48,14.64,1.227,99.56,0.765,0.0,0.0,0.0,0.0,87.42,0,0.059,healthy,0.0,none,102.19
153,TRANSIT,7731.7,-0.8,0.734,0.686,4221.2,46.0,20.5,598.5,191.7,79.7,2.78,37.5,3.299,31.2,0.474,0.383,0.0,0.0,0.383,29.34,1,0.632,combustion,0.77,none,23.32
154,ISR,10083.1,-6.0,0.625,0.571,3924.6,43.8,18.1,508.8,158.9,72.2,2.75,20.87,1.276,60.86,0.531,0.875,0.0,0.0,0.0,48.07,1,0.806,injector,0.88,none,50.2
155,LOITER,5699.5,0.0,0.407,0.387,2839.8,65.9,19.6,281.5,96.7,67.1,1.82,12.05,0.831,123.14,0.765,0.0,0.0,0.0,0.0,89.21,0,0.044,healthy,0.0,none,105.34
156,HIGH_ALTITUDE,15415.7,-12.8,0.737,0.64,4445.7,54.2,25.4,518.6,162.8,82.7,2.04,18.77,1.164,58.49,0.765,0.0,0.0,0.591,0.0,54.73,1,0.549,lubrication,0.59,none,52.2
157,DESERT_PATROL,3153.1,32.3,0.829,0.807,4979.2,75.7,39.1,635.5,215.6,105.4,2.52,25.96,0.864,3.91,0.765,0.0,0.0,0.0,0.0,68.97,0,0.188,healthy,0.0,none,72.67
158,TRANSIT,10924.5,-8.4,0.843,0.764,5010.9,65.2,34.1,612.2,187.6,80.0,3.43,23.5,0.818,32.5,0.765,0.0,0.0,0.0,0.0,86.22,0,0.076,healthy,0.0,none,99.52
159,ISR,1455.8,12.6,0.826,0.816,4929.8,65.5,33.8,642.9,210.2,93.6,2.83,29.98,0.894,7.83,0.583,0.68,0.0,0.0,0.0,36.88,1,0.654,injector,0.68,none,38.26
160,LOITER,3796.4,9.9,0.521,0.504,2981.4,62.5,19.6,373.8,131.8,78.0,1.78,21.69,2.998,90.12,0.575,0.0,0.0,0.0,0.826,37.83,1,0.723,mechanical,0.83,none,38.75
161,LOITER,6252.6,4.0,0.553,0.523,3568.7,68.7,25.6,396.1,131.8,93.3,1.11,16.5,1.229,87.45,0.765,0.0,0.0,0.846,0.0,50.23,1,0.798,lubrication,0.85,none,50.93
162,HIGH_ALTITUDE,23689.0,-29.0,0.794,0.633,4760.7,41.4,20.6,553.7,161.8,60.8,3.79,17.61,0.98,57.79,0.765,0.0,0.0,0.0,0.0,90.27,0,0.16,healthy,0.0,none,101.05
163,DESERT_PATROL,6706.3,24.4,0.692,0.652,4251.9,65.9,29.7,529.9,181.0,93.9,2.43,20.11,1.235,39.44,0.765,0.0,0.0,0.0,0.0,80.11,0,0.059,healthy,0.0,none,96.68
164,TRANSIT,12390.2,-7.7,0.675,0.603,4113.5,52.7,22.6,504.8,154.9,71.9,2.86,20.21,1.937,62.93,0.672,0.11,0.0,0.0,0.11,66.99,0,0.201,combustion,0.22,none,67.81
165,TRANSIT,8899.4,-7.2,0.586,0.541,3716.4,65.6,25.6,398.3,130.8,86.2,1.31,16.89,1.308,88.97,0.765,0.0,0.0,0.812,0.0,50.22,1,0.76,lubrication,0.81,none,51.57
166,HIGH_ALTITUDE,20212.3,-22.3,0.906,0.749,5337.9,47.7,26.7,651.3,192.8,70.7,3.94,21.87,0.703,27.59,0.765,0.0,0.0,0.0,0.0,74.0,0,0.171,healthy,0.0,none,80.64
167,HIGH_ALTITUDE,15602.7,-18.2,0.934,0.809,5102.8,53.1,28.4,674.7,200.6,75.8,3.64,27.47,1.903,19.0,0.667,0.0,0.0,0.0,0.428,44.5,1,0.371,mechanical,0.43,none,44.8
168,HIGH_ALTITUDE,20809.3,-28.1,0.722,0.594,4401.4,45.9,21.1,502.5,153.8,59.4,3.44,16.92,1.161,66.61,0.765,0.0,0.418,0.0,0.0,62.11,1,0.327,cooling,0.42,none,63.93
169,HIGH_ALTITUDE,16232.2,-18.8,0.915,0.788,5362.5,55.6,31.1,656.8,197.6,74.1,3.88,23.27,0.698,23.53,0.765,0.0,0.0,0.0,0.0,78.86,0,0.063,healthy,0.0,none,89.67
170,LOITER,5122.6,3.5,0.417,0.399,2881.5,67.0,20.3,288.8,102.1,74.4,1.57,12.64,0.85,117.99,0.765,0.0,0.0,0.202,0.0,74.27,0,0.239,lubrication,0.2,none,82.26
171,LOITER,4140.4,13.6,0.442,0.427,2998.9,68.1,21.5,318.9,124.4,77.7,1.79,13.63,0.945,95.67,0.765,0.0,0.489,0.0,0.0,57.58,1,0.449,cooling,0.49,none,59.35
172,ISR,4553.1,8.4,0.773,0.743,4656.1,77.0,37.4,557.9,182.1,87.4,2.89,23.43,1.018,35.81,0.765,0.0,0.0,0.0,0.0,81.35,0,0.042,healthy,0.0,none,90.07
173,LOITER,3748.5,6.2,0.485,0.469,3216.9,63.1,21.3,373.9,127.0,75.0,2.06,18.76,1.027,93.39,0.665,0.373,0.0,0.0,0.0,60.97,1,0.307,injector,0.37,none,66.74
174,HIGH_ALTITUDE,17319.5,-14.4,0.798,0.679,4806.8,51.2,25.6,564.6,173.8,72.4,3.48,19.94,0.95,45.86,0.765,0.0,0.0,0.0,0.0,70.78,1,0.303,sensor,0.31,noise,74.25
175,HIGH_ALTITUDE,19427.2,-20.3,0.811,0.676,4853.6,48.1,24.5,577.0,172.8,68.0,3.66,20.0,0.882,47.32,0.765,0.0,0.0,0.0,0.0,63.26,1,0.57,sensor,0.66,freeze,63.92
176,DESERT_PATROL,14412.9,7.3,0.567,0.497,3642.1,49.7,19.1,420.2,141.0,77.2,2.36,14.98,1.192,79.72,0.765,0.0,0.0,0.0,0.0,86.56,0,0.036,healthy,0.0,none,97.19
177,DESERT_PATROL,2049.0,28.8,0.724,0.711,4434.6,77.9,35.7,538.9,188.6,111.9,1.4,23.01,1.191,30.28,0.765,0.0,0.0,0.626,0.0,46.87,1,0.505,lubrication,0.63,none,41.11
178,TRANSIT,15912.1,-11.5,0.732,0.632,4458.3,52.8,24.6,521.4,159.8,71.7,3.11,18.78,1.112,58.51,0.765,0.0,0.0,0.0,0.0,60.76,1,0.606,sensor,0.65,noise,63.12
179,ISR,3557.2,9.1,0.643,0.624,4030.7,77.1,32.4,461.6,155.2,83.3,2.54,20.03,1.285,64.06,0.765,0.0,0.0,0.0,0.0,81.36,0,0.02,healthy,0.0,none,84.76
180,LOITER,7870.8,-2.1,0.404,0.377,2722.1,49.6,14.3,321.0,105.8,66.5,1.75,14.26,1.936,114.27,0.604,0.197,0.0,0.0,0.197,51.91,1,0.323,combustion,0.39,none,51.99
181,TRANSIT,12818.5,-9.9,0.803,0.714,4816.4,60.3,30.5,572.8,178.3,75.9,3.35,21.28,0.942,42.09,0.765,0.0,0.0,0.0,0.0,89.82,0,0.047,healthy,0.0,none,111.76
182,TRANSIT,6125.1,-0.8,0.633,0.6,3947.4,72.3,30.0,449.9,146.5,86.6,1.76,18.66,1.272,73.83,0.765,0.0,0.0,0.518,0.0,55.55,1,0.43,lubrication,0.52,none,62.35
183,HIGH_ALTITUDE,22862.8,-33.7,0.844,0.678,4889.6,36.5,18.5,620.1,178.3,60.3,3.94,22.88,1.85,42.05,0.614,0.183,0.0,0.0,0.183,57.77,1,0.308,combustion,0.37,none,62.3
184,TRANSIT,14020.9,-14.8,0.782,0.688,4692.7,58.4,28.7,554.8,169.0,73.0,3.33,20.63,0.979,50.46,0.765,0.0,0.0,0.0,0.0,91.08,0,0.06,healthy,0.0,none,109.25
185,TRANSIT,4354.2,8.5,0.835,0.804,4281.3,66.5,29.9,604.7,200.4,91.1,2.53,35.18,3.428,22.2,0.561,0.0,0.0,0.0,0.89,25.62,1,0.807,mechanical,0.89,none,20.36
186,DESERT_PATROL,5763.0,29.3,0.833,0.792,4976.9,69.4,35.9,632.8,218.0,103.3,2.6,24.89,0.864,0.43,0.765,0.0,0.255,0.0,0.0,51.5,0,0.232,cooling,0.25,none,52.23
187,LOITER,4559.1,3.2,0.501,0.482,3186.5,69.4,23.3,350.1,121.7,74.0,2.06,16.23,1.554,99.97,0.716,0.0,0.0,0.0,0.214,69.86,0,0.186,mechanical,0.21,none,70.31
188,HIGH_ALTITUDE,20644.4,-22.1,0.748,0.616,4538.5,45.4,21.6,527.6,156.9,64.0,3.44,17.78,1.071,62.88,0.765,0.0,0.0,0.0,0.0,89.15,0,0.193,healthy,0.0,none,98.87
189,HIGH_ALTITUDE,16706.6,-15.4,0.719,0.616,4394.8,51.7,23.7,506.7,157.0,68.6,3.17,18.21,1.16,64.59,0.765,0.0,0.0,0.0,0.0,71.88,0,0.3,sensor,0.28,noise,82.69
190,LOITER,7983.5,-5.4,0.563,0.524,3384.9,41.1,14.6,469.4,147.7,70.1,2.26,31.21,3.596,71.67,0.439,0.439,0.0,0.0,0.439,32.41,1,0.836,combustion,0.88,none,30.37
191,DESERT_PATROL,6313.5,24.3,0.684,0.647,4206.6,66.8,29.5,517.9,177.2,93.3,2.38,20.16,1.224,41.35,0.765,0.0,0.0,0.0,0.0,80.61,0,0.242,healthy,0.0,none,88.97
192,DESERT_PATROL,1287.9,33.9,0.591,0.584,3764.2,75.7,29.9,449.7,168.0,96.4,2.01,18.75,1.326,55.24,0.765,0.0,0.0,0.0,0.0,83.99,0,0.069,healthy,0.0,none,95.6
193,HIGH_ALTITUDE,17658.5,-18.2,0.862,0.731,4636.3,46.8,22.7,616.4,183.9,72.5,3.37,26.0,2.388,34.67,0.629,0.0,0.0,0.0,0.591,43.62,1,0.509,mechanical,0.59,none,38.15
194,LOITER,6258.6,5.6,0.562,0.532,3623.8,68.6,26.0,406.2,134.4,77.4,2.35,16.51,1.242,84.04,0.765,0.0,0.0,0.0,0.0,75.95,0,0.051,healthy,0.0,none,84.88
195,ISR,10880.4,-5.6,0.83,0.753,4922.5,64.4,33.5,593.9,186.7,80.5,3.31,22.91,0.862,32.9,0.765,0.0,0.0,0.0,0.0,78.89,0,0.21,healthy,0.0,none,87.67
196,TRANSIT,6795.2,2.6,0.658,0.619,3886.6,66.6,26.9,470.4,152.5,79.6,2.51,21.48,2.14,65.39,0.692,0.0,0.0,0.0,0.32,57.59,1,0.275,mechanical,0.32,none,58.84
197,DESERT_PATROL,1717.5,39.2,0.513,0.506,3369.3,70.9,25.0,404.6,152.7,101.2,1.45,16.48,1.141,67.51,0.765,0.0,0.0,0.257,0.0,70.07,0,0.191,lubrication,0.26,none,79.46
198,LOITER,4748.5,2.5,0.555,0.532,3582.9,73.2,27.3,394.5,131.9,75.1,2.35,17.01,1.267,88.71,0.765,0.0,0.0,0.0,0.0,85.89,0,0.172,healthy,0.0,none,100.08
199,TRANSIT,1314.2,14.2,0.529,0.523,3451.5,78.8,28.4,382.0,133.5,82.2,2.1,16.96,1.176,85.43,0.765,0.0,0.0,0.0,0.0,87.34,0,0.048,healthy,0.0,none,104.57
200,LOITER,6873.2,-0.4,0.529,0.498,3279.9,64.3,22.2,369.1,123.7,72.5,2.12,16.95,1.763,96.32,0.696,0.0,0.0,0.0,0.3,61.75,1,0.272,mechanical,0.3,none,61.09
201,DESERT_PATROL,9736.3,18.6,0.762,0.698,4603.8,60.9,29.3,577.4,191.2,97.4,2.26,21.6,1.072,27.9,0.765,0.0,0.0,0.235,0.0,62.88,0,0.223,lubrication,0.23,none,62.93
202,ISR,6582.5,8.1,0.651,0.614,4068.8,69.2,29.4,473.8,156.3,82.8,2.53,19.5,1.316,62.2,0.765,0.0,0.0,0.0,0.0,54.84,1,0.793,sensor,0.94,noise,55.59
203,DESERT_PATROL,5288.6,27.6,0.786,0.75,4737.5,54.7,26.9,643.8,217.1,100.8,2.54,26.5,0.967,3.3,0.595,0.635,0.0,0.0,0.0,35.68,1,0.51,injector,0.64,none,33.25
204,LOITER,3269.3,6.0,0.464,0.451,2971.2,69.3,21.5,331.5,115.1,73.3,1.86,16.23,1.71,105.99,0.689,0.0,0.0,0.0,0.332,59.33,1,0.344,mechanical,0.33,none,62.08
205,HIGH_ALTITUDE,24651.3,-35.8,0.822,0.648,4914.4,41.1,21.0,567.9,163.2,57.3,3.97,18.24,0.87,57.02,0.765,0.0,0.0,0.0,0.0,93.66,0,0.115,healthy,0.0,none,112.61
206,HIGH_ALTITUDE,17975.5,-18.0,0.841,0.712,4731.8,34.7,17.3,660.5,199.3,71.0,3.41,29.82,2.996,21.29,0.493,0.355,0.0,0.0,0.355,28.97,1,0.607,combustion,0.71,none,25.41
207,TRANSIT,9370.6,-1.9,0.784,0.721,4729.3,66.8,33.1,557.7,179.6,81.3,3.11,22.32,0.98,40.49,0.765,0.0,0.0,0.0,0.0,85.81,0,0.222,healthy,0.0,none,99.37
208,TRANSIT,4060.5,9.1,0.694,0.67,4234.0,76.8,34.2,505.3,163.7,85.4,2.68,21.31,1.195,52.69,0.765,0.0,0.0,0.0,0.0,85.65,0,0.2,healthy,0.0,none,102.46
209,LOITER,5620.8,4.8,0.57,0.542,3627.0,70.6,27.1,409.7,136.7,76.8,2.34,16.98,1.276,83.26,0.765,0.0,0.0,0.0,0.0,80.79,0,0.194,healthy,0.0,none,91.9
210,LOITER,4634.7,8.0,0.43,0.413,2829.1,51.7,15.3,357.5,119.7,74.0,1.75,16.78,2.196,99.13,0.562,0.254,0.0,0.0,0.254,46.31,1,0.439,combustion,0.51,none,47.74
211,HIGH_ALTITUDE,16378.2,-15.6,0.866,0.744,5130.3,54.1,28.9,613.8,185.3,74.0,3.62,21.81,0.764,31.8,0.765,0.0,0.0,0.0,0.0,86.58,0,0.027,healthy,0.0,none,98.32
212,DESERT_PATROL,2394.9,28.8,0.706,0.691,3898.8,68.1,27.6,532.9,183.6,98.1,2.06,27.58,3.013,34.06,0.613,0.0,0.0,0.0,0.664,32.73,1,0.691,mechanical,0.66,none,33.76
213,TRANSIT,9990.5,-7.8,0.711,0.65,4085.4,41.5,17.7,574.0,177.8,74.5,2.76,36.54,3.579,41.87,0.454,0.414,0.0,0.0,0.414,31.56,1,0.764,combustion,0.83,none,29.64
214,HIGH_ALTITUDE,19402.0,-21.4,0.737,0.614,4495.0,47.6,22.1,517.4,154.7,64.9,3.46,17.57,1.15,64.98,0.765,0.0,0.0,0.0,0.0,90.51,0,0.04,healthy,0.0,none,106.85
215,HIGH_ALTITUDE,22665.9,-34.0,0.883,0.712,5241.7,45.0,24.5,622.2,178.2,61.5,4.19,20.09,0.734,41.99,0.765,0.0,0.0,0.0,0.0,91.75,0,0.167,healthy,0.0,none,103.3
216,LOITER,4919.2,5.2,0.514,0.493,3363.7,54.6,19.3,412.5,138.7,75.5,2.17,23.06,1.135,81.68,0.59,0.652,0.0,0.0,0.0,51.88,1,0.623,injector,0.65,none,56.16
217,DESERT_PATROL,11465.1,9.8,0.825,0.744,4608.3,37.3,18.2,709.1,220.2,89.1,2.81,41.84,3.279,-0.89,0.45,0.421,0.0,0.0,0.421,14.68,1,0.784,combustion,0.84,none,6.4
218,TRANSIT,2209.0,2.0,0.755,0.74,4590.2,60.9,29.2,600.2,189.3,85.3,2.93,28.02,1.116,29.01,0.544,0.824,0.0,0.0,0.0,43.0,1,0.719,injector,0.82,none,39.02
219,ISR,12270.6,-9.6,0.73,0.653,4440.9,60.6,28.0,519.8,162.4,73.6,3.1,19.8,1.149,58.18,0.765,0.0,0.0,0.0,0.0,88.13,0,0.228,healthy,0.0,none,101.21
220,TRANSIT,5079.2,9.4,0.766,0.732,4636.8,75.1,36.4,544.0,183.9,88.4,2.87,23.11,1.064,36.38,0.765,0.0,0.0,0.0,0.0,82.9,0,0.028,healthy,0.0,none,93.23
221,LOITER,6098.5,-1.0,0.512,0.486,3369.4,69.2,24.6,355.5,120.2,70.9,2.24,15.4,1.143,100.67,0.765,0.0,0.0,0.0,0.0,56.2,1,0.773,sensor,0.92,drift,57.78
222,DESERT_PATROL,1783.9,34.1,0.647,0.637,4016.2,75.7,31.8,490.7,200.9,99.4,2.13,20.4,1.313,20.02,0.765,0.0,0.984,0.0,0.0,35.68,1,0.908,cooling,0.98,none,29.32
223,DESERT_PATROL,9480.0,15.0,0.662,0.609,4147.1,60.7,25.9,496.2,167.5,86.2,2.46,18.66,1.252,53.14,0.765,0.0,0.0,0.0,0.0,86.78,0,0.072,healthy,0.0,none,100.84
224,TRANSIT,2332.6,11.5,0.739,0.725,4500.3,82.1,38.6,534.6,178.2,89.4,2.74,23.34,1.137,41.44,0.765,0.0,0.0,0.0,0.0,83.19,0,0.145,healthy,0.0,none,94.57
225,ISR,9153.1,-6.3,0.529,0.487,3428.5,63.3,22.6,360.1,118.9,68.1,2.34,15.04,1.171,100.91,0.765,0.0,0.0,0.0,0.0,75.64,0,0.215,healthy,0.0,none,74.7
226,TRANSIT,2463.4,15.0,0.802,0.785,4814.4,81.8,41.1,585.1,193.6,94.4,2.82,25.42,0.941,24.78,0.765,0.0,0.0,0.0,0.0,75.05,0,0.046,healthy,0.0,none,81.84
227,HIGH_ALTITUDE,19592.4,-25.7,0.713,0.593,4371.1,47.7,21.9,495.3,146.7,61.3,3.41,17.14,1.211,73.97,0.765,0.0,0.0,0.0,0.0,90.76,0,0.096,healthy,0.0,none,107.6
228,LOITER,5596.9,2.8,0.441,0.42,2988.6,66.9,21.0,312.4,123.5,70.0,1.92,13.34,0.914,96.76,0.765,0.0,0.801,0.0,0.0,52.74,1,0.746,cooling,0.8,none,57.72
229,HIGH_ALTITUDE,24092.2,-26.6,0.835,0.662,4957.8,40.7,21.2,590.1,173.7,63.9,3.9,18.69,0.854,46.55,0.765,0.0,0.0,0.0,0.0,65.46,1,0.426,sensor,0.5,freeze,72.61
230,HIGH_ALTITUDE,19410.7,-19.6,0.749,0.624,4545.4,47.4,22.5,530.4,159.4,66.6,3.43,18.05,1.081,60.79,0.765,0.0,0.0,0.0,0.0,90.36,0,0.168,healthy,0.0,none,103.06
231,TRANSIT,3369.3,6.4,0.744,0.722,4520.4,80.5,38.0,540.9,174.9,104.9,1.25,23.14,1.166,44.44,0.765,0.0,0.0,0.918,0.0,47.25,1,0.877,lubrication,0.92,none,45.36
232,LOITER,4010.1,3.2,0.437,0.422,2789.6,44.0,13.0,380.2,126.2,71.0,1.77,25.06,3.141,94.58,0.445,0.428,0.0,0.0,0.428,32.8,1,0.821,combustion,0.86,none,26.29
233,HIGH_ALTITUDE,23824.2,-30.6,0.901,0.717,5293.1,42.3,23.6,636.1,183.8,64.2,4.17,20.14,0.721,34.98,0.765,0.0,0.0,0.0,0.0,74.0,0,0.174,healthy,0.0,none,81.15
234,DESERT_PATROL,5845.2,20.5,0.849,0.806,5028.6,71.5,37.7,634.5,212.5,98.8,2.79,25.56,0.803,8.38,0.765,0.0,0.0,0.0,0.0,67.45,0,0.068,healthy,0.0,none,69.61
235,DESERT_PATROL,15601.9,1.7,0.618,0.535,3896.9,39.3,15.9,501.2,160.5,76.1,2.56,17.48,1.283,60.91,0.611,0.577,0.0,0.0,0.0,52.88,1,0.507,injector,0.58,none,51.93
236,DESERT_PATROL,4814.8,33.2,0.787,0.754,4523.5,67.1,31.8,596.2,208.7,103.9,2.33,26.32,1.856,11.75,0.698,0.0,0.0,0.0,0.29,46.38,0,0.274,mechanical,0.29,none,42.82
237,HIGH_ALTITUDE,16419.7,-12.7,0.787,0.676,4738.3,52.6,26.3,555.3,171.8,72.2,3.39,19.91,0.977,46.99,0.765,0.0,0.0,0.0,0.0,60.71,1,0.695,sensor,0.79,noise,63.94
238,HIGH_ALTITUDE,15311.2,-15.4,0.885,0.769,5235.5,56.7,31.0,627.9,191.0,75.4,3.73,22.48,0.741,27.66,0.765,0.0,0.0,0.0,0.0,84.79,0,0.021,healthy,0.0,none,94.07
239,LOITER,4135.9,8.3,0.567,0.547,3628.2,73.7,28.0,405.0,138.7,79.7,2.31,17.59,1.244,81.18,0.765,0.0,0.0,0.0,0.0,82.52,0,0.18,healthy,0.0,none,87.66
240,DESERT_PATROL,1497.8,33.9,0.606,0.599,3716.1,61.7,24.0,510.0,180.4,97.9,2.0,25.19,2.338,40.79,0.607,0.193,0.0,0.0,0.193,45.44,1,0.362,combustion,0.39,none,45.28
241,HIGH_ALTITUDE,15001.9,-19.4,0.742,0.647,4502.6,56.6,26.8,512.2,157.1,67.2,3.35,19.12,1.093,63.03,0.765,0.0,0.0,0.0,0.0,90.71,0,0.05,healthy,0.0,none,101.43
242,HIGH_ALTITUDE,24768.0,-35.6,0.728,0.573,4446.1,40.0,18.5,508.2,164.4,54.5,3.46,15.82,1.193,55.96,0.765,0.0,0.973,0.0,0.0,53.16,1,0.871,cooling,0.97,none,53.94
243,HIGH_ALTITUDE,23260.4,-33.1,0.875,0.7,4420.6,36.2,16.8,614.7,175.8,61.5,3.47,27.65,3.491,43.12,0.542,0.0,0.0,0.0,0.97,37.39,1,0.826,mechanical,0.97,none,36.66
244,ISR,5222.8,5.7,0.805,0.769,4804.4,65.9,32.9,607.9,197.3,88.5,2.97,26.0,0.944,22.58,0.66,0.394,0.0,0.0,0.0,50.7,1,0.322,injector,0.39,none,49.56
245,ISR,13368.0,-12.4,0.526,0.466,3417.8,54.8,19.7,362.3,114.4,63.9,2.47,13.73,1.145,105.77,0.765,0.0,0.0,0.0,0.0,82.42,0,0.158,healthy,0.0,none,92.26
246,ISR,15835.4,-14.0,0.719,0.622,4402.1,53.3,24.4,512.5,157.2,69.5,3.13,18.32,1.187,63.43,0.765,0.0,0.0,0.0,0.0,59.62,1,0.671,sensor,0.84,drift,59.77
247,TRANSIT,9600.2,-6.4,0.731,0.67,4280.8,63.6,28.6,517.9,160.4,75.8,2.95,22.41,1.844,56.09,0.702,0.0,0.0,0.0,0.275,65.36,0,0.212,mechanical,0.28,none,69.83
248,ISR,1970.3,13.0,0.835,0.82,4989.2,84.5,43.6,604.7,201.1,94.9,2.91,26.97,0.867,19.51,0.765,0.0,0.0,0.0,0.0,74.76,0,0.039,healthy,0.0,none,81.99
249,ISR,6112.2,5.5,0.558,0.528,3600.7,68.9,25.8,402.8,134.4,77.5,2.33,16.98,1.215,85.15,0.765,0.0,0.0,0.0,0.0,76.07,0,0.122,healthy,0.0,none,85.83
250,LOITER,3521.1,11.6,0.477,0.463,3179.8,71.5,23.9,341.5,119.3,77.6,1.97,14.73,1.065,98.38,0.765,0.0,0.0,0.0,0.0,60.47,1,0.443,sensor,0.41,noise,64.23
251,ISR,5034.4,5.4,0.642,0.615,4015.3,73.9,31.0,462.4,153.3,89.9,1.86,19.56,1.305,66.95,0.765,0.0,0.0,0.421,0.0,56.62,1,0.356,lubrication,0.42,none,53.07
252,HIGH_ALTITUDE,19474.7,-23.8,0.819,0.682,4774.6,47.2,23.5,576.8,171.9,66.8,3.63,20.99,1.422,48.64,0.718,0.0,0.0,0.0,0.204,75.35,0,0.238,mechanical,0.2,none,81.32
253,ISR,4277.6,4.8,0.639,0.615,3725.4,70.3,27.2,455.2,152.6,80.2,2.3,22.91,2.461,68.44,0.656,0.0,0.0,0.0,0.476,46.47,1,0.471,mechanical,0.48,none,47.54
254,DESERT_PATROL,11131.3,12.5,0.516,0.466,3143.0,49.8,16.3,386.6,133.6,78.8,1.92,16.8,2.181,87.4,0.647,0.0,0.0,0.0,0.516,49.31,1,0.374,mechanical,0.52,none,43.11
255,DESERT_PATROL,11710.5,19.1,0.713,0.641,4361.5,41.8,19.1,595.2,199.0,90.7,2.61,29.74,1.192,23.08,0.575,0.709,0.0,0.0,0.0,40.77,1,0.611,injector,0.71,none,37.81
256,TRANSIT,4850.4,3.6,0.733,0.702,4300.4,59.1,26.7,557.8,181.5,84.4,2.76,31.32,2.565,40.01,0.567,0.248,0.0,0.0,0.248,40.86,1,0.435,combustion,0.5,none,34.53
257,LOITER,7501.6,3.6,0.481,0.45,3218.5,63.5,21.3,344.5,116.2,72.1,2.1,13.92,1.033,103.46,0.765,0.0,0.0,0.0,0.0,84.17,0,0.169,healthy,0.0,none,93.48
258,HIGH_ALTITUDE,20936.6,-24.3,0.703,0.576,4172.7,37.6,16.4,524.2,152.6,61.4,3.23,19.44,2.218,66.64,0.626,0.169,0.0,0.0,0.169,57.09,1,0.315,combustion,0.34,none,61.9
259,DESERT_PATROL,1996.7,29.8,0.687,0.675,4243.1,77.0,34.3,515.9,180.4,98.6,2.31,21.79,1.196,37.57,0.765,0.0,0.0,0.0,0.0,80.62,0,0.088,healthy,0.0,none,98.72
260,TRANSIT,14652.0,-15.5,0.783,0.684,4718.4,57.1,28.1,549.8,167.9,71.4,3.4,20.3,1.011,50.73,0.765,0.0,0.0,0.0,0.0,89.42,0,0.208,healthy,0.0,none,103.26
261,HIGH_ALTITUDE,19299.3,-25.2,0.868,0.725,5145.5,49.9,26.8,610.8,180.3,67.0,3.93,20.9,0.736,38.65,0.765,0.0,0.0,0.0,0.0,88.28,0,0.201,healthy,0.0,none,106.23
262,HIGH_ALTITUDE,19501.2,-24.4,0.845,0.704,5047.8,49.1,25.9,589.4,175.0,80.8,2.3,20.2,0.814,43.2,0.765,0.0,0.0,0.666,0.0,51.64,1,0.664,lubrication,0.67,none,45.84
263,LOITER,4964.9,1.4,0.505,0.484,2854.8,60.0,18.0,352.2,120.8,72.4,1.79,21.3,3.257,100.52,0.556,0.0,0.0,0.0,0.912,36.3,1,0.823,mechanical,0.91,none,29.24
264,DESERT_PATROL,8758.6,11.4,0.633,0.585,3984.8,62.6,25.9,460.9,158.2,82.8,2.48,18.08,1.274,62.91,0.765,0.0,0.0,0.0,0.0,80.49,0,0.157,healthy,0.0,none,94.16
265,LOITER,5798.4,3.9,0.421,0.4,2913.9,65.4,20.1,295.2,103.3,70.5,1.84,12.69,0.878,116.73,0.765,0.0,0.0,0.0,0.0,75.86,0,0.073,healthy,0.0,none,83.88
266,DESERT_PATROL,6763.1,18.2,0.514,0.484,3363.6,63.1,22.2,386.6,136.8,82.5,2.01,15.23,1.113,84.0,0.765,0.0,0.0,0.0,0.0,88.25,0,0.025,healthy,0.0,none,101.22
267,TRANSIT,14501.2,-8.9,0.541,0.473,3208.4,47.1,15.7,376.6,119.1,65.3,2.17,16.92,2.475,99.36,0.632,0.0,0.0,0.0,0.579,45.19,1,0.528,mechanical,0.58,none,42.69
268,ISR,15760.2,-16.5,0.601,0.52,3795.9,52.1,20.8,414.2,129.1,63.7,2.8,15.33,1.28,92.09,0.765,0.0,0.0,0.0,0.0,86.22,0,0.145,healthy,0.0,none,100.31
269,DESERT_PATROL,8168.2,20.7,0.686,0.638,4219.9,63.0,27.8,518.0,174.1,91.2,2.49,19.79,1.291,43.38,0.765,0.0,0.0,0.0,0.0,76.76,0,0.183,healthy,0.0,none,83.06
270,TRANSIT,1864.7,5.4,0.62,0.61,3574.1,75.0,28.2,436.7,147.0,80.7,2.24,23.91,2.616,72.89,0.638,0.0,0.0,0.0,0.555,44.17,1,0.537,mechanical,0.56,none,40.87
271,HIGH_ALTITUDE,22823.9,-23.2,0.884,0.711,5230.2,42.7,23.5,630.7,188.7,68.8,3.96,19.73,0.738,32.78,0.765,0.0,0.0,0.0,0.0,85.97,0,0.202,healthy,0.0,none,103.75
272,LOITER,7262.8,-0.2,0.542,0.508,3513.5,66.9,24.7,384.6,127.3,91.8,1.06,16.08,1.211,93.17,0.765,0.0,0.0,0.928,0.0,49.37,1,0.848,lubrication,0.93,none,53.25
273,LOITER,3189.9,6.6,0.549,0.534,3564.0,52.2,19.4,462.5,152.8,78.1,2.24,20.5,1.252,68.1,0.524,0.902,0.0,0.0,0.0,46.84,1,0.815,injector,0.9,none,45.9
274,LOITER,6773.1,1.5,0.498,0.469,3289.8,66.4,22.8,355.7,118.3,71.4,2.2,14.8,1.087,101.48,0.765,0.0,0.0,0.0,0.0,85.41,0,0.14,healthy,0.0,none,92.31
275,HIGH_ALTITUDE,20112.8,-19.0,0.823,0.681,4907.4,46.6,23.9,594.4,177.2,87.7,1.67,19.57,0.9,43.44,0.765,0.0,0.0,0.916,0.0,49.74,1,0.714,lubrication,0.92,none,43.27
276,LOITER,7032.9,-2.0,0.495,0.465,3282.5,66.5,22.8,345.9,115.3,69.9,2.19,14.66,1.079,105.06,0.765,0.0,0.0,0.0,0.0,88.03,0,0.027,healthy,0.0,none,99.29
277,DESERT_PATROL,14895.7,13.6,0.507,0.442,3353.7,46.5,16.3,377.8,146.5,77.4,2.08,13.11,1.066,74.05,0.765,0.0,0.706,0.0,0.0,54.04,1,0.623,cooling,0.71,none,57.16
278,ISR,5181.4,6.2,0.574,0.548,3645.6,71.6,27.7,413.0,140.1,99.1,0.96,17.36,1.294,81.28,0.765,0.0,0.0,0.998,0.0,47.34,1,0.946,lubrication,1.0,none,46.93
279,HIGH_ALTITUDE,22378.7,-31.2,0.909,0.734,4642.3,38.5,18.9,643.5,186.5,63.7,3.59,28.52,3.219,34.06,0.568,0.0,0.0,0.0,0.858,35.29,1,0.793,mechanical,0.86,none,31.52
280,HIGH_ALTITUDE,21136.0,-26.4,0.722,0.591,4409.8,45.0,20.9,504.3,146.9,60.5,3.49,17.08,1.147,72.25,0.765,0.0,0.0,0.0,0.0,64.72,1,0.348,sensor,0.42,noise,67.72
281,HIGH_ALTITUDE,20491.3,-20.4,0.858,0.707,5095.3,46.4,24.7,617.0,184.6,69.6,3.86,20.35,0.804,36.66,0.765,0.0,0.0,0.0,0.0,87.96,0,0.22,healthy,0.0,none,103.59
282,TRANSIT,2152.9,12.7,0.675,0.663,4182.0,80.9,35.6,490.4,163.7,87.1,2.56,21.43,1.215,54.49,0.765,0.0,0.0,0.0,0.0,87.24,0,0.113,healthy,0.0,none,103.3
283,LOITER,7317.0,-1.9,0.48,0.45,3214.9,65.2,22.0,333.3,112.0,69.6,2.12,13.95,1.032,108.2,0.765,0.0,0.0,0.0,0.0,88.14,0,0.154,healthy,0.0,none,100.42
284,ISR,9234.7,1.2,0.577,0.531,3665.3,62.6,24.2,414.7,135.6,74.4,2.4,16.3,1.265,83.87,0.765,0.0,0.0,0.0,0.0,81.05,0,0.219,healthy,0.0,none,89.88
285,TRANSIT,9788.0,-3.8,0.719,0.658,4415.2,65.1,30.2,509.6,162.8,78.0,2.98,20.16,1.175,56.41,0.765,0.0,0.0,0.0,0.0,83.97,0,0.209,healthy,0.0,none,94.15
286,LOITER,3714.4,7.6,0.555,0.537,3566.6,74.7,28.1,395.9,135.4,78.3,2.26,17.17,1.257,84.64,0.765,0.0,0.0,0.0,0.0,85.89,0,0.165,healthy,0.0,none,93.16
287,HIGH_ALTITUDE,17715.5,-18.0,0.801,0.679,4812.6,46.6,23.4,586.5,177.8,69.8,3.51,20.5,0.973,42.91,0.698,0.25,0.0,0.0,0.0,71.57,0,0.272,injector,0.25,none,80.16
288,DESERT_PATROL,14963.3,-0.9,0.789,0.688,4739.4,53.4,26.5,580.0,194.0,80.0,3.11,20.69,0.963,29.18,0.765,0.0,0.451,0.0,0.0,52.43,1,0.419,cooling,0.45,none,52.42
289,DESERT_PATROL,7335.8,17.2,0.632,0.592,3963.5,64.8,26.7,467.9,161.3,87.2,2.36,18.4,1.29,58.55,0.765,0.0,0.0,0.0,0.0,82.36,0,0.234,healthy,0.0,none,94.63
290,ISR,11557.9,-6.3,0.502,0.452,3303.7,48.5,16.8,381.8,122.4,66.3,2.3,17.69,1.088,97.63,0.652,0.423,0.0,0.0,0.0,57.14,1,0.34,injector,0.42,none,59.12
291,ISR,5470.8,1.8,0.537,0.512,3238.3,40.3,13.6,485.0,152.4,74.2,2.09,27.61,3.873,65.68,0.402,0.5,0.0,0.0,0.5,30.51,1,0.899,combustion,1.0,none,22.73
292,LOITER,7329.1,1.4,0.495,0.464,3258.7,59.4,20.3,367.6,124.0,71.0,2.13,14.95,1.078,97.15,0.7,0.242,0.0,0.0,0.0,70.96,0,0.176,injector,0.24,none,75.47
293,DESERT_PATROL,7237.0,23.7,0.752,0.705,4572.4,65.7,31.5,571.1,193.6,96.2,2.55,22.19,1.066,26.57,0.765,0.0,0.0,0.0,0.0,46.88,1,0.846,sensor,0.9,spike,47.09
294,DESERT_PATROL,5429.5,26.2,0.548,0.522,3145.2,57.2,18.9,417.7,150.4,88.0,1.73,21.25,2.862,69.97,0.594,0.0,0.0,0.0,0.746,39.44,1,0.712,mechanical,0.75,none,43.2
295,DESERT_PATROL,5311.1,17.1,0.629,0.6,3930.1,69.9,28.9,464.9,160.1,87.3,2.36,19.14,1.272,59.95,0.765,0.0,0.0,0.0,0.0,84.43,0,0.082,healthy,0.0,none,91.72
296,ISR,2865.5,5.9,0.645,0.629,4002.9,80.0,33.5,458.5,152.7,81.7,2.53,20.17,1.342,66.64,0.765,0.0,0.0,0.0,0.0,56.49,1,0.608,sensor,0.62,drift,54.27
297,ISR,15452.5,-19.1,0.682,0.591,4230.1,42.9,19.0,520.7,156.5,65.0,3.11,25.09,1.315,63.45,0.6,0.617,0.0,0.0,0.0,53.61,1,0.611,injector,0.62,none,52.65
298,DESERT_PATROL,6127.1,20.7,0.759,0.719,4512.7,62.6,29.8,581.2,199.1,95.3,2.61,24.85,1.658,22.31,0.68,0.101,0.0,0.0,0.101,57.98,0,0.23,combustion,0.2,none,55.02
299,LOITER,7235.3,1.2,0.405,0.38,2601.0,56.6,15.5,277.9,97.8,68.2,1.6,14.12,2.046,122.32,0.646,0.0,0.0,0.0,0.518,49.26,1,0.479,mechanical,0.52,none,46.61
300,ISR,15060.7,-15.4,0.711,0.619,4146.4,40.5,17.7,549.6,168.0,68.5,2.99,24.36,2.959,53.08,0.537,0.29,0.0,0.0,0.29,41.13,1,0.522,combustion,0.58,none,38.5
301,LOITER,6884.6,3.7,0.441,0.415,3010.2,45.2,14.3,376.6,124.7,70.7,1.98,15.33,0.911,95.12,0.544,0.825,0.0,0.0,0.0,49.43,1,0.815,injector,0.83,none,44.67
302,DESERT_PATROL,8909.0,14.7,0.817,0.755,4876.5,53.7,27.4,649.6,212.3,93.0,2.9,25.35,0.897,9.27,0.638,0.476,0.0,0.0,0.0,41.98,1,0.417,injector,0.48,none,40.22
303,LOITER,5694.1,7.1,0.412,0.392,2708.5,44.0,12.5,376.8,125.9,72.3,1.67,20.6,2.696,93.61,0.494,0.352,0.0,0.0,0.352,37.98,1,0.69,combustion,0.7,none,30.82
304,TRANSIT,5528.8,3.6,0.766,0.73,4628.3,75.5,36.2,553.4,180.1,84.6,2.92,23.08,1.084,41.02,0.765,0.0,0.0,0.0,0.0,74.01,0,0.241,healthy,0.0,none,83.12
305,TRANSIT,9202.9,-2.7,0.563,0.519,3600.6,63.2,23.7,394.6,129.5,78.2,1.91,16.01,1.23,90.14,0.765,0.0,0.0,0.333,0.0,64.04,1,0.228,lubrication,0.33,none,66.43
306,HIGH_ALTITUDE,21743.5,-28.0,0.734,0.597,4481.3,44.3,20.7,514.2,147.6,60.2,3.55,16.86,1.139,70.78,0.765,0.0,0.0,0.0,0.0,89.02,0,0.045,healthy,0.0,none,103.71
307,LOITER,7757.1,-5.2,0.599,0.559,3816.7,68.3,27.2,412.3,137.7,71.7,2.62,17.55,1.264,84.66,0.765,0.0,0.0,0.0,0.0,84.81,0,0.037,healthy,0.0,none,98.25
308,TRANSIT,15717.7,-14.8,0.567,0.49,3156.6,43.4,14.4,392.4,122.6,63.2,2.2,19.92,3.252,98.37,0.562,0.0,0.0,0.0,0.883,36.74,1,0.796,mechanical,0.88,none,30.46
309,ISR,7873.5,2.6,0.773,0.721,4652.7,69.4,34.2,555.4,196.6,84.3,3.03,22.43,1.056,22.52,0.765,0.0,0.817,0.0,0.0,43.79,1,0.72,cooling,0.82,none,41.01
310,TRANSIT,12766.3,-6.2,0.632,0.563,3950.0,57.1,23.7,454.5,142.9,71.7,2.74,16.86,1.261,77.0,0.765,0.0,0.0,0.0,0.0,82.29,0,0.061,healthy,0.0,none,93.84
311,HIGH_ALTITUDE,17538.2,-17.1,0.761,0.647,4649.5,50.8,24.3,535.4,162.4,69.0,3.45,18.94,1.075,56.2,0.765,0.0,0.0,0.0,0.0,84.32,0,0.055,healthy,0.0,none,95.48
312,HIGH_ALTITUDE,24548.5,-42.3,0.824,0.65,4595.7,27.3,13.2,633.1,172.5,53.5,3.65,27.47,3.289,44.7,0.462,0.402,0.0,0.0,0.402,36.21,1,0.823,combustion,0.8,none,26.44
313,TRANSIT,15886.6,-13.4,0.635,0.549,3985.0,51.8,21.5,450.2,152.5,66.7,2.9,16.25,1.288,67.46,0.765,0.0,0.725,0.0,0.0,54.06,1,0.617,cooling,0.73,none,52.15
314,DESERT_PATROL,15615.6,2.8,0.51,0.441,3352.4,47.0,16.4,371.5,123.3,71.3,2.19,13.18,1.122,96.17,0.765,0.0,0.0,0.0,0.0,55.71,1,0.837,sensor,0.89,spike,55.0
315,HIGH_ALTITUDE,20633.2,-30.2,0.807,0.664,4826.2,47.6,24.1,556.0,164.7,61.6,3.8,19.05,0.949,56.49,0.765,0.0,0.0,0.0,0.0,88.27,0,0.053,healthy,0.0,none,104.67
316,TRANSIT,14388.4,-13.9,0.647,0.567,4040.6,55.4,23.6,450.4,162.3,67.1,2.86,16.98,1.343,59.84,0.765,0.0,0.911,0.0,0.0,51.04,1,0.749,cooling,0.91,none,50.7
317,ISR,5435.4,4.5,0.708,0.675,4325.9,74.4,34.0,510.8,166.0,83.2,2.74,21.22,1.187,53.15,0.765,0.0,0.0,0.0,0.0,86.08,0,0.222,healthy,0.0,none,97.81
318,ISR,7141.2,-0.6,0.784,0.736,4723.0,72.4,35.6,553.9,197.8,82.5,3.1,23.23,1.017,21.79,0.765,0.0,0.86,0.0,0.0,42.84,1,0.822,cooling,0.86,none,31.09
319,DESERT_PATROL,5237.1,23.7,0.649,0.62,4022.7,68.9,29.2,494.5,169.6,91.8,2.35,19.81,1.292,49.91,0.765,0.0,0.0,0.0,0.0,82.13,0,0.02,healthy,0.0,none,94.97
320,DESERT_PATROL,11846.9,0.9,0.57,0.512,3653.5,56.4,21.5,415.7,135.4,73.9,2.47,15.41,1.274,84.97,0.765,0.0,0.0,0.0,0.0,83.55,0,0.223,healthy,0.0,none,98.32
321,LOITER,6709.5,-1.0,0.57,0.537,3625.1,69.3,26.5,396.8,132.6,73.6,2.44,17.1,1.223,87.89,0.765,0.0,0.0,0.0,0.0,86.03,0,0.095,healthy,0.0,none,101.27
322,ISR,6564.1,3.7,0.816,0.77,4867.6,73.3,37.6,588.1,188.2,87.5,3.05,24.55,0.902,29.66,0.765,0.0,0.0,0.0,0.0,54.81,1,0.445,sensor,0.51,spike,51.8
323,TRANSIT,11639.8,-6.8,0.559,0.503,3592.5,58.3,22.2,389.3,136.7,68.7,2.48,15.27,1.22,83.41,0.765,0.0,0.585,0.0,0.0,53.86,1,0.597,cooling,0.59,none,55.11
324,ISR,2949.1,8.7,0.696,0.678,4277.6,70.7,31.9,527.2,172.4,85.6,2.66,26.7,1.234,46.01,0.675,0.338,0.0,0.0,0.0,61.02,1,0.301,injector,0.34,none,64.49
325,TRANSIT,11458.1,-5.2,0.75,0.676,3962.3,52.3,21.7,536.6,172.6,77.1,2.58,27.8,3.687,50.23,0.561,0.0,0.0,0.0,0.889,37.04,1,0.797,mechanical,0.89,none,35.52
326,DESERT_PATROL,3132.6,28.6,0.575,0.559,3687.2,71.5,27.7,439.8,159.5,91.6,2.04,17.86,1.212,62.7,0.765,0.0,0.0,0.0,0.0,85.97,0,0.196,healthy,0.0,none,96.47
327,ISR,5679.8,9.4,0.669,0.636,4014.9,54.8,23.0,540.2,176.6,84.3,2.49,25.82,2.659,42.87,0.562,0.254,0.0,0.0,0.254,39.83,1,0.454,combustion,0.51,none,37.63
328,LOITER,5794.9,4.4,0.5,0.475,2983.7,61.4,19.4,351.2,122.5,74.2,1.86,18.28,2.428,98.8,0.626,0.0,0.0,0.0,0.604,44.31,1,0.636,mechanical,0.6,none,43.75
329,DESERT_PATROL,15422.7,10.3,0.75,0.651,4538.7,49.9,23.8,565.7,183.8,85.7,2.83,19.36,1.12,36.1,0.765,0.0,0.0,0.0,0.0,75.0,0,0.206,healthy,0.0,none,85.71
330,TRANSIT,14071.2,-8.4,0.735,0.647,4475.9,56.2,26.4,522.8,164.5,74.5,3.13,19.22,1.125,55.46,0.765,0.0,0.0,0.0,0.0,61.17,1,0.563,sensor,0.7,freeze,65.39
331,LOITER,3934.6,3.5,0.404,0.39,2823.9,69.4,20.5,281.5,99.5,70.2,1.81,12.36,0.805,121.13,0.765,0.0,0.0,0.0,0.0,78.56,0,0.119,healthy,0.0,none,86.38
332,LOITER,5022.6,2.9,0.414,0.396,2858.6,67.2,20.4,287.0,100.4,69.3,1.83,12.66,0.847,119.28,0.765,0.0,0.0,0.0,0.0,84.7,0,0.096,healthy,0.0,none,99.49
333,TRANSIT,4081.0,5.2,0.634,0.611,3964.1,76.4,31.8,450.9,151.0,80.8,2.59,19.35,1.321,69.3,0.765,0.0,0.0,0.0,0.0,56.69,1,0.63,sensor,0.68,noise,54.48
334,TRANSIT,14721.0,-17.0,0.504,0.44,3327.8,52.3,18.2,343.5,110.5,59.6,2.38,12.99,1.128,108.8,0.765,0.0,0.343,0.0,0.0,62.52,1,0.385,cooling,0.34,none,63.33
335,TRANSIT,9732.7,-6.7,0.572,0.524,3660.3,63.0,24.3,396.7,138.7,69.8,2.5,16.0,1.261,80.81,0.765,0.0,0.586,0.0,0.0,54.24,1,0.53,cooling,0.59,none,51.41
336,TRANSIT,11346.7,-10.5,0.55,0.497,3544.8,59.6,22.4,382.5,120.2,71.9,2.07,15.29,1.203,99.12,0.765,0.0,0.0,0.26,0.0,68.98,0,0.23,lubrication,0.26,none,74.61
337,LOITER,5995.2,-0.8,0.525,0.498,3413.2,69.8,25.0,364.5,122.9,72.3,2.28,15.68,1.178,97.77,0.765,0.0,0.0,0.0,0.0,75.31,0,0.078,healthy,0.0,none,85.5
338,TRANSIT,7760.3,2.0,0.735,0.686,4465.2,69.2,32.3,529.5,172.9,82.7,2.93,21.43,1.154,48.51,0.765,0.0,0.0,0.0,0.0,89.51,0,0.06,healthy,0.0,none,111.47
339,HIGH_ALTITUDE,16059.1,-17.4,0.739,0.637,4482.4,53.8,25.4,514.7,167.2,68.3,3.34,18.9,1.133,53.21,0.765,0.0,0.499,0.0,0.0,60.02,1,0.463,cooling,0.5,none,62.22
340,DESERT_PATROL,9743.9,13.7,0.589,0.539,3516.1,38.4,14.1,522.7,171.8,82.2,2.15,29.02,3.319,48.95,0.469,0.39,0.0,0.0,0.39,33.65,1,0.774,combustion,0.78,none,31.21
341,ISR,8470.6,0.4,0.76,0.705,4614.6,68.2,32.8,548.6,178.3,81.9,3.1,21.82,1.072,44.13,0.765,0.0,0.0,0.0,0.0,81.36,0,0.218,healthy,0.0,none,90.8
342,LOITER,5172.0,4.8,0.545,0.521,3522.2,52.8,19.4,452.2,146.7,76.4,2.25,19.0,1.204,73.54,0.568,0.737,0.0,0.0,0.0,50.25,1,0.659,injector,0.74,none,46.18
343,ISR,13275.5,-9.3,0.518,0.459,3384.9,47.1,16.7,384.1,122.0,65.0,2.4,14.74,1.157,97.38,0.666,0.372,0.0,0.0,0.0,60.3,1,0.289,injector,0.37,none,59.68
344,HIGH_ALTITUDE,19589.4,-18.9,0.883,0.735,5202.2,48.2,26.3,631.3,188.8,71.3,3.88,21.33,0.761,29.96,0.765,0.0,0.0,0.0,0.0,74.52,0,0.213,healthy,0.0,none,84.86
345,HIGH_ALTITUDE,19935.0,-25.9,0.771,0.639,4629.5,47.8,23.2,543.0,159.1,75.8,2.25,18.26,1.004,61.06,0.765,0.0,0.0,0.617,0.0,55.05,1,0.622,lubrication,0.62,none,54.67
346,ISR,4093.3,5.0,0.78,0.753,4709.2,79.4,38.9,551.8,181.4,86.6,2.93,23.72,0.979,37.36,0.765,0.0,0.0,0.0,0.0,76.98,0,0.231,healthy,0.0,none,84.15
347,TRANSIT,4725.8,9.7,0.747,0.717,4518.5,75.7,35.9,540.8,180.9,87.5,2.77,22.94,1.095,40.39,0.765,0.0,0.0,0.0,0.0,82.75,0,0.169,healthy,0.0,none,92.16
348,HIGH_ALTITUDE,20988.5,-24.0,0.75,0.615,4154.6,40.9,17.7,532.2,156.6,63.2,3.15,21.33,2.763,63.88,0.633,0.0,0.0,0.0,0.576,45.5,1,0.567,mechanical,0.58,none,40.09
349,TRANSIT,7131.7,1.0,0.823,0.773,4657.1,48.7,23.8,658.3,210.3,85.6,2.9,41.3,3.186,11.22,0.485,0.366,0.0,0.0,0.366,22.49,1,0.608,combustion,0.73,none,17.65
350,LOITER,5231.0,5.1,0.561,0.536,3606.8,71.4,27.0,394.3,133.3,77.3,2.31,16.84,1.239,84.94,0.765,0.0,0.0,0.0,0.0,77.3,0,0.122,healthy,0.0,none,80.99
351,DESERT_PATROL,6306.8,26.5,0.79,0.747,4743.6,68.0,34.0,606.0,202.3,99.9,2.58,23.6,0.999,16.17,0.765,0.0,0.0,0.0,0.0,65.24,0,0.239,healthy,0.0,none,65.43
352,TRANSIT,5072.5,0.9,0.581,0.556,3692.8,73.5,28.4,412.0,135.0,75.6,2.45,17.68,1.28,84.22,0.765,0.0,0.0,0.0,0.0,78.75,0,0.038,healthy,0.0,none,86.55
353,ISR,13882.3,-9.4,0.737,0.649,4496.4,56.9,26.8,526.5,165.3,84.2,2.06,19.6,1.124,56.03,0.765,0.0,0.0,0.532,0.0,57.26,1,0.362,lubrication,0.53,none,54.93
354,LOITER,4148.0,9.7,0.424,0.408,2931.9,68.2,20.8,301.1,108.2,74.2,1.78,13.05,0.898,111.56,0.765,0.0,0.0,0.0,0.0,58.84,1,0.616,sensor,0.63,drift,59.38
355,TRANSIT,10519.6,-4.6,0.704,0.64,4283.1,63.3,28.6,501.3,159.5,75.8,2.98,19.55,1.208,60.2,0.765,0.0,0.0,0.0,0.0,88.7,0,0.092,healthy,0.0,none,101.15
356,HIGH_ALTITUDE,18356.7,-23.3,0.887,0.748,5219.0,51.6,28.2,634.5,184.2,82.2,2.35,22.06,0.751,33.02,0.765,0.0,0.0,0.646,0.0,49.32,1,0.502,lubrication,0.65,none,42.24
357,HIGH_ALTITUDE,21789.8,-30.4,0.803,0.653,4804.1,45.3,22.9,565.4,161.2,61.5,3.8,18.42,0.935,57.3,0.765,0.0,0.0,0.0,0.0,91.18,0,0.152,healthy,0.0,none,108.37
358,DESERT_PATROL,8987.6,12.8,0.54,0.499,3507.8,59.7,22.0,398.2,138.5,80.3,2.17,15.36,1.202,82.13,0.765,0.0,0.0,0.0,0.0,83.4,0,0.067,healthy,0.0,none,95.54
359,DESERT_PATROL,12472.0,15.5,0.738,0.659,4500.7,55.0,25.8,561.4,188.8,102.2,1.6,20.03,1.107,35.17,0.765,0.0,0.0,0.649,0.0,47.87,1,0.65,lubrication,0.65,none,50.44
360,LOITER,7407.8,3.3,0.546,0.512,3529.5,52.6,19.5,435.8,143.8,75.3,2.3,22.14,1.238,77.32,0.612,0.572,0.0,0.0,0.0,53.05,1,0.501,injector,0.57,none,53.64
361,LOITER,4668.1,1.8,0.558,0.536,3272.0,66.6,22.8,392.7,132.2,75.5,2.09,20.76,2.551,88.55,0.63,0.0,0.0,0.0,0.587,44.66,1,0.519,mechanical,0.59,none,41.96
362,ISR,13053.1,-11.4,0.816,0.724,4878.4,60.3,30.9,580.9,177.2,75.6,3.42,21.77,0.898,40.42,0.765,0.0,0.0,0.0,0.0,87.71,0,0.222,healthy,0.0,none,103.73
363,LOITER,7239.6,-6.1,0.509,0.478,3329.2,67.4,23.6,348.2,124.0,68.4,2.31,14.75,1.114,96.66,0.765,0.0,0.5,0.0,0.0,56.79,1,0.436,cooling,0.5,none,61.54
364,DESERT_PATROL,9385.9,13.2,0.612,0.563,3868.3,60.3,24.1,451.6,154.4,83.5,2.41,17.25,1.289,65.71,0.765,0.0,0.0,0.0,0.0,84.84,0,0.127,healthy,0.0,none,93.34
365,LOITER,3226.6,8.1,0.47,0.457,3145.0,60.2,19.9,370.6,127.5,75.4,1.93,16.0,0.986,92.61,0.632,0.499,0.0,0.0,0.0,55.7,1,0.481,injector,0.5,none,53.79
366,ISR,9715.2,-3.5,0.649,0.595,3754.6,59.0,23.1,459.5,148.7,74.7,2.5,21.13,2.409,71.64,0.655,0.0,0.0,0.0,0.48,46.66,1,0.488,mechanical,0.48,none,46.87
367,HIGH_ALTITUDE,21711.6,-30.2,0.855,0.696,5066.3,45.9,24.6,604.4,174.3,62.9,3.99,19.85,0.806,45.33,0.765,0.0,0.0,0.0,0.0,84.38,0,0.192,healthy,0.0,none,97.81
368,ISR,4873.5,9.8,0.712,0.682,3897.0,65.8,26.6,517.7,172.0,86.3,2.31,27.34,2.998,48.01,0.603,0.0,0.0,0.0,0.706,38.81,1,0.617,mechanical,0.71,none,34.78
369,DESERT_PATROL,11691.7,9.1,0.635,0.572,3963.4,56.4,23.5,472.2,157.1,80.8,2.53,17.11,1.286,63.61,0.765,0.0,0.0,0.0,0.0,82.35,0,0.218,healthy,0.0,none,94.43
370,HIGH_ALTITUDE,16879.2,-16.5,0.719,0.615,4226.5,38.4,16.7,550.5,166.1,68.1,3.12,26.87,2.776,52.4,0.545,0.278,0.0,0.0,0.278,43.28,1,0.528,combustion,0.56,none,40.21
371,ISR,5079.2,5.2,0.742,0.71,4506.8,59.3,28.0,577.4,188.0,85.1,2.87,32.38,1.145,32.12,0.598,0.623,0.0,0.0,0.0,47.2,1,0.558,injector,0.62,none,44.78
372,DESERT_PATROL,10820.6,13.1,0.788,0.715,4525.8,44.2,20.8,669.7,211.3,90.2,2.74,33.19,2.709,9.23,0.54,0.285,0.0,0.0,0.285,25.45,1,0.549,combustion,0.57,none,22.71
373,ISR,7485.2,-0.8,0.511,0.478,3351.1,65.5,23.2,358.2,118.4,71.2,2.22,14.93,1.118,100.52,0.765,0.0,0.0,0.0,0.0,57.27,1,0.685,sensor,0.73,drift,54.07
374,DESERT_PATROL,7546.3,15.0,0.733,0.686,4467.7,51.2,23.9,595.3,197.3,89.7,2.67,24.35,1.129,24.17,0.588,0.661,0.0,0.0,0.0,42.14,1,0.633,injector,0.66,none,40.86
375,TRANSIT,1085.8,7.6,0.663,0.657,4123.9,85.4,36.7,477.0,158.9,84.7,2.55,21.37,1.255,61.87,0.765,0.0,0.0,0.0,0.0,73.86,0,0.225,healthy,0.0,none,82.85
376,DESERT_PATROL,12756.1,10.3,0.698,0.622,4292.1,54.8,24.4,514.9,170.1,83.6,2.72,19.08,1.257,48.28,0.765,0.0,0.0,0.0,0.0,81.27,0,0.163,healthy,0.0,none,87.7
377,LOITER,3194.7,11.9,0.567,0.552,3361.8,69.0,23.9,404.9,141.3,82.4,2.03,20.75,2.457,78.42,0.645,0.0,0.0,0.0,0.522,45.23,1,0.571,mechanical,0.52,none,40.79
378,DESERT_PATROL,12351.0,12.1,0.655,0.585,4087.9,54.7,23.5,489.9,162.9,84.0,2.57,17.9,1.31,56.52,0.765,0.0,0.0,0.0,0.0,85.45,0,0.157,healthy,0.0,none,98.92
379,HIGH_ALTITUDE,19692.9,-30.3,0.811,0.674,4857.7,49.5,25.4,564.2,163.9,61.8,3.79,19.4,0.921,55.85,0.765,0.0,0.0,0.0,0.0,63.01,1,0.76,sensor,0.84,noise,67.97
380,HIGH_ALTITUDE,23328.3,-30.6,0.791,0.633,4767.3,42.3,20.9,558.0,159.8,60.3,3.78,18.0,0.988,59.97,0.765,0.0,0.0,0.0,0.0,89.26,0,0.244,healthy,0.0,none,105.48
381,TRANSIT,9320.3,-4.5,0.762,0.701,4631.4,67.2,32.3,541.8,172.9,79.0,3.07,21.71,1.032,47.65,0.765,0.0,0.0,0.0,0.0,89.62,0,0.153,healthy,0.0,none,107.89
382,ISR,13560.5,-7.2,0.559,0.494,3600.9,54.1,20.4,392.8,126.5,67.9,2.52,14.92,1.219,93.88,0.765,0.0,0.0,0.0,0.0,56.26,1,0.716,sensor,0.75,drift,53.87
383,DESERT_PATROL,3305.4,35.4,0.7,0.681,4281.6,72.3,32.8,534.6,209.2,102.1,2.21,21.53,1.217,13.11,0.765,0.0,0.792,0.0,0.0,36.63,1,0.723,cooling,0.79,none,30.02
384,LOITER,3158.7,9.3,0.485,0.472,3236.0,73.4,24.7,347.0,121.7,76.3,2.03,15.08,1.067,98.71,0.765,0.0,0.0,0.0,0.0,58.33,1,0.617,sensor,0.73,freeze,60.87
385,HIGH_ALTITUDE,22374.3,-29.3,0.772,0.624,4663.1,43.7,21.2,538.2,157.1,67.6,2.83,17.9,1.054,63.32,0.765,0.0,0.0,0.36,0.0,63.66,1,0.359,lubrication,0.36,none,63.64
386,ISR,7975.1,-1.3,0.797,0.742,4772.3,70.5,35.4,564.7,183.6,81.9,3.16,23.04,0.954,37.68,0.765,0.0,0.0,0.0,0.0,71.98,0,0.208,healthy,0.0,none,76.81
387,TRANSIT,15069.5,-16.8,0.53,0.461,3440.4,52.2,18.9,362.4,111.7,60.3,2.53,13.87,1.212,108.4,0.765,0.0,0.0,0.0,0.0,86.26,0,0.128,healthy,0.0,none,98.49
388,TRANSIT,2122.3,11.8,0.653,0.642,4073.3,80.7,34.1,473.7,160.8,86.3,2.49,20.69,1.273,60.02,0.765,0.0,0.0,0.0,0.0,87.28,0,0.022,healthy,0.0,none,100.61
389,HIGH_ALTITUDE,18262.5,-22.6,0.775,0.654,4676.8,50.6,24.8,546.6,160.8,66.0,3.62,19.04,1.022,57.73,0.765,0.0,0.0,0.0,0.0,91.3,0,0.175,healthy,0.0,none,105.56
390,LOITER,4052.5,5.7,0.562,0.542,3597.9,74.4,28.2,399.7,134.6,77.6,2.31,17.47,1.286,84.62,0.765,0.0,0.0,0.0,0.0,58.03,1,0.483,sensor,0.59,freeze,61.7
391,DESERT_PATROL,8177.4,21.3,0.773,0.719,4700.9,64.2,31.2,581.4,195.6,94.3,2.7,22.51,1.078,23.57,0.765,0.0,0.0,0.0,0.0,79.13,0,0.06,healthy,0.0,none,88.03
392,TRANSIT,13335.7,-8.3,0.52,0.461,3400.4,53.9,19.1,364.5,115.0,66.2,2.4,13.84,1.163,103.67,0.765,0.0,0.0,0.0,0.0,84.61,0,0.187,healthy,0.0,none,102.07
393,ISR,13933.0,-10.1,0.61,0.537,3272.2,45.3,15.6,422.2,135.8,68.5,2.21,22.96,3.54,85.04,0.537,0.0,0.0,0.0,0.992,35.27,1,0.878,mechanical,0.99,none,33.49
394,HIGH_ALTITUDE,20227.6,-22.8,0.818,0.676,4724.1,36.3,18.0,622.1,185.8,66.7,3.52,25.09,2.377,36.8,0.569,0.245,0.0,0.0,0.245,43.31,1,0.538,combustion,0.49,none,39.61
395,LOITER,5080.7,8.1,0.503,0.481,2830.5,57.6,17.0,360.1,124.5,76.0,1.69,21.63,3.246,95.31,0.544,0.0,0.0,0.0,0.961,35.45,1,0.878,mechanical,0.96,none,27.4
396,ISR,8693.5,-1.0,0.804,0.744,4315.8,60.2,27.2,577.4,183.7,82.8,2.7,29.85,3.022,35.45,0.598,0.0,0.0,0.0,0.729,34.15,1,0.652,mechanical,0.73,none,30.34
397,LOITER,3826.5,4.1,0.571,0.552,3669.9,75.8,29.3,404.0,136.8,77.6,2.38,17.68,1.251,84.06,0.765,0.0,0.0,0.0,0.0,54.68,1,0.844,sensor,0.86,drift,60.37
398,ISR,12784.6,-6.6,0.588,0.524,3551.5,53.3,19.8,415.5,133.3,69.5,2.45,17.58,2.004,87.05,0.687,0.0,0.0,0.0,0.34,57.4,1,0.262,mechanical,0.34,none,55.01
399,DESERT_PATROL,14111.1,6.7,0.587,0.516,3717.5,50.8,20.1,434.7,144.8,77.5,2.44,15.21,1.244,75.74,0.765,0.0,0.0,0.0,0.0,78.48,0,0.202,healthy,0.0,none,91.63
400,LOITER,5291.6,6.6,0.47,0.449,3157.0,67.9,22.3,332.9,116.4,73.9,2.01,14.22,0.997,103.7,0.765,0.0,0.0,0.0,0.0,85.19,0,0.232,healthy,0.0,none,95.45
401,HIGH_ALTITUDE,20899.5,-28.6,0.702,0.576,4084.0,43.3,18.4,485.3,143.8,59.2,3.19,18.24,2.01,78.76,0.691,0.0,0.0,0.0,0.324,62.53,1,0.154,mechanical,0.32,none,63.67
402,ISR,11561.2,-3.5,0.827,0.745,4924.9,62.2,32.0,594.2,188.2,85.5,2.76,22.66,0.854,31.54,0.765,0.0,0.0,0.224,0.0,67.35,0,0.158,lubrication,0.22,none,69.99
403,HIGH_ALTITUDE,21151.3,-30.2,0.928,0.759,5250.5,45.8,25.2,655.3,190.6,66.2,4.05,23.33,1.351,29.13,0.71,0.0,0.0,0.0,0.24,67.72,0,0.219,mechanical,0.24,none,70.77
404,LOITER,7641.9,1.8,0.599,0.56,3797.3,66.9,26.6,424.5,140.4,76.6,2.51,17.52,1.297,78.72,0.765,0.0,0.0,0.0,0.0,85.02,0,0.127,healthy,0.0,none,99.45
405,DESERT_PATROL,2673.9,26.1,0.713,0.697,4376.8,76.6,35.1,537.8,185.1,97.7,2.42,22.51,1.199,34.76,0.765,0.0,0.0,0.0,0.0,65.82,0,0.193,sensor,0.24,freeze,70.65
406,TRANSIT,11160.9,-8.4,0.698,0.631,4299.1,62.5,28.0,504.3,155.0,73.4,2.98,19.17,1.262,64.59,0.765,0.0,0.0,0.0,0.0,59.92,1,0.52,sensor,0.49,drift,62.07
407,HIGH_ALTITUDE,19185.8,-26.7,0.773,0.646,4643.4,49.5,24.3,535.6,156.7,63.3,3.72,18.64,0.994,61.37,0.765,0.0,0.0,0.0,0.0,89.94,0,0.157,healthy,0.0,none,101.53
408,HIGH_ALTITUDE,16923.1,-14.4,0.774,0.662,4687.8,51.7,25.3,551.0,168.0,71.1,3.41,19.4,1.015,51.24,0.765,0.0,0.0,0.0,0.0,64.21,1,0.463,sensor,0.42,freeze,65.78
409,TRANSIT,11740.7,-14.3,0.747,0.672,4541.3,63.3,30.2,515.7,161.0,71.9,3.26,20.51,1.102,58.47,0.765,0.0,0.0,0.0,0.0,60.33,1,0.722,sensor,0.84,noise,61.52
410,HIGH_ALTITUDE,23495.3,-31.5,0.722,0.577,4417.1,41.5,19.3,502.9,165.9,57.0,3.42,16.28,1.183,54.94,0.765,0.0,0.943,0.0,0.0,53.37,1,0.86,cooling,0.94,none,54.02
411,DESERT_PATROL,7700.7,13.8,0.676,0.631,4166.3,65.5,28.9,501.7,188.7,85.8,2.56,19.37,1.239,31.21,0.765,0.0,0.924,0.0,0.0,42.75,1,0.766,cooling,0.92,none,42.32
412,HIGH_ALTITUDE,24043.6,-35.5,0.904,0.718,5302.4,42.8,23.8,634.6,181.8,61.6,4.28,20.04,0.741,38.26,0.765,0.0,0.0,0.0,0.0,82.7,0,0.226,healthy,0.0,none,98.99
413,LOITER,4569.4,3.5,0.538,0.517,3475.6,72.9,26.6,379.0,126.9,75.0,2.29,16.43,1.185,91.57,0.765,0.0,0.0,0.0,0.0,85.85,0,0.119,healthy,0.0,none,96.59
414,ISR,13337.4,-14.5,0.561,0.497,3606.6,56.1,21.2,387.7,125.3,63.4,2.62,14.92,1.249,92.36,0.765,0.0,0.44,0.0,0.0,57.06,1,0.394,cooling,0.44,none,53.76
415,DESERT_PATROL,9754.1,20.2,0.637,0.583,3976.4,58.5,24.4,481.9,167.0,88.0,2.36,17.97,1.339,54.36,0.765,0.0,0.0,0.0,0.0,86.3,0,0.023,healthy,0.0,none,96.35
416,HIGH_ALTITUDE,20666.1,-25.4,0.864,0.711,5140.2,47.1,25.3,612.9,192.6,66.7,3.91,20.52,0.785,27.16,0.765,0.0,0.648,0.0,0.0,51.87,1,0.624,cooling,0.65,none,48.97
417,TRANSIT,9652.9,0.4,0.662,0.608,4100.0,63.5,27.3,483.8,154.4,77.3,2.77,18.75,1.295,65.39,0.765,0.0,0.0,0.0,0.0,83.51,0,0.142,healthy,0.0,none,96.75
418,LOITER,7365.5,1.6,0.558,0.523,3587.7,66.6,25.0,391.4,131.8,74.6,2.41,16.33,1.177,88.12,0.765,0.0,0.0,0.0,0.0,84.58,0,0.203,healthy,0.0,none,101.3
419,TRANSIT,7468.5,-1.0,0.622,0.582,3918.3,68.5,27.8,436.8,144.4,75.3,2.58,18.11,1.302,76.24,0.765,0.0,0.0,0.0,0.0,83.72,0,0.078,healthy,0.0,none,100.91
420,TRANSIT,6388.1,2.1,0.788,0.745,4741.4,73.8,36.3,563.3,183.3,84.3,3.06,23.19,1.015,37.18,0.765,0.0,0.0,0.0,0.0,83.43,0,0.205,healthy,0.0,none,98.8
421,ISR,9359.7,-4.9,0.555,0.51,3577.5,63.1,23.5,392.8,126.4,77.8,1.86,15.6,1.216,93.84,0.765,0.0,0.0,0.377,0.0,59.59,1,0.391,lubrication,0.38,none,64.82
422,DESERT_PATROL,6769.2,18.2,0.661,0.622,4108.4,66.5,28.6,488.7,168.9,88.4,2.44,19.43,1.318,51.5,0.765,0.0,0.0,0.0,0.0,55.76,1,0.686,sensor,0.74,drift,62.03
423,TRANSIT,15056.6,-12.5,0.609,0.531,3658.9,37.3,14.1,480.2,147.6,66.3,2.59,21.8,2.958,72.01,0.513,0.325,0.0,0.0,0.325,38.63,1,0.523,combustion,0.65,none,33.82
424,LOITER,3581.8,8.4,0.523,0.507,3204.2,48.9,16.3,450.7,152.3,77.6,2.0,24.1,3.163,69.61,0.478,0.377,0.0,0.0,0.377,35.9,1,0.618,combustion,0.75,none,33.7
425,HIGH_ALTITUDE,19032.1,-21.4,0.908,0.76,5316.1,50.0,28.3,662.3,191.3,71.0,3.92,21.76,0.734,26.5,0.765,0.0,0.0,0.0,0.0,85.24,0,0.044,healthy,0.0,none,101.09
426,LOITER,5065.9,3.3,0.535,0.512,3462.1,71.5,26.1,371.1,127.5,74.9,2.25,16.25,1.195,92.26,0.765,0.0,0.0,0.0,0.0,87.22,0,0.056,healthy,0.0,none,101.07
427,LOITER,7536.2,0.4,0.431,0.403,2946.5,62.4,19.2,302.0,102.9,76.4,1.47,12.44,0.866,117.09,0.765,0.0,0.0,0.385,0.0,61.88,1,0.271,lubrication,0.39,none,69.56
428,ISR,5695.8,3.8,0.793,0.754,4774.7,75.4,37.6,570.8,186.4,86.4,3.01,24.02,0.978,34.99,0.765,0.0,0.0,0.0,0.0,82.82,0,0.107,healthy,0.0,none,90.46
429,TRANSIT,5722.4,0.7,0.515,0.49,3231.9,51.9,17.6,414.2,136.6,72.9,2.1,20.69,2.48,84.02,0.545,0.278,0.0,0.0,0.278,42.92,1,0.515,combustion,0.56,none,42.22
430,TRANSIT,4557.2,6.0,0.538,0.517,3480.7,72.3,26.5,389.8,130.4,76.7,2.23,16.16,1.174,89.57,0.765,0.0,0.0,0.0,0.0,86.16,0,0.146,healthy,0.0,none,103.61
431,ISR,5627.0,3.2,0.701,0.667,4292.1,74.1,33.2,505.6,165.7,82.1,2.76,21.01,1.2,55.82,0.765,0.0,0.0,0.0,0.0,87.16,0,0.245,healthy,0.0,none,100.11
432,LOITER,4621.7,7.2,0.447,0.429,3028.3,68.6,21.8,314.9,110.3,92.9,0.83,13.82,0.923,108.48,0.765,0.0,0.0,0.957,0.0,50.82,1,0.843,lubrication,0.96,none,53.82
433,HIGH_ALTITUDE,19544.0,-25.1,0.895,0.745,4998.5,33.3,17.4,709.7,206.1,68.4,3.73,31.02,2.798,14.33,0.487,0.364,0.0,0.0,0.364,28.79,1,0.618,combustion,0.73,none,24.86
434,ISR,3971.4,6.5,0.523,0.505,3419.5,73.2,26.3,375.1,126.7,76.8,2.15,16.07,1.14,92.46,0.765,0.0,0.0,0.0,0.0,56.09,1,0.786,sensor,0.82,drift,55.68
435,ISR,12958.2,-14.3,0.753,0.67,4581.3,60.4,29.2,529.1,162.5,71.1,3.29,20.33,1.092,56.71,0.765,0.0,0.0,0.0,0.0,73.7,0,0.223,sensor,0.28,spike,80.03
436,HIGH_ALTITUDE,15237.1,-13.7,0.909,0.79,5338.8,56.7,31.8,651.2,221.0,77.0,3.8,23.53,0.718,-0.25,0.765,0.0,0.942,0.0,0.0,36.71,1,0.829,cooling,0.94,none,31.45
437,HIGH_ALTITUDE,18929.0,-26.6,0.707,0.592,4338.0,49.2,22.4,487.4,145.3,61.0,3.37,17.18,1.21,76.22,0.765,0.0,0.0,0.0,0.0,59.81,1,0.738,sensor,0.83,freeze,61.4
438,LOITER,4820.6,12.7,0.513,0.492,3350.6,69.1,24.2,371.3,130.0,79.5,2.09,15.59,1.135,89.15,0.765,0.0,0.0,0.0,0.0,63.81,1,0.385,sensor,0.36,noise,70.54
439,ISR,4326.7,5.6,0.611,0.588,3862.5,75.1,30.3,437.6,145.5,79.9,2.52,18.73,1.279,73.81,0.765,0.0,0.0,0.0,0.0,87.25,0,0.041,healthy,0.0,none,96.18
440,TRANSIT,10941.9,-4.1,0.805,0.729,4483.3,58.8,27.6,578.4,180.9,80.0,2.96,25.86,2.274,37.25,0.658,0.0,0.0,0.0,0.468,44.98,1,0.454,mechanical,0.47,none,35.36
441,HIGH_ALTITUDE,17162.5,-17.4,0.752,0.642,4559.4,44.1,21.1,566.9,169.3,68.6,3.38,20.32,1.105,50.02,0.654,0.415,0.0,0.0,0.0,60.83,1,0.36,injector,0.41,none,59.42
442,TRANSIT,1850.2,6.1,0.512,0.504,3363.1,78.9,27.8,362.8,123.6,76.1,2.14,16.34,1.109,95.8,0.765,0.0,0.0,0.0,0.0,84.06,0,0.064,healthy,0.0,none,91.8
443,LOITER,7478.4,2.5,0.459,0.43,3076.7,63.1,20.2,323.6,110.8,70.8,2.04,13.29,0.957,109.06,0.765,0.0,0.0,0.0,0.0,87.26,0,0.075,healthy,0.0,none,103.44
444,ISR,9183.7,-1.6,0.537,0.495,3480.6,62.3,22.7,376.9,125.9,71.6,2.35,15.23,1.215,95.07,0.765,0.0,0.0,0.0,0.0,82.95,0,0.143,healthy,0.0,none,94.86
445,LOITER,7886.4,-9.5,0.559,0.521,3589.1,53.6,20.0,433.5,137.6,67.8,2.5,22.85,1.249,84.58,0.603,0.606,0.0,0.0,0.0,52.41,1,0.527,injector,0.61,none,56.3
446,TRANSIT,7412.3,3.8,0.616,0.576,3887.5,67.4,27.3,443.1,146.2,78.4,2.53,17.89,1.347,73.53,0.765,0.0,0.0,0.0,0.0,75.52,0,0.178,healthy,0.0,none,83.94
447,ISR,2937.6,10.9,0.535,0.521,3449.0,75.3,27.5,388.3,134.9,80.0,2.17,16.81,1.17,86.5,0.765,0.0,0.0,0.0,0.0,85.01,0,0.133,healthy,0.0,none,104.44
448,ISR,10781.4,-5.0,0.773,0.702,4658.1,63.8,31.0,558.5,176.2,84.3,2.51,21.34,1.042,45.01,0.765,0.0,0.0,0.301,0.0,64.54,1,0.336,lubrication,0.3,none,66.55
449,TRANSIT,14343.6,-10.7,0.83,0.728,4963.0,57.3,29.6,595.2,197.8,76.2,3.46,21.59,0.879,23.59,0.765,0.0,0.66,0.0,0.0,49.52,1,0.511,cooling,0.66,none,46.56
450,ISR,1275.8,12.0,0.662,0.655,4111.2,83.5,35.9,471.6,161.1,87.3,2.51,21.07,1.287,58.2,0.765,0.0,0.0,0.0,0.0,61.79,1,0.358,sensor,0.37,spike,60.69
451,ISR,13741.7,-10.4,0.516,0.455,3381.6,53.3,18.7,355.6,120.5,63.7,2.39,13.86,1.134,100.67,0.765,0.0,0.347,0.0,0.0,63.78,1,0.232,cooling,0.35,none,71.96
452,ISR,7980.1,-1.4,0.505,0.47,3338.4,64.3,22.5,354.3,117.1,70.1,2.21,14.67,1.137,102.22,0.765,0.0,0.0,0.0,0.0,84.05,0,0.118,healthy,0.0,none,94.78
453,LOITER,6621.3,5.4,0.499,0.47,3279.4,65.8,22.6,352.0,122.3,73.9,2.11,14.79,1.064,98.19,0.765,0.0,0.0,0.0,0.0,81.81,0,0.156,healthy,0.0,none,93.96
454,LOITER,5819.6,-1.5,0.5,0.475,3231.2,59.0,19.9,382.9,125.1,70.2,2.11,18.63,1.945,94.93,0.632,0.16,0.0,0.0,0.16,56.9,1,0.341,combustion,0.32,none,60.3
455,DESERT_PATROL,14504.0,10.2,0.777,0.681,4675.3,52.1,25.6,589.1,202.5,86.1,3.0,20.31,1.023,17.63,0.765,0.0,0.665,0.0,0.0,43.67,1,0.641,cooling,0.66,none,38.44
456,HIGH_ALTITUDE,24242.9,-33.5,0.781,0.619,4697.0,41.1,20.2,552.8,156.7,58.0,3.77,17.19,1.029,64.35,0.765,0.0,0.0,0.0,0.0,88.71,0,0.228,healthy,0.0,none,99.54
457,DESERT_PATROL,6141.0,19.6,0.547,0.518,3518.1,65.2,24.3,403.2,144.7,84.7,2.06,16.38,1.264,75.59,0.765,0.0,0.0,0.0,0.0,81.13,0,0.199,healthy,0.0,none,93.38
458,HIGH_ALTITUDE,15000.3,-18.6,0.878,0.765,5190.3,58.0,31.5,627.0,189.5,73.1,3.77,22.82,0.763,31.98,0.765,0.0,0.0,0.0,0.0,83.23,0,0.216,healthy,0.0,none,92.26
459,HIGH_ALTITUDE,23236.1,-27.0,0.925,0.741,5445.9,42.9,24.8,668.4,194.0,67.7,4.17,21.14,0.711,26.66,0.765,0.0,0.0,0.0,0.0,81.33,0,0.247,healthy,0.0,none,92.42
460,HIGH_ALTITUDE,17403.0,-21.3,0.724,0.616,4409.6,51.5,23.9,507.1,152.1,65.5,3.32,18.16,1.193,68.3,0.765,0.0,0.0,0.0,0.0,74.49,0,0.122,healthy,0.0,none,80.96
461,DESERT_PATROL,2314.7,28.3,0.523,0.513,3427.8,59.0,21.0,442.0,156.6,90.2,1.9,18.19,1.157,63.58,0.625,0.522,0.0,0.0,0.0,53.94,1,0.519,injector,0.52,none,57.4
462,DESERT_PATROL,11419.8,18.2,0.628,0.566,3717.7,36.4,14.1,542.9,180.0,86.6,2.19,30.03,3.331,40.22,0.478,0.377,0.0,0.0,0.377,30.85,1,0.731,combustion,0.75,none,28.48
463,LOITER,5129.7,5.2,0.599,0.573,3785.7,61.8,24.7,465.2,150.4,79.3,2.48,23.08,1.297,67.72,0.651,0.428,0.0,0.0,0.0,55.16,1,0.376,injector,0.43,none,61.63
464,HIGH_ALTITUDE,16962.5,-21.6,0.731,0.625,4468.5,52.6,24.4,507.4,152.6,76.5,2.16,18.53,1.142,66.92,0.765,0.0,0.0,0.583,0.0,54.63,1,0.581,lubrication,0.58,none,61.64
465,LOITER,6259.5,2.5,0.566,0.536,3636.7,69.5,26.3,407.6,134.7,75.5,2.4,16.83,1.24,85.71,0.765,0.0,0.0,0.0,0.0,87.14,0,0.088,healthy,0.0,none,101.65
466,HIGH_ALTITUDE,15415.8,-18.8,0.825,0.716,4885.2,56.5,29.1,586.1,175.4,70.8,3.67,21.11,0.866,44.02,0.765,0.0,0.0,0.0,0.0,86.88,0,0.227,healthy,0.0,none,102.45
467,HIGH_ALTITUDE,16356.9,-19.5,0.923,0.794,5234.0,53.7,29.4,650.3,196.6,74.5,3.79,25.13,1.274,22.19,0.715,0.0,0.0,0.0,0.217,65.58,0,0.253,mechanical,0.22,none,68.22
468,ISR,13498.1,-12.2,0.606,0.536,3676.9,42.7,16.7,476.7,144.6,66.6,2.62,23.17,2.7,74.66,0.559,0.258,0.0,0.0,0.258,42.82,1,0.451,combustion,0.52,none,44.62
469,HIGH_ALTITUDE,18700.2,-24.0,0.838,0.703,4993.0,41.7,21.7,631.6,185.8,67.3,3.79,22.28,0.853,34.23,0.631,0.502,0.0,0.0,0.0,54.72,1,0.504,injector,0.5,none,54.26
470,LOITER,3830.3,5.9,0.412,0.399,2887.1,69.4,20.9,287.8,102.8,82.1,1.17,12.63,0.833,117.31,0.765,0.0,0.0,0.561,0.0,57.16,1,0.448,lubrication,0.56,none,52.93
471,ISR,7222.4,-1.4,0.636,0.596,3984.5,69.6,28.9,442.7,148.3,75.5,2.7,18.79,1.313,73.57,0.765,0.0,0.0,0.0,0.0,57.47,1,0.606,sensor,0.56,spike,58.92
472,TRANSIT,3964.6,8.7,0.563,0.544,3610.8,73.9,27.9,403.9,137.9,78.9,2.3,17.34,1.232,81.84,0.765,0.0,0.0,0.0,0.0,85.01,0,0.046,healthy,0.0,none,95.96
473,LOITER,4958.7,7.4,0.433,0.414,2954.7,67.1,20.7,302.1,108.9,88.5,1.0,13.01,0.897,111.4,0.765,0.0,0.0,0.759,0.0,54.01,1,0.644,lubrication,0.76,none,53.09
474,DESERT_PATROL,4813.9,32.4,0.603,0.579,3808.5,67.1,26.8,469.5,166.9,95.2,2.12,18.41,1.302,52.72,0.765,0.0,0.0,0.0,0.0,84.81,0,0.222,healthy,0.0,none,97.86
475,HIGH_ALTITUDE,16514.5,-20.0,0.808,0.694,4809.2,54.1,27.4,574.7,182.7,69.2,3.59,20.56,0.895,37.92,0.765,0.0,0.576,0.0,0.0,56.17,1,0.527,cooling,0.58,none,52.39
476,HIGH_ALTITUDE,22914.1,-30.3,0.929,0.746,5473.7,44.2,25.4,665.0,188.5,64.9,4.26,21.0,0.683,28.58,0.765,0.0,0.0,0.0,0.0,87.06,0,0.065,healthy,0.0,none,96.72
477,TRANSIT,15564.1,-12.3,0.562,0.487,3615.2,50.9,19.4,389.3,123.4,64.4,2.59,14.51,1.201,97.25,0.765,0.0,0.0,0.0,0.0,58.37,1,0.552,sensor,0.58,drift,59.98
478,ISR,14426.0,-12.0,0.552,0.484,3574.7,53.1,19.7,379.7,119.8,64.2,2.56,14.46,1.212,99.39,0.765,0.0,0.0,0.0,0.0,80.68,0,0.023,healthy,0.0,none,94.62
479,DESERT_PATROL,5205.0,29.5,0.546,0.522,3530.8,65.3,24.2,419.5,151.6,91.9,1.97,16.69,1.198,67.62,0.765,0.0,0.0,0.0,0.0,82.81,0,0.228,healthy,0.0,none,91.41
480,LOITER,6760.6,0.3,0.581,0.547,3686.7,69.1,27.0,415.0,135.7,75.1,2.44,17.14,1.249,84.22,0.765,0.0,0.0,0.0,0.0,86.49,0,0.081,healthy,0.0,none,100.78
481,TRANSIT,12996.8,-9.4,0.694,0.617,4288.1,54.0,24.2,513.5,159.4,71.6,2.99,19.07,1.25,61.4,0.708,0.212,0.0,0.0,0.0,73.19,0,0.246,injector,0.21,none,81.66
482,LOITER,5075.6,3.8,0.403,0.385,2812.7,66.4,19.6,277.9,104.7,69.0,1.79,12.24,0.849,115.27,0.765,0.0,0.348,0.0,0.0,63.84,1,0.32,cooling,0.35,none,65.11
483,TRANSIT,5250.5,-1.9,0.793,0.757,4776.9,78.3,39.1,554.6,178.9,89.7,2.37,23.96,0.949,39.93,0.765,0.0,0.0,0.331,0.0,60.8,1,0.335,lubrication,0.33,none,61.29
484,HIGH_ALTITUDE,15511.5,-17.4,0.799,0.693,4803.3,55.7,28.0,565.5,173.3,88.9,1.6,20.51,0.924,48.39,0.765,0.0,0.0,0.907,0.0,51.17,1,0.775,lubrication,0.91,none,48.35
485,LOITER,3036.7,12.2,0.405,0.395,2820.5,53.8,15.9,342.6,119.2,75.1,1.72,18.47,0.841,100.3,0.592,0.646,0.0,0.0,0.0,51.99,1,0.719,injector,0.65,none,51.8
486,DESERT_PATROL,7767.9,16.5,0.616,0.575,3878.0,57.7,23.5,478.8,165.6,85.4,2.35,20.61,1.345,57.2,0.695,0.262,0.0,0.0,0.0,67.04,0,0.231,injector,0.26,none,71.11
487,TRANSIT,12351.4,-6.1,0.738,0.66,4497.9,59.7,28.2,529.5,166.0,76.3,3.1,20.01,1.128,53.39,0.765,0.0,0.0,0.0,0.0,81.38,0,0.041,healthy,0.0,none,94.57
488,LOITER,3383.8,11.8,0.401,0.389,2804.7,68.6,20.1,286.9,106.3,74.2,1.71,12.43,0.841,114.96,0.765,0.0,0.0,0.0,0.0,86.32,0,0.116,healthy,0.0,none,103.27
489,LOITER,5898.1,3.5,0.404,0.384,2814.0,64.5,18.9,283.6,98.4,69.2,1.76,12.13,0.813,120.69,0.765,0.0,0.0,0.0,0.0,59.42,1,0.558,sensor,0.59,spike,62.86
490,DESERT_PATROL,8126.3,17.8,0.823,0.766,4895.0,65.8,34.0,619.3,203.4,95.9,2.86,23.6,0.866,15.65,0.765,0.0,0.0,0.0,0.0,74.22,0,0.2,healthy,0.0,none,81.57
491,LOITER,5449.4,4.4,0.526,0.502,3429.0,70.0,25.1,377.0,126.1,75.2,2.24,15.95,1.16,93.25,0.765,0.0,0.0,0.0,0.0,64.75,1,0.337,sensor,0.34,drift,66.63
492,LOITER,5100.1,6.2,0.516,0.493,3381.6,46.4,16.4,444.2,146.1,76.3,2.13,19.0,1.141,73.99,0.506,0.966,0.0,0.0,0.0,46.32,1,0.893,injector,0.97,none,45.04
493,DESERT_PATROL,10279.2,12.6,0.699,0.637,4306.7,59.9,27.0,521.5,175.4,95.9,1.76,19.6,1.2,46.81,0.765,0.0,0.0,0.517,0.0,54.76,1,0.436,lubrication,0.52,none,51.33
494,HIGH_ALTITUDE,22007.3,-29.1,0.847,0.687,5046.7,45.0,23.4,602.3,174.2,62.9,3.92,19.62,0.819,46.16,0.765,0.0,0.0,0.0,0.0,89.96,0,0.066,healthy,0.0,none,106.14
495,HIGH_ALTITUDE,20702.9,-22.4,0.753,0.619,4564.5,45.4,21.9,527.5,159.0,64.2,3.46,17.79,1.127,62.07,0.765,0.0,0.0,0.0,0.0,64.35,1,0.387,sensor,0.46,spike,71.79
496,TRANSIT,8697.6,-1.3,0.546,0.505,3533.3,63.6,23.6,387.2,125.9,72.2,2.35,15.68,1.204,92.95,0.765,0.0,0.0,0.0,0.0,84.74,0,0.23,healthy,0.0,none,97.25
497,TRANSIT,5322.8,3.4,0.502,0.479,3313.1,60.1,21.0,387.6,129.2,73.5,2.18,16.24,1.11,91.19,0.659,0.394,0.0,0.0,0.0,58.58,1,0.341,injector,0.39,none,58.04
498,TRANSIT,15122.1,-17.6,0.561,0.488,3578.8,43.9,16.5,420.6,128.8,61.3,2.68,19.25,1.272,91.88,0.634,0.489,0.0,0.0,0.0,54.98,1,0.437,injector,0.49,none,54.05
499,ISR,3944.4,5.5,0.508,0.491,3344.6,73.1,25.5,363.4,121.9,88.6,1.26,15.85,1.121,96.64,0.765,0.0,0.0,0.67,0.0,53.53,1,0.654,lubrication,0.67,none,48.82
500,HIGH_ALTITUDE,21116.5,-29.3,0.774,0.634,4681.9,46.1,22.5,537.3,157.3,61.3,3.76,18.22,1.026,63.02,0.765,0.0,0.0,0.0,0.0,92.5,0,0.202,healthy,0.0,none,104.91
501,TRANSIT,5596.2,-0.7,0.694,0.661,4270.0,75.1,33.9,491.2,158.3,85.2,2.29,20.8,1.234,60.53,0.765,0.0,0.0,0.27,0.0,67.05,0,0.336,lubrication,0.27,none,71.58
502,LOITER,5894.9,-0.6,0.403,0.383,2809.0,65.4,19.2,275.2,96.7,65.9,1.81,12.32,0.827,124.44,0.765,0.0,0.0,0.0,0.0,85.43,0,0.109,healthy,0.0,none,96.54
503,TRANSIT,14991.3,-12.3,0.507,0.442,3335.9,50.9,17.7,351.3,111.7,62.6,2.37,13.23,1.098,109.68,0.765,0.0,0.0,0.0,0.0,79.86,0,0.125,healthy,0.0,none,95.29
504,TRANSIT,13241.2,-9.0,0.507,0.449,3103.6,50.2,16.3,348.6,111.9,64.9,2.11,15.12,2.017,107.22,0.666,0.0,0.0,0.0,0.43,50.75,1,0.404,mechanical,0.43,none,49.01
505,DESERT_PATROL,1013.9,31.7,0.816,0.809,4902.9,81.8,41.7,609.4,213.1,105.4,2.49,26.1,0.9,8.16,0.765,0.0,0.0,0.0,0.0,68.81,0,0.177,healthy,0.0,none,70.63
506,LOITER,4048.5,8.7,0.595,0.575,3773.9,74.6,29.4,424.2,146.2,81.2,2.37,18.34,1.284,74.79,0.765,0.0,0.0,0.0,0.0,80.2,0,0.196,healthy,0.0,none,90.63
507,ISR,3278.3,8.3,0.615,0.598,3867.8,77.4,31.5,436.7,147.3,81.7,2.45,19.04,1.364,71.03,0.765,0.0,0.0,0.0,0.0,57.59,1,0.468,sensor,0.49,freeze,64.25
508,DESERT_PATROL,4483.4,21.0,0.642,0.617,4018.9,71.4,30.0,485.8,165.1,89.2,2.32,19.71,1.3,54.02,0.765,0.0,0.0,0.0,0.0,79.72,0,0.229,healthy,0.0,none,93.4
509,HIGH_ALTITUDE,23461.2,-33.5,0.746,0.596,4533.7,42.2,19.9,517.9,146.4,56.4,3.64,16.77,1.094,72.59,0.765,0.0,0.0,0.0,0.0,65.13,1,0.411,sensor,0.47,spike,70.11
510,HIGH_ALTITUDE,17485.4,-18.8,0.779,0.662,4686.2,51.5,25.4,545.6,164.5,68.4,3.47,19.56,1.016,53.71,0.765,0.0,0.0,0.0,0.0,84.57,0,0.217,healthy,0.0,none,97.15
511,TRANSIT,5105.5,3.7,0.819,0.783,4893.9,77.5,39.6,588.9,191.5,99.6,1.89,24.81,0.907,29.47,0.765,0.0,0.0,0.608,0.0,47.74,1,0.54,lubrication,0.61,none,44.81
512,HIGH_ALTITUDE,16771.3,-20.4,0.701,0.6,4309.9,52.4,23.7,491.3,147.9,64.9,3.23,17.54,1.231,72.67,0.765,0.0,0.0,0.0,0.0,89.32,0,0.177,healthy,0.0,none,102.44
513,HIGH_ALTITUDE,23032.4,-28.5,0.947,0.76,5551.6,43.7,25.4,671.9,196.2,67.6,4.32,21.37,0.705,23.03,0.765,0.0,0.0,0.0,0.0,60.12,1,0.292,sensor,0.4,freeze,64.94
514,HIGH_ALTITUDE,24594.7,-32.1,0.754,0.595,4344.4,28.0,12.7,580.4,165.9,57.9,3.39,23.16,3.042,54.34,0.508,0.331,0.0,0.0,0.331,40.48,1,0.645,combustion,0.66,none,36.34
515,DESERT_PATROL,15718.6,2.4,0.826,0.715,4927.5,51.6,26.7,623.6,191.4,83.5,3.22,21.04,0.888,25.57,0.765,0.0,0.0,0.0,0.0,79.15,0,0.182,healthy,0.0,none,86.2
516,TRANSIT,7116.7,-0.4,0.81,0.761,4847.2,72.8,36.7,579.2,185.7,84.0,3.14,23.85,0.932,34.13,0.765,0.0,0.0,0.0,0.0,72.45,0,0.176,healthy,0.0,none,74.77
517,HIGH_ALTITUDE,21296.3,-24.8,0.916,0.749,5351.1,46.1,26.0,659.4,193.2,69.0,4.03,21.67,0.7,27.17,0.765,0.0,0.0,0.0,0.0,71.72,0,0.154,healthy,0.0,none,78.47
518,DESERT_PATROL,8808.2,16.3,0.654,0.605,3734.8,56.5,22.2,487.2,166.2,88.3,2.22,22.57,2.675,53.96,0.643,0.0,0.0,0.0,0.533,44.52,1,0.472,mechanical,0.53,none,39.99
519,TRANSIT,2100.5,6.2,0.732,0.719,4474.7,84.2,39.3,513.9,174.3,86.1,2.71,23.13,1.16,47.62,0.765,0.0,0.0,0.0,0.0,82.34,0,0.065,healthy,0.0,none,98.44
520,TRANSIT,10731.2,-11.2,0.647,0.587,3583.2,55.5,20.9,445.4,141.5,69.7,2.46,23.2,3.005,78.47,0.598,0.0,0.0,0.0,0.729,39.21,1,0.641,mechanical,0.73,none,33.02
521,ISR,7528.9,3.4,0.822,0.769,4888.3,70.8,36.6,588.2,191.9,87.5,3.12,23.67,0.829,28.16,0.765,0.0,0.0,0.0,0.0,83.09,0,0.067,healthy,0.0,none,90.1
522,ISR,9307.4,-4.7,0.68,0.625,4212.1,65.9,29.0,477.7,154.4,75.7,2.85,19.23,1.258,65.99,0.765,0.0,0.0,0.0,0.0,81.17,0,0.193,healthy,0.0,none,93.28
523,ISR,4477.6,7.2,0.747,0.718,4548.0,77.1,36.6,535.5,175.8,87.5,2.8,22.73,1.103,42.58,0.765,0.0,0.0,0.0,0.0,86.17,0,0.037,healthy,0.0,none,101.49
524,TRANSIT,2659.1,12.7,0.512,0.501,3362.1,74.9,26.2,370.0,134.1,79.2,2.1,16.08,1.141,86.1,0.765,0.0,0.243,0.0,0.0,70.08,0,0.281,cooling,0.24,none,74.25
525,DESERT_PATROL,12086.4,14.4,0.74,0.664,4492.3,56.1,26.6,563.4,183.6,88.8,2.73,20.04,1.117,35.6,0.765,0.0,0.0,0.0,0.0,51.86,1,0.748,sensor,0.82,drift,53.04
526,TRANSIT,9075.9,-8.5,0.847,0.781,5016.4,70.1,36.8,591.2,186.4,87.9,2.45,24.0,0.786,32.19,0.765,0.0,0.0,0.414,0.0,51.28,1,0.429,lubrication,0.41,none,50.69
527,LOITER,7770.2,-4.4,0.424,0.396,2925.4,62.7,19.3,289.7,96.7,64.7,1.93,12.33,0.888,122.62,0.765,0.0,0.0,0.0,0.0,89.05,0,0.072,healthy,0.0,none,103.68
528,DESERT_PATROL,14138.6,-3.2,0.817,0.718,4873.5,56.0,28.8,595.2,194.2,80.3,3.35,21.17,0.895,25.39,0.765,0.0,0.438,0.0,0.0,52.31,1,0.39,cooling,0.44,none,48.56
529,ISR,13664.7,-15.6,0.821,0.724,4893.2,59.9,30.6,577.9,177.1,81.8,2.5,21.85,0.898,42.65,0.765,0.0,0.0,0.461,0.0,54.29,1,0.5,lubrication,0.46,none,53.74
530,LOITER,5200.4,3.7,0.497,0.474,3274.0,69.8,23.9,349.3,121.5,77.9,1.81,15.04,1.054,100.34,0.765,0.0,0.0,0.212,0.0,73.85,0,0.178,lubrication,0.21,none,81.18
531,TRANSIT,6655.8,9.3,0.638,0.601,3983.0,68.5,28.5,467.4,156.4,98.1,1.31,18.78,1.305,64.19,0.765,0.0,0.0,0.761,0.0,51.42,1,0.673,lubrication,0.76,none,46.46
532,LOITER,6982.2,-1.8,0.548,0.515,3544.2,68.2,25.1,382.2,126.9,72.7,2.37,16.28,1.228,93.3,0.765,0.0,0.0,0.0,0.0,55.57,1,0.772,sensor,0.83,drift,54.4
533,TRANSIT,4148.5,6.5,0.591,0.57,3747.0,68.7,27.0,440.3,148.0,80.1,2.4,20.65,1.229,72.59,0.702,0.234,0.0,0.0,0.0,70.19,0,0.191,injector,0.23,none,72.19
534,ISR,11589.3,-7.9,0.676,0.609,4183.7,61.0,26.6,486.3,152.5,73.0,2.89,18.45,1.26,68.82,0.765,0.0,0.0,0.0,0.0,58.85,1,0.589,sensor,0.58,freeze,56.71
535,TRANSIT,7754.2,1.1,0.686,0.64,4234.0,68.6,30.5,486.5,174.9,79.5,2.73,19.94,1.254,46.53,0.765,0.0,0.7,0.0,0.0,52.83,1,0.568,cooling,0.7,none,49.03
536,TRANSIT,3227.6,7.3,0.709,0.689,4354.6,80.0,36.7,507.7,167.1,84.8,2.74,22.29,1.209,51.37,0.765,0.0,0.0,0.0,0.0,87.91,0,0.075,healthy,0.0,none,105.04
537,TRANSIT,9465.9,-1.5,0.827,0.759,4785.2,55.4,28.0,644.2,200.5,83.1,3.1,28.08,1.883,20.25,0.616,0.182,0.0,0.0,0.182,43.97,1,0.452,combustion,0.36,none,45.46
538,TRANSIT,6673.4,1.4,0.681,0.642,4209.9,71.3,31.5,483.5,158.4,79.4,2.75,20.44,1.289,61.33,0.765,0.0,0.0,0.0,0.0,86.93,0,0.115,healthy,0.0,none,100.42
539,HIGH_ALTITUDE,15557.4,-18.0,0.852,0.739,5075.1,56.3,29.9,610.4,181.9,72.4,3.62,22.09,0.84,37.07,0.765,0.0,0.0,0.0,0.0,87.47,0,0.039,healthy,0.0,none,99.47
540,ISR,4474.0,3.8,0.797,0.767,4794.4,79.0,39.6,565.6,184.6,87.0,3.01,24.28,0.944,34.5,0.765,0.0,0.0,0.0,0.0,82.91,0,0.207,healthy,0.0,none,91.72
541,TRANSIT,15487.5,-16.6,0.572,0.496,3344.3,47.4,16.6,392.2,121.6,62.3,2.37,17.79,2.374,98.68,0.638,0.0,0.0,0.0,0.555,46.58,1,0.478,mechanical,0.56,none,43.78
542,ISR,3931.9,6.5,0.558,0.539,3592.5,74.5,28.3,398.9,136.2,77.9,2.3,17.23,1.192,84.82,0.765,0.0,0.0,0.0,0.0,82.23,0,0.098,healthy,0.0,none,94.84
543,TRANSIT,8530.1,-3.8,0.704,0.653,4325.9,68.1,30.7,500.7,160.3,76.9,2.94,19.98,1.21,60.01,0.765,0.0,0.0,0.0,0.0,87.05,0,0.07,healthy,0.0,none,100.53
544,HIGH_ALTITUDE,15871.1,-19.7,0.822,0.71,4655.8,52.6,25.6,584.9,174.3,70.4,3.4,23.32,1.908,45.27,0.684,0.0,0.0,0.0,0.352,58.34,1,0.361,mechanical,0.35,none,59.88
545,LOITER,6810.9,4.0,0.562,0.53,3616.4,67.6,25.7,402.2,133.3,75.6,2.36,16.49,1.25,85.25,0.765,0.0,0.0,0.0,0.0,83.84,0,0.215,healthy,0.0,none,99.01
546,DESERT_PATROL,10020.8,13.9,0.619,0.566,3877.1,58.8,24.1,467.8,156.8,83.6,2.38,17.3,1.268,63.55,0.765,0.0,0.0,0.0,0.0,81.64,0,0.123,healthy,0.0,none,96.21
547,LOITER,6096.0,-2.5,0.496,0.47,3291.1,69.0,23.8,341.6,113.6,69.5,2.14,14.78,1.078,105.54,0.765,0.0,0.0,0.0,0.0,58.88,1,0.553,sensor,0.64,drift,67.85
548,ISR,8239.0,-1.6,0.576,0.535,3419.0,38.0,13.5,525.1,162.9,73.5,2.21,28.07,3.761,57.07,0.411,0.485,0.0,0.0,0.485,30.82,1,0.9,combustion,0.97,none,32.77
549,TRANSIT,11001.0,-4.7,0.679,0.615,4194.3,61.7,27.0,480.1,154.6,74.1,2.81,18.97,1.281,65.76,0.765,0.0,0.0,0.0,0.0,88.79,0,0.025,healthy,0.0,none,98.66
550,ISR,13586.5,-15.4,0.693,0.612,4276.7,58.3,26.0,485.3,149.1,68.7,3.08,18.38,1.234,71.1,0.765,0.0,0.0,0.0,0.0,84.31,0,0.158,healthy,0.0,none,98.79
551,LOITER,5091.5,7.2,0.462,0.442,3110.1,68.0,22.2,329.3,114.1,74.5,1.95,13.97,0.975,105.06,0.765,0.0,0.0,0.0,0.0,72.24,0,0.247,sensor,0.25,noise,81.89
552,DESERT_PATROL,6904.5,23.8,0.666,0.626,4139.5,65.1,28.3,501.7,175.8,92.2,2.36,19.92,1.269,45.65,0.765,0.0,0.0,0.0,0.0,78.47,0,0.215,healthy,0.0,none,90.3
553,HIGH_ALTITUDE,17741.2,-17.7,0.907,0.769,5341.2,52.0,29.0,651.4,197.2,73.8,3.83,22.36,0.717,23.98,0.765,0.0,0.0,0.0,0.0,83.93,0,0.086,healthy,0.0,none,97.62
554,TRANSIT,1622.5,15.1,0.613,0.604,3878.7,80.2,32.2,441.0,153.0,94.5,1.68,19.6,1.31,66.25,0.765,0.0,0.0,0.445,0.0,55.91,1,0.41,lubrication,0.45,none,59.04
555,LOITER,3463.6,4.9,0.506,0.491,3329.7,66.8,23.4,383.6,130.7,74.7,2.12,16.39,1.147,91.42,0.685,0.297,0.0,0.0,0.0,65.57,0,0.283,injector,0.3,none,63.66
556,LOITER,3286.6,11.6,0.435,0.423,2974.9,70.5,21.9,310.9,129.1,75.8,1.82,13.6,0.898,91.72,0.765,0.0,0.782,0.0,0.0,52.76,1,0.754,cooling,0.78,none,52.5
557,TRANSIT,3756.8,7.9,0.615,0.595,3893.8,58.0,23.3,497.2,163.9,81.5,2.43,28.52,1.303,57.01,0.582,0.682,0.0,0.0,0.0,48.88,1,0.771,injector,0.68,none,43.95
558,HIGH_ALTITUDE,16363.7,-19.2,0.882,0.758,5208.7,55.1,29.9,624.9,200.7,72.8,3.86,22.41,0.75,21.36,0.765,0.0,0.549,0.0,0.0,50.83,1,0.532,cooling,0.55,none,47.51
559,DESERT_PATROL,13076.8,10.6,0.548,0.486,3525.0,43.1,16.0,443.2,147.8,78.4,2.26,19.01,1.226,71.86,0.641,0.462,0.0,0.0,0.0,56.02,1,0.312,injector,0.46,none,55.54
560,TRANSIT,1744.9,11.0,0.718,0.707,3980.7,75.1,31.1,520.1,171.3,88.5,2.4,27.88,2.834,46.7,0.624,0.0,0.0,0.0,0.614,40.94,1,0.53,mechanical,0.61,none,33.48
561,ISR,7437.2,2.1,0.526,0.493,3430.2,65.4,23.4,373.1,126.5,73.6,2.24,15.3,1.176,94.72,0.765,0.0,0.0,0.0,0.0,81.12,0,0.075,healthy,0.0,none,91.49
562,LOITER,4890.0,1.1,0.596,0.571,3780.6,74.3,29.3,414.5,150.2,76.4,2.46,18.02,1.239,71.51,0.765,0.0,0.522,0.0,0.0,56.33,1,0.374,cooling,0.52,none,53.25
563,ISR,13659.9,-13.6,0.592,0.523,3784.4,55.9,22.2,412.3,127.9,65.2,2.69,15.94,1.278,92.05,0.765,0.0,0.0,0.0,0.0,84.01,0,0.151,healthy,0.0,none,95.41
564,DESERT_PATROL,14272.1,7.5,0.581,0.51,3685.5,50.2,19.5,428.3,142.8,77.4,2.4,15.61,1.244,76.52,0.765,0.0,0.0,0.0,0.0,83.29,0,0.215,healthy,0.0,none,97.8
565,TRANSIT,7834.7,-2.9,0.669,0.624,4143.5,69.1,30.2,473.1,151.5,76.3,2.81,19.47,1.287,67.35,0.765,0.0,0.0,0.0,0.0,79.15,0,0.033,healthy,0.0,none,91.42
566,TRANSIT,14692.0,-18.9,0.714,0.624,4369.1,56.8,25.8,492.0,150.2,66.6,3.25,18.52,1.168,69.13,0.765,0.0,0.0,0.0,0.0,83.35,0,0.149,healthy,0.0,none,95.59
567,TRANSIT,12276.6,-8.6,0.817,0.731,4768.1,53.7,26.9,605.0,188.2,77.2,3.3,25.34,1.661,31.3,0.655,0.132,0.0,0.0,0.132,59.23,0,0.321,combustion,0.26,none,62.12
568,LOITER,3630.6,8.4,0.516,0.5,3055.7,65.8,21.2,366.3,128.6,77.9,1.88,19.86,2.427,92.44,0.62,0.0,0.0,0.0,0.63,44.54,1,0.598,mechanical,0.63,none,39.35
569,ISR,2969.3,11.4,0.608,0.593,3853.6,77.3,30.8,440.1,150.1,83.4,2.38,18.98,1.318,69.92,0.765,0.0,0.0,0.0,0.0,84.91,0,0.194,healthy,0.0,none,100.4
570,ISR,4135.6,1.9,0.744,0.717,4545.4,79.5,37.8,524.6,171.8,83.1,2.91,22.72,1.11,47.93,0.765,0.0,0.0,0.0,0.0,82.41,0,0.067,healthy,0.0,none,92.34
571,HIGH_ALTITUDE,17035.3,-13.7,0.892,0.762,5273.8,52.5,28.8,648.1,197.4,76.1,3.85,22.56,0.738,24.09,0.765,0.0,0.0,0.0,0.0,84.16,0,0.123,healthy,0.0,none,90.17
572,DESERT_PATROL,5527.1,17.7,0.513,0.489,3379.8,66.2,23.1,386.7,136.6,89.1,1.58,15.5,1.102,84.78,0.765,0.0,0.0,0.307,0.0,66.14,1,0.283,lubrication,0.31,none,70.62
573,HIGH_ALTITUDE,24381.8,-32.0,0.769,0.608,4651.7,40.5,19.5,539.8,154.6,58.3,3.65,16.99,1.009,65.93,0.765,0.0,0.0,0.0,0.0,88.46,0,0.196,healthy,0.0,none,104.27
574,DESERT_PATROL,6986.9,20.6,0.585,0.55,3715.5,63.8,24.9,443.6,158.7,86.9,2.21,17.12,1.229,62.48,0.765,0.0,0.238,0.0,0.0,70.97,0,0.164,cooling,0.24,none,71.71
575,TRANSIT,13027.6,-11.4,0.652,0.579,4084.5,48.6,20.6,488.3,153.1,68.9,2.93,18.94,1.299,67.28,0.642,0.461,0.0,0.0,0.0,56.19,1,0.426,injector,0.46,none,54.96
576,ISR,3000.2,13.3,0.585,0.57,3734.8,76.0,29.9,430.2,147.0,83.3,2.28,18.64,1.278,73.45,0.765,0.0,0.0,0.0,0.0,77.5,0,0.073,healthy,0.0,none,83.51
577,TRANSIT,2773.6,5.2,0.834,0.814,4968.8,84.3,44.2,597.4,194.6,89.4,3.02,26.36,0.873,25.9,0.765,0.0,0.0,0.0,0.0,49.15,1,0.849,sensor,0.91,freeze,42.8
578,TRANSIT,15009.7,-14.6,0.546,0.476,3530.8,52.2,19.3,374.5,118.2,75.1,1.59,14.03,1.222,102.92,0.765,0.0,0.0,0.612,0.0,53.44,1,0.622,lubrication,0.61,none,52.82
579,TRANSIT,9731.1,-0.8,0.779,0.714,4371.1,38.4,17.5,679.0,205.4,81.8,2.85,36.06,3.759,11.8,0.417,0.476,0.0,0.0,0.476,17.79,1,0.845,combustion,0.95,none,7.12
580,HIGH_ALTITUDE,21971.7,-28.7,0.721,0.585,4425.5,43.8,20.2,507.9,144.8,59.3,3.48,16.68,1.183,74.34,0.765,0.0,0.0,0.0,0.0,88.73,0,0.116,healthy,0.0,none,106.11
581,LOITER,4020.0,5.1,0.565,0.546,3353.9,68.5,24.0,397.3,136.3,78.0,2.1,20.82,2.43,84.41,0.645,0.0,0.0,0.0,0.521,46.41,1,0.473,mechanical,0.52,none,47.97
582,HIGH_ALTITUDE,18049.0,-20.7,0.748,0.632,4513.4,50.3,23.9,525.6,157.1,65.6,3.47,18.52,1.1,62.15,0.765,0.0,0.0,0.0,0.0,90.13,0,0.199,healthy,0.0,none,100.21
583,LOITER,3376.5,7.8,0.475,0.461,3185.3,72.8,24.2,335.2,128.2,75.8,1.96,14.76,1.012,91.78,0.765,0.0,0.565,0.0,0.0,56.62,1,0.489,cooling,0.57,none,56.85
584,TRANSIT,7905.3,0.2,0.748,0.698,4543.8,69.5,33.1,544.4,172.5,81.6,3.03,21.62,1.14,47.07,0.765,0.0,0.0,0.0,0.0,89.04,0,0.029,healthy,0.0,none,101.67
585,ISR,1705.9,10.6,0.507,0.499,3341.5,77.9,27.2,362.6,126.7,83.0,1.76,16.27,1.112,93.2,0.765,0.0,0.0,0.222,0.0,73.17,0,0.136,lubrication,0.22,none,81.14
586,DESERT_PATROL,12879.9,7.8,0.845,0.752,5045.2,38.7,20.3,698.3,220.4,88.7,3.18,27.51,0.803,-1.49,0.52,0.915,0.0,0.0,0.0,30.93,1,0.878,injector,0.92,none,21.41
587,LOITER,5264.1,-0.4,0.456,0.435,3076.2,69.2,22.3,318.8,106.2,68.8,2.01,13.8,0.974,112.78,0.765,0.0,0.0,0.0,0.0,85.56,0,0.25,healthy,0.0,none,99.79
588,HIGH_ALTITUDE,23205.9,-25.9,0.798,0.639,4765.0,41.8,21.1,570.5,165.3,63.5,3.68,18.02,0.958,54.32,0.765,0.0,0.0,0.0,0.0,94.52,0,0.037,healthy,0.0,none,110.37
589,LOITER,3434.8,10.6,0.461,0.447,3093.1,53.9,17.4,388.2,132.4,77.0,1.91,16.42,1.004,88.27,0.578,0.7,0.0,0.0,0.0,53.3,1,0.537,injector,0.7,none,53.49
590,TRANSIT,15411.2,-14.2,0.688,0.597,4252.9,53.8,24.0,483.7,148.1,68.7,3.05,17.69,1.242,70.67,0.765,0.0,0.0,0.0,0.0,88.21,0,0.123,healthy,0.0,none,105.21
591,TRANSIT,5312.7,7.2,0.688,0.657,4154.8,63.8,27.6,525.2,174.0,83.2,2.61,23.61,2.074,48.73,0.649,0.139,0.0,0.0,0.139,59.89,0,0.246,combustion,0.28,none,61.18
592,DESERT_PATROL,8727.5,15.7,0.847,0.783,5024.1,65.1,34.3,631.3,208.6,94.9,2.94,24.0,0.832,11.9,0.765,0.0,0.0,0.0,0.0,73.84,0,0.1,healthy,0.0,none,84.96
593,LOITER,4198.2,7.2,0.406,0.392,2466.9,58.0,15.1,283.8,102.6,72.4,1.45,16.71,2.779,117.4,0.57,0.0,0.0,0.0,0.848,39.99,1,0.658,mechanical,0.85,none,34.17
594,ISR,4539.9,3.8,0.55,0.529,3543.5,73.3,27.2,390.6,129.7,76.6,2.32,16.93,1.233,88.62,0.765,0.0,0.0,0.0,0.0,86.12,0,0.138,healthy,0.0,none,101.73
595,ISR,9538.1,0.0,0.804,0.738,4816.9,66.1,33.3,576.0,186.2,83.6,3.19,22.8,0.954,34.41,0.765,0.0,0.0,0.0,0.0,55.25,1,0.651,sensor,0.73,noise,52.82
596,ISR,14005.9,-15.0,0.585,0.515,3594.7,43.4,16.4,453.7,137.1,63.9,2.61,21.42,2.449,81.83,0.58,0.229,0.0,0.0,0.229,46.31,1,0.35,combustion,0.46,none,42.48
597,LOITER,4151.6,4.5,0.421,0.406,2918.8,57.6,17.5,335.4,114.2,71.7,1.83,16.95,0.852,106.43,0.636,0.483,0.0,0.0,0.0,56.36,1,0.43,injector,0.48,none,50.96
598,DESERT_PATROL,11667.4,14.9,0.502,0.452,3061.8,30.1,9.6,476.5,157.0,79.1,1.85,28.6,3.612,63.36,0.406,0.493,0.0,0.0,0.493,29.96,1,0.968,combustion,0.99,none,27.38
599,HIGH_ALTITUDE,21073.2,-30.1,0.722,0.592,4396.3,45.8,21.2,494.8,144.7,58.3,3.45,16.75,1.174,75.35,0.765,0.0,0.0,0.0,0.0,62.89,1,0.493,sensor,0.59,spike,67.71
600,LOITER,6435.9,-2.9,0.563,0.532,3614.9,70.3,26.7,387.3,128.4,72.0,2.43,16.72,1.279,91.05,0.765,0.0,0.0,0.0,0.0,54.62,1,0.829,sensor,0.96,freeze,54.58
601,ISR,10303.5,-7.7,0.691,0.63,4262.1,64.3,28.7,489.5,153.3,74.0,2.95,19.09,1.25,65.83,0.765,0.0,0.0,0.0,0.0,88.04,0,0.075,healthy,0.0,none,100.41
602,TRANSIT,1110.9,8.7,0.678,0.672,4190.5,85.3,37.3,479.5,163.1,85.4,2.6,21.87,1.23,57.61,0.765,0.0,0.0,0.0,0.0,78.95,0,0.22,healthy,0.0,none,83.95
603,DESERT_PATROL,2020.6,22.4,0.611,0.6,3347.6,65.3,23.0,449.1,159.7,90.6,1.86,26.15,3.329,60.41,0.562,0.0,0.0,0.0,0.887,36.9,1,0.778,mechanical,0.89,none,35.86
604,ISR,3743.0,5.5,0.581,0.563,3717.7,75.9,29.4,413.6,138.4,78.9,2.37,18.05,1.255,80.63,0.765,0.0,0.0,0.0,0.0,79.32,0,0.122,healthy,0.0,none,90.92
605,HIGH_ALTITUDE,23116.3,-25.7,0.773,0.62,4404.5,39.2,17.9,548.4,159.6,62.1,3.44,20.13,2.144,59.71,0.678,0.0,0.0,0.0,0.38,57.21,1,0.322,mechanical,0.38,none,61.31
606,TRANSIT,3345.4,13.2,0.763,0.741,4482.9,76.6,35.6,560.8,184.0,91.2,2.65,25.44,1.629,34.42,0.719,0.0,0.0,0.0,0.202,64.51,0,0.188,mechanical,0.2,none,62.75
607,DESERT_PATROL,9539.6,11.5,0.721,0.662,4420.4,62.3,28.8,533.7,198.7,86.5,2.7,20.57,1.182,21.83,0.765,0.0,0.944,0.0,0.0,39.06,1,0.851,cooling,0.94,none,36.39
608,TRANSIT,4871.6,2.8,0.662,0.635,4099.0,75.5,32.5,468.2,155.4,80.0,2.69,20.1,1.254,64.77,0.765,0.0,0.0,0.0,0.0,76.85,0,0.22,healthy,0.0,none,83.41
609,TRANSIT,14496.1,-12.7,0.72,0.63,4412.0,56.0,25.8,511.0,158.0,70.8,3.15,18.71,1.182,62.52,0.765,0.0,0.0,0.0,0.0,89.98,0,0.135,healthy,0.0,none,102.26
610,TRANSIT,8930.6,-0.0,0.512,0.473,2921.8,52.3,16.0,363.5,121.0,71.2,1.82,19.94,3.105,99.3,0.56,0.0,0.0,0.0,0.893,37.55,1,0.709,mechanical,0.89,none,33.57
611,TRANSIT,7480.2,-0.7,0.85,0.795,5062.3,72.4,38.3,606.0,213.2,86.0,3.28,24.74,0.812,5.79,0.765,0.0,0.902,0.0,0.0,37.26,1,0.802,cooling,0.9,none,26.14
612,HIGH_ALTITUDE,24106.6,-26.6,0.809,0.642,4851.5,40.4,20.5,585.6,167.9,63.1,3.73,17.91,0.944,52.33,0.765,0.0,0.0,0.0,0.0,88.58,0,0.168,healthy,0.0,none,105.48
613,TRANSIT,4862.2,0.8,0.547,0.525,3544.6,73.1,26.8,389.2,126.5,74.7,2.27,16.77,1.213,91.69,0.765,0.0,0.0,0.0,0.0,84.21,0,0.237,healthy,0.0,none,99.34
614,TRANSIT,8605.0,-0.9,0.7,0.649,4316.2,67.2,30.4,501.7,162.2,78.5,2.81,20.21,1.262,58.44,0.765,0.0,0.0,0.0,0.0,58.65,1,0.571,sensor,0.71,freeze,52.73
615,DESERT_PATROL,14960.1,12.0,0.509,0.443,3327.9,46.7,16.4,379.9,129.8,77.2,2.11,13.04,1.135,88.75,0.765,0.0,0.0,0.0,0.0,73.52,0,0.243,sensor,0.22,noise,81.91
616,ISR,8713.4,1.0,0.689,0.637,4241.4,66.2,29.4,486.6,160.3,79.3,2.8,19.79,1.248,59.37,0.765,0.0,0.0,0.0,0.0,82.04,0,0.193,healthy,0.0,none,88.69
617,TRANSIT,13395.9,-10.3,0.746,0.66,3937.3,49.4,20.3,529.8,165.4,73.5,2.66,27.14,3.478,54.97,0.562,0.0,0.0,0.0,0.887,36.65,1,0.872,mechanical,0.89,none,31.97
618,TRANSIT,5127.6,4.2,0.639,0.611,3992.8,73.9,30.8,454.5,150.9,90.9,1.63,19.39,1.319,68.55,0.765,0.0,0.0,0.582,0.0,53.6,1,0.551,lubrication,0.58,none,57.46
619,DESERT_PATROL,11493.0,4.6,0.607,0.548,3832.8,57.2,22.9,439.7,145.3,76.7,2.55,16.84,1.311,73.66,0.765,0.0,0.0,0.0,0.0,83.32,0,0.044,healthy,0.0,none,94.65
620,TRANSIT,11061.5,-5.8,0.787,0.713,4732.2,63.5,31.4,562.3,179.3,78.9,3.29,21.79,0.977,42.49,0.765,0.0,0.0,0.0,0.0,86.24,0,0.213,healthy,0.0,none,97.97
621,DESERT_PATROL,11074.9,12.1,0.617,0.558,3410.7,49.0,17.5,463.6,155.4,82.4,2.04,22.52,3.24,65.26,0.58,0.0,0.0,0.0,0.808,38.85,1,0.63,mechanical,0.81,none,32.82
622,ISR,2370.3,6.5,0.765,0.749,4613.1,83.9,40.6,548.7,176.0,87.8,2.93,23.84,1.048,40.1,0.765,0.0,0.0,0.0,0.0,86.48,0,0.033,healthy,0.0,none,100.35
623,ISR,13605.2,-11.7,0.506,0.447,3335.3,41.8,14.4,398.7,124.3,63.1,2.44,15.08,1.115,96.38,0.595,0.633,0.0,0.0,0.0,53.04,1,0.54,injector,0.63,none,52.43
624,ISR,10384.7,-4.1,0.703,0.641,3737.1,53.4,20.6,496.1,157.6,76.4,2.47,27.06,3.538,59.95,0.555,0.0,0.0,0.0,0.914,36.84,1,0.767,mechanical,0.91,none,35.71
625,TRANSIT,2947.9,5.7,0.737,0.718,4492.2,81.9,38.5,517.2,174.7,86.1,2.84,23.16,1.147,46.68,0.765,0.0,0.0,0.0,0.0,81.23,0,0.153,healthy,0.0,none,92.98
626,DESERT_PATROL,12721.9,9.6,0.746,0.665,4510.3,45.1,21.3,596.1,193.0,85.8,2.86,27.76,1.132,26.85,0.619,0.546,0.0,0.0,0.0,46.25,1,0.514,injector,0.55,none,45.93
627,HIGH_ALTITUDE,17177.3,-20.9,0.855,0.729,5063.6,53.4,28.7,605.3,181.9,69.1,3.86,21.49,0.791,38.46,0.765,0.0,0.0,0.0,0.0,88.58,0,0.023,healthy,0.0,none,100.48
628,HIGH_ALTITUDE,21459.3,-29.4,0.758,0.619,4592.9,45.3,21.8,525.0,155.2,60.2,3.64,17.81,1.085,66.6,0.765,0.0,0.0,0.0,0.0,88.44,0,0.157,healthy,0.0,none,99.87
629,HIGH_ALTITUDE,24280.1,-29.8,0.741,0.587,4541.1,40.1,18.8,518.6,149.8,58.6,3.61,16.35,1.114,70.33,0.765,0.0,0.0,0.0,0.0,76.18,0,0.228,healthy,0.0,none,79.25
630,ISR,14437.2,-14.5,0.536,0.47,3480.5,40.3,14.7,428.9,129.8,62.2,2.5,16.12,1.215,90.69,0.58,0.691,0.0,0.0,0.0,50.85,1,0.634,injector,0.69,none,45.31
631,DESERT_PATROL,15185.7,0.2,0.737,0.641,4499.6,52.1,24.4,536.3,172.9,79.9,3.01,18.93,1.141,47.62,0.765,0.0,0.0,0.0,0.0,89.17,0,0.044,healthy,0.0,none,101.61
632,TRANSIT,8698.9,-6.4,0.538,0.497,3349.2,61.8,21.5,375.2,120.7,68.4,2.25,16.79,1.792,99.06,0.701,0.0,0.0,0.0,0.278,64.31,0,0.139,mechanical,0.28,none,66.14
633,ISR,6488.5,5.4,0.58,0.548,3706.6,68.5,26.6,417.9,140.7,78.2,2.38,17.25,1.263,80.2,0.765,0.0,0.0,0.0,0.0,87.57,0,0.024,healthy,0.0,none,102.26
634,HIGH_ALTITUDE,23323.9,-39.5,0.948,0.758,5533.2,45.2,26.6,656.5,188.2,60.4,4.45,21.44,0.715,31.98,0.765,0.0,0.0,0.0,0.0,85.1,0,0.175,healthy,0.0,none,94.02
635,LOITER,4375.1,8.7,0.445,0.428,3018.7,68.8,21.9,314.9,121.4,74.6,1.87,13.6,0.893,98.81,0.765,0.0,0.506,0.0,0.0,57.93,1,0.404,cooling,0.51,none,64.84
636,LOITER,4551.9,6.4,0.552,0.531,3546.9,57.9,21.7,438.1,145.8,77.7,2.29,18.93,1.242,73.94,0.61,0.579,0.0,0.0,0.0,52.82,1,0.516,injector,0.58,none,51.22
637,DESERT_PATROL,10497.7,13.6,0.752,0.685,4059.4,52.5,22.2,561.9,187.3,89.5,2.41,26.68,3.099,34.01,0.594,0.0,0.0,0.0,0.744,32.63,1,0.651,mechanical,0.74,none,22.44
638,ISR,13345.1,-14.6,0.582,0.516,3711.1,56.6,21.9,404.5,126.0,64.8,2.73,15.38,1.285,95.13,0.765,0.0,0.0,0.0,0.0,73.26,0,0.278,sensor,0.21,drift,79.62
639,ISR,15481.7,-17.9,0.821,0.712,4662.2,38.3,18.5,650.4,196.1,71.3,3.44,30.41,2.979,26.62,0.494,0.352,0.0,0.0,0.352,31.12,1,0.637,combustion,0.7,none,25.9
640,HIGH_ALTITUDE,16001.5,-18.0,0.768,0.663,4632.7,54.4,26.4,538.5,165.6,69.4,3.46,19.53,1.042,55.9,0.765,0.0,0.0,0.0,0.0,89.83,0,0.246,healthy,0.0,none,107.87
641,LOITER,5080.8,3.9,0.433,0.414,2980.4,67.7,21.2,304.7,107.3,71.3,1.89,13.22,0.928,114.12,0.765,0.0,0.0,0.0,0.0,87.98,0,0.154,healthy,0.0,none,101.09
642,TRANSIT,4655.6,3.6,0.607,0.583,3835.6,74.6,29.9,429.6,144.2,88.9,1.71,18.58,1.296,76.33,0.765,0.0,0.0,0.489,0.0,55.46,1,0.438,lubrication,0.49,none,55.77
643,HIGH_ALTITUDE,24962.2,-29.5,0.819,0.643,4545.8,36.4,17.5,586.8,167.3,61.3,3.53,21.02,2.351,52.43,0.656,0.0,0.0,0.0,0.476,51.75,1,0.472,mechanical,0.48,none,50.23
644,LOITER,5054.7,1.5,0.521,0.498,3410.2,71.6,25.5,364.4,123.5,73.4,2.23,15.8,1.161,96.93,0.765,0.0,0.0,0.0,0.0,88.19,0,0.024,healthy,0.0,none,107.4
645,DESERT_PATROL,4547.1,23.4,0.574,0.552,3688.9,69.0,26.6,441.8,151.9,88.3,2.1,17.52,1.284,66.82,0.765,0.0,0.0,0.0,0.0,73.67,0,0.216,healthy,0.0,none,84.1
646,ISR,10965.1,-6.2,0.62,0.562,3907.1,61.0,25.0,434.8,139.7,71.5,2.66,16.99,1.27,80.1,0.765,0.0,0.0,0.0,0.0,85.21,0,0.066,healthy,0.0,none,99.02
647,DESERT_PATROL,7340.3,22.8,0.751,0.704,4565.0,65.7,31.5,559.1,196.0,95.7,2.51,22.21,1.052,21.9,0.765,0.0,0.342,0.0,0.0,52.96,1,0.288,cooling,0.34,none,50.13
648,DESERT_PATROL,13449.1,0.0,0.645,0.571,4066.1,42.4,17.8,509.5,165.4,75.0,2.72,19.22,1.297,55.43,0.596,0.633,0.0,0.0,0.0,52.28,1,0.575,injector,0.63,none,50.87
649,DESERT_PATROL,10402.0,14.2,0.626,0.57,3942.4,39.9,16.3,537.5,175.2,84.9,2.42,21.19,1.332,43.07,0.525,0.895,0.0,0.0,0.0,43.54,1,0.815,injector,0.9,none,45.45
650,LOITER,3961.6,9.2,0.493,0.476,3265.1,71.6,24.5,357.3,123.5,77.0,2.04,15.18,1.101,96.85,0.765,0.0,0.0,0.0,0.0,79.04,0,0.097,healthy,0.0,none,88.52
651,HIGH_ALTITUDE,21370.9,-25.4,0.925,0.755,5414.2,46.2,25.9,658.0,213.4,68.5,4.19,21.51,0.713,4.49,0.765,0.0,0.944,0.0,0.0,40.65,1,0.784,cooling,0.94,none,36.72
652,HIGH_ALTITUDE,15508.0,-16.7,0.817,0.708,4878.3,40.7,20.7,642.4,191.5,71.1,3.58,24.39,0.893,27.81,0.558,0.772,0.0,0.0,0.0,46.97,1,0.691,injector,0.77,none,39.62
653,LOITER,6240.2,0.7,0.449,0.425,2600.3,54.8,15.0,316.6,107.0,69.1,1.6,18.91,3.235,113.12,0.54,0.0,0.0,0.0,0.978,35.32,1,0.882,mechanical,0.98,none,28.17
654,DESERT_PATROL,4724.3,31.9,0.846,0.812,5037.3,71.7,37.9,638.3,217.9,105.6,2.59,25.43,0.834,-0.11,0.765,0.0,0.0,0.0,0.0,68.51,0,0.085,healthy,0.0,none,71.29
655,LOITER,4034.0,4.6,0.585,0.565,3715.4,75.5,29.2,411.2,140.5,86.9,1.69,17.98,1.273,80.48,0.765,0.0,0.0,0.471,0.0,56.02,1,0.41,lubrication,0.47,none,55.62
656,HIGH_ALTITUDE,21501.1,-26.8,0.886,0.722,5237.2,45.9,25.2,622.4,185.0,66.5,4.01,20.73,0.71,35.64,0.765,0.0,0.0,0.0,0.0,88.66,0,0.166,healthy,0.0,none,103.37
657,DESERT_PATROL,13164.0,15.8,0.64,0.568,4017.9,52.0,21.9,486.5,163.2,84.8,2.45,17.17,1.276,56.45,0.765,0.0,0.0,0.0,0.0,81.08,0,0.131,healthy,0.0,none,92.83
658,DESERT_PATROL,5337.3,21.6,0.833,0.795,4965.5,72.4,37.8,615.3,206.9,99.1,2.76,25.33,0.845,11.14,0.765,0.0,0.0,0.0,0.0,71.17,0,0.152,healthy,0.0,none,79.28
659,DESERT_PATROL,13339.9,9.3,0.505,0.447,3187.7,48.1,16.0,372.9,126.8,76.5,2.01,14.64,1.658,92.15,0.706,0.0,0.0,0.0,0.258,65.71,0,0.234,mechanical,0.26,none,75.51
660,TRANSIT,8279.4,-4.5,0.552,0.513,3372.8,45.3,16.1,461.5,146.6,70.5,2.31,22.76,3.063,73.54,0.5,0.343,0.0,0.0,0.343,36.38,1,0.641,combustion,0.69,none,32.93
661,DESERT_PATROL,9774.0,8.9,0.593,0.543,3755.0,59.9,23.9,431.6,145.1,80.1,2.4,16.73,1.218,73.52,0.765,0.0,0.0,0.0,0.0,82.36,0,0.235,healthy,0.0,none,95.25
662,ISR,2987.1,6.6,0.691,0.674,4283.3,80.5,35.7,487.2,170.0,83.3,2.68,21.43,1.21,49.0,0.765,0.0,0.409,0.0,0.0,58.25,1,0.361,cooling,0.41,none,59.67
663,LOITER,3644.5,8.5,0.544,0.527,3527.5,74.3,27.4,394.7,133.1,78.9,2.19,16.8,1.193,86.26,0.765,0.0,0.0,0.0,0.0,81.98,0,0.074,healthy,0.0,none,90.25
664,DESERT_PATROL,4535.2,23.1,0.75,0.721,4562.4,72.9,35.0,557.0,192.8,96.3,2.55,22.78,1.084,28.53,0.765,0.0,0.0,0.0,0.0,78.51,0,0.181,healthy,0.0,none,90.69
665,DESERT_PATROL,2586.9,32.2,0.677,0.662,4187.9,74.6,32.7,514.7,185.7,99.7,2.22,21.25,1.255,37.44,0.765,0.0,0.0,0.0,0.0,74.66,0,0.133,healthy,0.0,none,82.13
666,DESERT_PATROL,13082.0,10.2,0.619,0.549,3897.7,52.9,21.7,466.4,152.5,80.4,2.46,16.48,1.351,66.05,0.765,0.0,0.0,0.0,0.0,56.77,1,0.559,sensor,0.66,freeze,58.1
667,TRANSIT,6010.7,5.5,0.537,0.51,3484.2,68.5,25.0,382.9,129.0,76.5,2.26,16.22,1.186,89.67,0.765,0.0,0.0,0.0,0.0,76.52,0,0.09,healthy,0.0,none,84.29
668,ISR,1527.4,8.2,0.613,0.605,3875.8,82.5,33.6,430.1,148.7,82.1,2.4,19.26,1.294,72.09,0.765,0.0,0.0,0.0,0.0,59.03,1,0.377,sensor,0.49,spike,64.08
669,ISR,3766.5,10.4,0.674,0.652,4175.1,76.8,33.2,494.6,163.8,86.0,2.56,20.75,1.248,56.13,0.765,0.0,0.0,0.0,0.0,83.57,0,0.075,healthy,0.0,none,92.26
670,LOITER,6879.3,-2.8,0.468,0.44,2718.2,56.0,16.0,320.4,107.3,68.1,1.76,19.06,2.883,111.85,0.563,0.0,0.0,0.0,0.882,37.49,1,0.809,mechanical,0.88,none,34.44
671,TRANSIT,7433.3,-0.5,0.566,0.53,3641.5,67.2,25.6,400.2,131.4,73.6,2.41,16.76,1.263,88.02,0.765,0.0,0.0,0.0,0.0,85.47,0,0.139,healthy,0.0,none,96.44
672,DESERT_PATROL,9749.1,12.9,0.757,0.694,4584.9,62.0,29.8,572.7,188.0,88.2,2.78,21.14,1.112,33.76,0.765,0.0,0.0,0.0,0.0,81.08,0,0.23,healthy,0.0,none,82.22
673,LOITER,6643.2,0.6,0.506,0.477,3328.4,67.2,23.5,347.3,118.4,71.8,2.22,14.73,1.101,100.7,0.765,0.0,0.0,0.0,0.0,87.72,0,0.108,healthy,0.0,none,101.55
674,LOITER,6637.7,2.2,0.423,0.399,2917.2,63.8,19.5,295.9,103.7,79.2,1.29,12.6,0.846,117.56,0.765,0.0,0.0,0.501,0.0,57.36,1,0.463,lubrication,0.5,none,63.07
675,TRANSIT,5702.2,7.9,0.717,0.682,4384.1,73.0,33.5,522.6,172.5,85.1,2.75,21.78,1.163,48.14,0.765,0.0,0.0,0.0,0.0,80.58,0,0.143,healthy,0.0,none,93.53
676,LOITER,4808.3,6.4,0.422,0.404,2907.9,67.3,20.6,294.3,106.4,71.7,1.85,12.77,0.854,114.66,0.765,0.0,0.0,0.0,0.0,85.99,0,0.132,healthy,0.0,none,99.79
677,HIGH_ALTITUDE,24935.8,-37.3,0.744,0.585,4276.2,26.8,11.9,585.4,163.9,53.8,3.36,27.67,3.377,56.05,0.481,0.372,0.0,0.0,0.372,38.97,1,0.695,combustion,0.74,none,37.19
678,HIGH_ALTITUDE,21656.5,-30.2,0.823,0.671,4928.0,45.7,23.5,576.8,183.0,62.0,3.92,18.99,0.878,36.58,0.765,0.0,0.784,0.0,0.0,54.77,1,0.635,cooling,0.78,none,54.14
679,HIGH_ALTITUDE,15559.3,-15.4,0.736,0.637,4476.4,54.4,25.4,527.0,158.8,69.4,3.26,18.69,1.112,61.0,0.765,0.0,0.0,0.0,0.0,84.29,0,0.138,healthy,0.0,none,94.52
680,HIGH_ALTITUDE,23824.1,-28.5,0.843,0.671,5014.1,41.5,22.0,595.1,175.2,63.6,4.0,18.7,0.821,46.31,0.765,0.0,0.0,0.0,0.0,61.7,1,0.833,sensor,0.98,noise,61.91
681,HIGH_ALTITUDE,16456.3,-18.3,0.874,0.751,5167.6,54.6,29.6,626.5,212.6,72.6,3.78,22.29,0.744,8.84,0.765,0.0,1.0,0.0,0.0,39.06,1,0.903,cooling,1.0,none,38.26
682,TRANSIT,2356.3,7.9,0.832,0.815,4944.1,84.8,44.1,592.7,196.3,91.2,2.97,26.26,0.838,24.32,0.765,0.0,0.0,0.0,0.0,80.23,0,0.134,healthy,0.0,none,86.47
683,DESERT_PATROL,11387.7,13.6,0.585,0.528,3725.3,55.2,21.5,437.3,149.4,81.1,2.33,16.48,1.273,71.0,0.765,0.0,0.0,0.0,0.0,81.23,0,0.103,healthy,0.0,none,86.36
684,LOITER,7046.8,1.2,0.476,0.447,2886.7,58.1,17.5,336.6,111.6,71.0,1.86,17.42,2.398,106.65,0.617,0.0,0.0,0.0,0.643,45.98,1,0.468,mechanical,0.64,none,42.44
685,LOITER,3795.8,4.1,0.471,0.456,3165.8,72.5,23.9,327.3,114.0,72.6,2.01,14.72,1.01,106.02,0.765,0.0,0.0,0.0,0.0,86.34,0,0.173,healthy,0.0,none,97.14
686,HIGH_ALTITUDE,22405.1,-31.4,0.889,0.718,4561.0,38.6,18.5,621.0,181.6,63.8,3.51,27.53,3.124,38.55,0.573,0.0,0.0,0.0,0.838,37.49,1,0.732,mechanical,0.84,none,34.23
687,HIGH_ALTITUDE,23918.7,-34.6,0.772,0.614,4672.8,41.8,20.5,543.0,150.6,56.7,3.75,17.01,1.044,67.55,0.765,0.0,0.0,0.0,0.0,92.66,0,0.231,healthy,0.0,none,107.66
688,HIGH_ALTITUDE,23362.9,-31.2,0.754,0.603,4576.9,42.0,20.0,531.3,153.2,67.8,2.58,16.85,1.106,68.83,0.765,0.0,0.0,0.473,0.0,56.83,1,0.487,lubrication,0.47,none,61.16
689,DESERT_PATROL,9241.2,22.0,0.707,0.651,4335.4,60.5,27.5,534.6,182.9,93.7,2.51,20.02,1.23,37.43,0.765,0.0,0.0,0.0,0.0,79.44,0,0.214,healthy,0.0,none,90.43
690,HIGH_ALTITUDE,20088.9,-26.1,0.716,0.592,4380.2,46.9,21.6,495.6,144.5,60.5,3.35,17.1,1.154,73.68,0.765,0.0,0.0,0.0,0.0,89.79,0,0.053,healthy,0.0,none,104.58
691,TRANSIT,7783.2,-3.2,0.55,0.513,3547.3,66.5,24.7,381.5,126.7,70.9,2.38,16.14,1.227,93.87,0.765,0.0,0.0,0.0,0.0,76.0,0,0.094,healthy,0.0,none,82.02
692,TRANSIT,5672.7,3.1,0.774,0.736,4670.2,75.3,37.0,556.1,179.2,85.9,2.96,23.53,1.021,39.73,0.765,0.0,0.0,0.0,0.0,83.23,0,0.199,healthy,0.0,none,91.51
693,HIGH_ALTITUDE,15135.1,-21.2,0.791,0.688,4741.6,39.1,19.6,631.2,187.6,68.1,3.55,24.45,0.969,34.76,0.521,0.911,0.0,0.0,0.0,46.18,1,0.908,injector,0.91,none,43.58
694,DESERT_PATROL,5162.8,27.9,0.827,0.79,4919.5,71.2,36.8,633.3,213.7,103.4,2.61,25.04,0.86,7.27,0.765,0.0,0.0,0.0,0.0,68.41,0,0.137,healthy,0.0,none,78.17
695,ISR,2150.9,16.5,0.649,0.637,4054.3,79.2,33.7,475.0,163.0,88.4,2.38,20.67,1.261,56.96,0.765,0.0,0.0,0.0,0.0,81.53,0,0.22,healthy,0.0,none,90.05
696,ISR,1563.5,14.0,0.751,0.741,4575.4,83.9,40.0,536.6,182.3,92.0,2.69,23.72,1.101,37.05,0.765,0.0,0.0,0.0,0.0,79.16,0,0.059,healthy,0.0,none,97.91
697,LOITER,7501.6,1.1,0.533,0.499,3252.6,40.8,13.7,454.9,146.4,73.3,2.12,24.3,3.427,72.52,0.444,0.43,0.0,0.0,0.43,33.58,1,0.739,combustion,0.86,none,28.33
698,ISR,5023.8,8.1,0.85,0.813,5061.5,77.0,40.5,613.3,200.6,91.0,3.03,26.13,0.814,19.02,0.765,0.0,0.0,0.0,0.0,79.34,0,0.054,healthy,0.0,none,87.96
699,TRANSIT,9108.3,1.4,0.66,0.609,3819.9,39.6,15.7,547.3,172.1,79.0,2.48,35.68,3.759,47.76,0.439,0.439,0.0,0.0,0.439,31.92,1,0.795,combustion,0.88,none,29.88
700,DESERT_PATROL,4853.7,21.2,0.78,0.748,4368.8,67.4,30.9,588.3,198.0,95.8,2.46,27.57,2.324,23.32,0.657,0.0,0.0,0.0,0.471,36.19,1,0.539,mechanical,0.47,none,34.2
701,TRANSIT,14347.5,-11.8,0.71,0.623,4355.4,41.9,19.1,561.3,172.1,71.3,3.13,21.52,1.213,49.02,0.573,0.716,0.0,0.0,0.0,52.72,1,0.66,injector,0.72,none,53.77
702,HIGH_ALTITUDE,24918.3,-35.1,0.767,0.603,4355.1,25.8,11.8,618.0,173.4,56.0,3.4,30.31,3.452,48.5,0.463,0.4,0.0,0.0,0.4,37.09,1,0.781,combustion,0.8,none,33.01
703,LOITER,7284.8,-4.8,0.537,0.503,3139.0,60.3,19.9,371.4,121.2,69.8,2.07,19.6,2.711,98.23,0.612,0.0,0.0,0.0,0.666,42.12,1,0.605,mechanical,0.67,none,39.9
704,DESERT_PATROL,5488.7,19.2,0.762,0.726,4605.4,71.5,34.7,570.0,191.3,93.6,2.67,22.97,1.117,28.83,0.765,0.0,0.0,0.0,0.0,77.78,0,0.224,healthy,0.0,none,84.74
705,ISR,12028.8,-7.2,0.779,0.699,4698.8,61.3,30.1,558.0,173.5,76.5,3.2,21.18,0.968,45.23,0.765,0.0,0.0,0.0,0.0,88.04,0,0.155,healthy,0.0,none,100.7
706,ISR,3353.5,6.0,0.832,0.808,4955.0,82.2,42.7,592.2,194.1,90.7,3.05,25.75,0.857,25.46,0.765,0.0,0.0,0.0,0.0,50.06,1,0.754,sensor,0.79,drift,48.94
707,LOITER,6089.3,6.1,0.533,0.505,3457.9,68.1,24.7,384.6,129.5,76.0,2.22,15.92,1.135,90.11,0.765,0.0,0.0,0.0,0.0,75.2,0,0.221,healthy,0.0,none,85.93
708,HIGH_ALTITUDE,21568.2,-24.7,0.75,0.611,4553.9,44.1,21.1,536.2,156.8,63.1,3.62,17.51,1.101,64.55,0.765,0.0,0.0,0.0,0.0,67.48,0,0.163,healthy,0.0,none,66.84
709,LOITER,7205.5,-0.9,0.599,0.562,3798.1,68.7,27.0,420.7,139.2,74.5,2.52,17.64,1.286,81.15,0.765,0.0,0.0,0.0,0.0,84.21,0,0.229,healthy,0.0,none,97.33
710,HIGH_ALTITUDE,17304.0,-22.9,0.871,0.742,4793.2,32.4,16.3,693.4,203.3,70.0,3.58,42.55,3.479,17.0,0.43,0.453,0.0,0.0,0.453,23.81,1,0.815,combustion,0.91,none,20.55
711,TRANSIT,13779.5,-15.0,0.625,0.551,3934.9,56.5,23.4,434.5,135.4,65.0,2.85,16.48,1.33,85.81,0.765,0.0,0.0,0.0,0.0,81.62,0,0.146,healthy,0.0,none,94.32
712,TRANSIT,12306.5,-4.5,0.718,0.642,4407.1,59.2,27.3,510.3,162.1,87.8,1.89,19.19,1.196,56.55,0.765,0.0,0.0,0.586,0.0,54.61,1,0.54,lubrication,0.59,none,54.53
713,TRANSIT,8386.0,-5.8,0.793,0.736,4758.1,70.5,35.0,562.0,177.8,80.3,3.12,22.66,0.969,42.15,0.765,0.0,0.0,0.0,0.0,87.98,0,0.035,healthy,0.0,none,98.59
714,ISR,15490.3,-13.3,0.546,0.473,3527.3,50.9,18.8,375.6,118.3,63.5,2.54,13.98,1.206,101.77,0.765,0.0,0.0,0.0,0.0,87.84,0,0.071,healthy,0.0,none,99.44
715,ISR,15750.8,-14.4,0.794,0.687,4778.5,54.5,27.1,563.9,174.6,72.5,3.48,20.18,0.957,46.92,0.765,0.0,0.0,0.0,0.0,88.13,0,0.086,healthy,0.0,none,96.7
716,HIGH_ALTITUDE,21831.8,-26.8,0.713,0.58,4311.1,38.9,17.5,517.9,151.9,60.0,3.37,18.96,1.782,67.62,0.67,0.112,0.0,0.0,0.112,69.42,0,0.269,combustion,0.22,none,76.8
717,ISR,3335.4,10.3,0.579,0.562,3690.0,75.7,29.2,417.0,143.2,81.4,2.29,18.13,1.275,77.2,0.765,0.0,0.0,0.0,0.0,85.18,0,0.25,healthy,0.0,none,95.54
718,LOITER,6677.3,4.6,0.416,0.392,2883.3,62.8,18.9,297.9,103.6,70.9,1.82,12.25,0.846,117.02,0.765,0.0,0.0,0.0,0.0,88.59,0,0.095,healthy,0.0,none,101.39
719,TRANSIT,2131.2,13.0,0.588,0.577,3752.3,78.6,30.8,427.3,146.3,98.1,1.28,18.72,1.244,73.36,0.765,0.0,0.0,0.699,0.0,52.52,1,0.645,lubrication,0.7,none,52.13
720,DESERT_PATROL,5029.0,22.3,0.673,0.644,4173.7,70.3,30.8,502.0,171.1,99.7,1.76,20.42,1.309,45.87,0.765,0.0,0.0,0.393,0.0,56.16,1,0.396,lubrication,0.39,none,59.19
721,ISR,8827.5,-5.1,0.705,0.652,4324.5,67.7,30.6,503.0,158.5,76.2,2.91,20.39,1.219,60.89,0.765,0.0,0.0,0.0,0.0,82.48,0,0.24,healthy,0.0,none,97.62
722,DESERT_PATROL,9904.7,17.3,0.713,0.652,3945.6,53.6,22.0,535.1,179.5,89.4,2.3,24.81,2.894,39.86,0.616,0.0,0.0,0.0,0.648,37.48,1,0.537,mechanical,0.65,none,29.6
723,LOITER,5261.8,-1.0,0.434,0.414,2967.8,68.4,21.2,297.1,102.0,68.3,1.96,13.17,0.894,118.11,0.765,0.0,0.0,0.0,0.0,58.19,1,0.681,sensor,0.77,noise,57.63
724,HIGH_ALTITUDE,23817.1,-33.3,0.935,0.745,5467.6,43.0,24.6,663.1,189.5,63.6,4.32,20.62,0.712,29.41,0.765,0.0,0.0,0.0,0.0,60.33,1,0.435,sensor,0.47,spike,61.53
725,HIGH_ALTITUDE,18840.2,-18.0,0.914,0.766,5350.4,49.8,28.3,660.0,199.4,73.5,3.9,22.41,0.684,22.48,0.765,0.0,0.0,0.0,0.0,69.58,0,0.208,sensor,0.22,noise,77.21
726,ISR,9260.4,-3.0,0.831,0.765,4912.6,68.0,35.1,595.4,192.7,82.5,3.25,23.75,0.859,26.31,0.765,0.0,0.303,0.0,0.0,61.79,1,0.199,cooling,0.3,none,66.35
727,HIGH_ALTITUDE,16953.6,-18.4,0.722,0.617,4263.5,50.0,22.3,502.2,151.9,67.4,3.12,19.43,1.795,66.35,0.712,0.0,0.0,0.0,0.229,69.4,0,0.221,mechanical,0.23,none,73.12
728,ISR,6569.1,0.3,0.676,0.638,4185.2,71.8,31.2,474.0,155.0,78.7,2.75,19.73,1.284,63.49,0.765,0.0,0.0,0.0,0.0,85.01,0,0.144,healthy,0.0,none,98.17
729,LOITER,7863.4,-1.2,0.457,0.426,3102.7,62.9,20.3,317.3,107.7,85.0,1.01,13.22,0.946,112.63,0.765,0.0,0.0,0.854,0.0,52.47,1,0.74,lubrication,0.85,none,54.16
730,ISR,10590.6,-5.7,0.618,0.562,3731.2,59.2,23.1,439.2,139.1,72.5,2.52,18.95,1.909,80.15,0.703,0.0,0.0,0.0,0.268,62.34,0,0.321,mechanical,0.27,none,63.98
731,HIGH_ALTITUDE,21019.8,-26.6,0.874,0.717,5166.5,46.7,25.2,623.8,183.8,66.7,3.97,20.53,0.75,38.15,0.765,0.0,0.0,0.0,0.0,86.18,0,0.064,healthy,0.0,none,96.23
732,ISR,13884.7,-13.7,0.531,0.468,3450.8,54.1,19.4,364.8,112.8,62.8,2.53,14.14,1.162,105.66,0.765,0.0,0.0,0.0,0.0,86.72,0,0.116,healthy,0.0,none,102.16
733,TRANSIT,3246.7,9.9,0.523,0.508,3391.0,74.3,26.5,378.2,130.0,79.5,2.1,16.41,1.154,89.84,0.765,0.0,0.0,0.0,0.0,81.56,0,0.109,healthy,0.0,none,97.08
734,DESERT_PATROL,14402.6,6.6,0.765,0.67,4632.6,52.9,25.8,572.2,186.2,84.5,2.95,19.86,1.024,36.14,0.765,0.0,0.0,0.0,0.0,82.57,0,0.206,healthy,0.0,none,91.09
735,DESERT_PATROL,1624.7,37.8,0.791,0.78,4774.7,78.0,39.0,606.3,223.9,107.6,2.36,25.23,0.968,-3.38,0.765,0.0,0.622,0.0,0.0,35.03,1,0.624,cooling,0.62,none,27.08
736,HIGH_ALTITUDE,15176.5,-13.0,0.829,0.721,4934.4,55.9,29.2,596.2,181.8,74.9,3.5,21.23,0.895,38.07,0.765,0.0,0.0,0.0,0.0,60.6,1,0.396,sensor,0.5,noise,64.51
737,TRANSIT,12852.0,-7.4,0.576,0.513,3676.8,56.0,21.8,404.3,145.4,68.5,2.56,15.7,1.263,76.0,0.765,0.0,0.729,0.0,0.0,52.04,1,0.687,cooling,0.73,none,54.69
738,TRANSIT,5567.8,2.4,0.509,0.484,3348.7,69.6,24.4,363.8,121.3,73.1,2.16,15.43,1.101,98.72,0.765,0.0,0.0,0.0,0.0,87.14,0,0.113,healthy,0.0,none,101.45
739,LOITER,5725.4,5.0,0.532,0.506,3317.5,50.3,17.3,452.6,146.7,76.3,2.09,24.21,2.646,72.12,0.53,0.299,0.0,0.0,0.299,41.71,1,0.466,combustion,0.6,none,37.55
740,TRANSIT,13855.4,-12.8,0.645,0.569,4018.9,56.3,23.7,454.4,140.2,68.0,2.88,17.05,1.344,79.41,0.765,0.0,0.0,0.0,0.0,85.81,0,0.198,healthy,0.0,none,95.8
741,DESERT_PATROL,14332.8,9.7,0.761,0.668,4583.4,52.4,25.2,577.2,185.0,86.3,2.89,20.04,1.078,34.36,0.765,0.0,0.0,0.0,0.0,79.7,0,0.217,healthy,0.0,none,87.9
742,LOITER,3020.5,5.6,0.402,0.392,2402.8,59.2,15.0,282.5,99.8,71.1,1.4,17.62,3.023,119.94,0.546,0.0,0.0,0.0,0.955,35.81,1,0.846,mechanical,0.96,none,32.11
743,ISR,13802.0,-15.2,0.758,0.668,4589.6,53.3,25.7,555.2,168.4,70.9,3.29,21.29,1.095,50.87,0.696,0.259,0.0,0.0,0.0,72.25,0,0.257,injector,0.26,none,73.4
744,ISR,9810.2,-6.6,0.561,0.514,3488.3,52.7,19.4,412.7,131.0,69.1,2.42,20.03,2.067,87.75,0.628,0.166,0.0,0.0,0.166,55.69,1,0.295,combustion,0.33,none,58.81
745,DESERT_PATROL,9396.9,15.5,0.682,0.627,4214.6,61.1,26.9,507.8,173.3,87.5,2.6,19.21,1.272,48.35,0.765,0.0,0.0,0.0,0.0,85.08,0,0.138,healthy,0.0,none,101.02
746,TRANSIT,1225.3,13.8,0.609,0.603,3854.5,81.7,32.9,438.5,158.5,84.1,2.36,19.75,1.345,58.54,0.765,0.0,0.541,0.0,0.0,53.22,1,0.595,cooling,0.54,none,56.28
747,LOITER,6646.2,2.3,0.575,0.542,3670.1,68.7,26.3,408.3,135.1,76.4,2.46,17.07,1.262,83.91,0.765,0.0,0.0,0.0,0.0,66.75,0,0.328,sensor,0.3,spike,69.91
748,ISR,4819.9,-0.4,0.849,0.814,5048.0,80.0,42.2,601.8,194.2,86.1,3.22,25.54,0.832,26.44,0.765,0.0,0.0,0.0,0.0,82.68,0,0.043,healthy,0.0,none,99.29
749,HIGH_ALTITUDE,20354.1,-21.8,0.897,0.741,5283.3,38.3,21.0,679.3,203.2,69.9,3.93,23.4,0.728,17.84,0.62,0.541,0.0,0.0,0.0,49.25,1,0.425,injector,0.54,none,44.41
750,DESERT_PATROL,2496.5,33.3,0.519,0.508,3403.5,70.5,25.2,400.9,148.7,92.9,1.83,16.21,1.145,71.06,0.765,0.0,0.0,0.0,0.0,83.69,0,0.235,healthy,0.0,none,96.91
751,HIGH_ALTITUDE,22097.9,-27.4,0.821,0.665,4897.3,44.3,22.6,572.5,170.4,63.5,3.8,18.9,0.867,50.73,0.765,0.0,0.0,0.0,0.0,68.9,1,0.35,sensor,0.39,drift,72.18
752,LOITER,7811.0,-2.3,0.458,0.427,2868.2,58.7,17.7,320.4,106.0,68.0,1.85,15.52,1.954,113.42,0.66,0.0,0.0,0.0,0.459,51.06,1,0.404,mechanical,0.46,none,51.81
753,HIGH_ALTITUDE,18666.4,-26.0,0.855,0.718,5109.3,51.2,27.2,604.7,176.8,67.0,3.96,20.58,0.788,42.49,0.765,0.0,0.0,0.0,0.0,61.5,1,0.687,sensor,0.88,freeze,67.06
754,ISR,14643.8,-18.4,0.722,0.631,4404.9,56.9,26.2,498.3,154.6,66.9,3.25,18.98,1.17,66.86,0.765,0.0,0.0,0.0,0.0,80.61,0,0.24,healthy,0.0,none,90.87
755,DESERT_PATROL,5724.3,17.8,0.607,0.577,3833.6,68.2,27.6,448.5,156.2,86.0,2.31,18.24,1.3,63.99,0.765,0.0,0.0,0.0,0.0,83.77,0,0.189,healthy,0.0,none,91.58
756,HIGH_ALTITUDE,19346.8,-26.9,0.748,0.624,4531.2,48.9,23.3,517.4,152.7,61.9,3.51,17.75,1.088,67.11,0.765,0.0,0.0,0.0,0.0,87.41,0,0.081,healthy,0.0,none,98.61
757,LOITER,5327.4,6.4,0.589,0.562,3756.7,71.5,28.2,428.3,142.9,79.7,2.41,18.01,1.327,77.82,0.765,0.0,0.0,0.0,0.0,67.86,0,0.258,sensor,0.29,spike,68.92
758,DESERT_PATROL,8660.2,19.2,0.667,0.617,4132.3,61.8,27.0,502.2,170.8,89.6,2.43,19.1,1.214,48.76,0.765,0.0,0.0,0.0,0.0,85.39,0,0.204,healthy,0.0,none,99.7
759,TRANSIT,7326.6,-3.4,0.58,0.544,3707.1,68.5,26.6,410.4,132.8,72.9,2.48,17.32,1.298,87.43,0.765,0.0,0.0,0.0,0.0,84.74,0,0.204,healthy,0.0,none,99.14
760,HIGH_ALTITUDE,18771.8,-21.5,0.926,0.777,5410.1,50.7,28.6,660.8,199.2,71.4,4.04,22.64,0.731,22.76,0.765,0.0,0.0,0.0,0.0,78.77,0,0.175,healthy,0.0,none,89.79
761,LOITER,6076.7,3.9,0.482,0.457,2857.9,58.8,17.6,340.0,115.9,72.5,1.78,18.23,2.693,103.1,0.599,0.0,0.0,0.0,0.725,42.13,1,0.582,mechanical,0.72,none,34.59
762,TRANSIT,5808.4,1.1,0.533,0.506,3458.2,70.0,25.3,375.2,125.3,73.5,2.3,16.1,1.173,94.46,0.765,0.0,0.0,0.0,0.0,85.81,0,0.238,healthy,0.0,none,92.41
763,DESERT_PATROL,6740.9,18.9,0.765,0.721,4631.6,68.3,32.8,564.5,190.9,93.4,2.67,22.46,1.067,27.93,0.765,0.0,0.0,0.0,0.0,49.88,1,0.655,sensor,0.74,noise,47.39
764,DESERT_PATROL,11663.4,14.0,0.841,0.757,4998.4,58.3,30.5,630.2,204.2,92.2,2.98,22.92,0.838,13.72,0.765,0.0,0.0,0.0,0.0,72.95,0,0.224,healthy,0.0,none,81.9
765,HIGH_ALTITUDE,21773.0,-28.0,0.876,0.712,5185.9,45.5,24.7,616.3,181.3,65.3,4.08,20.17,0.771,38.85,0.765,0.0,0.0,0.0,0.0,79.19,0,0.168,healthy,0.0,none,90.4
766,LOITER,3632.3,12.0,0.569,0.551,3573.5,64.8,24.2,441.8,150.7,81.9,2.23,21.08,1.928,69.85,0.656,0.13,0.0,0.0,0.13,62.94,0,0.174,combustion,0.26,none,71.33
767,ISR,9199.2,-0.2,0.653,0.601,4053.1,53.7,22.8,509.8,160.4,77.0,2.74,24.07,1.341,58.16,0.636,0.483,0.0,0.0,0.0,54.6,1,0.454,injector,0.48,none,52.16
768,LOITER,6605.6,1.0,0.471,0.444,2885.0,59.7,18.2,331.1,112.1,70.9,1.84,17.08,2.315,108.11,0.633,0.0,0.0,0.0,0.577,47.49,1,0.418,mechanical,0.58,none,44.9
769,LOITER,5898.7,2.9,0.533,0.506,3494.2,48.6,17.6,443.7,146.6,74.5,2.29,18.79,1.197,74.96,0.536,0.857,0.0,0.0,0.0,47.74,1,0.807,injector,0.86,none,42.35
770,HIGH_ALTITUDE,23312.5,-34.9,0.892,0.714,5043.4,42.0,22.1,630.7,176.5,61.2,4.05,21.98,1.551,40.77,0.701,0.0,0.0,0.0,0.281,68.57,0,0.178,mechanical,0.28,none,70.04
771,ISR,13088.6,-8.5,0.598,0.531,3802.9,56.2,22.4,412.8,134.0,68.7,2.64,16.03,1.32,86.51,0.765,0.0,0.0,0.0,0.0,83.4,0,0.219,healthy,0.0,none,94.24
772,HIGH_ALTITUDE,23941.8,-32.7,0.757,0.602,4597.3,41.3,19.7,528.8,172.7,57.2,3.61,16.99,1.075,47.17,0.765,0.0,0.968,0.0,0.0,53.39,1,0.894,cooling,0.97,none,56.98
773,DESERT_PATROL,2144.5,32.6,0.756,0.743,4593.7,77.3,37.1,570.6,200.5,103.6,2.35,23.94,1.074,19.94,0.765,0.0,0.0,0.0,0.0,49.67,1,0.304,sensor,0.41,noise,50.12
774,HIGH_ALTITUDE,21460.5,-32.1,0.738,0.602,4495.9,33.6,15.8,572.3,161.9,57.8,3.56,26.85,1.143,57.93,0.564,0.751,0.0,0.0,0.0,54.69,1,0.707,injector,0.75,none,56.61
775,ISR,8306.2,0.9,0.807,0.75,4851.3,69.2,35.0,587.2,186.9,83.6,3.12,23.32,0.905,33.31,0.765,0.0,0.0,0.0,0.0,55.85,1,0.516,sensor,0.57,noise,54.41
776,ISR,7059.6,3.3,0.661,0.621,4112.7,69.4,29.7,474.6,154.2,80.0,2.67,19.51,1.271,64.02,0.765,0.0,0.0,0.0,0.0,86.23,0,0.12,healthy,0.0,none,96.63
777,HIGH_ALTITUDE,18881.0,-16.1,0.761,0.637,4603.1,44.4,21.3,560.4,168.9,68.9,3.38,19.5,1.049,50.9,0.709,0.211,0.0,0.0,0.0,76.68,0,0.222,injector,0.21,none,83.21
778,LOITER,5869.9,8.3,0.527,0.501,3441.7,67.9,24.6,375.8,131.3,77.2,2.2,15.76,1.157,89.51,0.765,0.0,0.0,0.0,0.0,82.19,0,0.12,healthy,0.0,none,94.17
779,LOITER,4488.4,8.1,0.407,0.391,2841.2,67.0,19.9,290.1,103.1,72.7,1.78,12.44,0.856,116.55,0.765,0.0,0.0,0.0,0.0,87.37,0,0.249,healthy,0.0,none,108.19
780,ISR,14848.4,-15.4,0.741,0.647,4509.6,56.1,26.5,523.1,158.7,69.8,3.28,19.2,1.128,59.93,0.765,0.0,0.0,0.0,0.0,60.06,1,0.739,sensor,0.87,freeze,63.08
781,LOITER,4007.0,6.2,0.592,0.571,3633.9,59.4,22.8,465.9,157.2,79.4,2.29,22.77,2.463,64.76,0.583,0.225,0.0,0.0,0.225,44.2,1,0.51,combustion,0.45,none,40.98
782,TRANSIT,14222.3,-11.9,0.646,0.567,4033.2,55.3,23.3,453.3,142.1,68.4,2.89,16.99,1.283,78.49,0.765,0.0,0.0,0.0,0.0,87.37,0,0.139,healthy,0.0,none,101.35
783,LOITER,7021.9,3.1,0.413,0.388,2615.4,56.2,15.4,288.6,101.6,69.0,1.6,14.72,2.174,118.9,0.629,0.0,0.0,0.0,0.593,46.41,1,0.622,mechanical,0.59,none,45.46
784,TRANSIT,8229.9,2.9,0.525,0.488,3416.1,63.3,22.8,377.8,125.3,73.6,2.22,15.25,1.18,94.19,0.765,0.0,0.0,0.0,0.0,84.81,0,0.237,healthy,0.0,none,95.9
785,TRANSIT,14766.4,-19.6,0.569,0.497,3639.8,48.5,18.4,407.6,125.4,60.9,2.7,15.56,1.246,95.72,0.684,0.301,0.0,0.0,0.0,65.91,1,0.234,injector,0.3,none,72.39
786,ISR,11799.4,-9.3,0.764,0.687,4355.7,41.9,19.2,603.3,185.2,75.2,3.0,30.13,3.224,32.8,0.488,0.362,0.0,0.0,0.362,31.91,1,0.579,combustion,0.72,none,24.79
787,TRANSIT,5055.2,2.1,0.788,0.754,4737.2,77.6,38.4,558.6,182.5,84.7,3.04,23.7,1.002,37.67,0.765,0.0,0.0,0.0,0.0,58.44,1,0.395,sensor,0.45,spike,60.08
788,TRANSIT,10438.3,-6.2,0.745,0.678,4508.6,64.5,30.5,526.9,167.9,77.2,3.15,20.78,1.151,52.5,0.765,0.0,0.0,0.0,0.0,59.39,1,0.729,sensor,0.8,drift,60.63
789,LOITER,4731.3,0.8,0.562,0.539,3597.5,73.9,28.0,394.6,129.2,74.3,2.39,16.92,1.251,88.69,0.765,0.0,0.0,0.0,0.0,85.3,0,0.241,healthy,0.0,none,95.82
790,LOITER,5507.2,10.3,0.447,0.426,3024.8,65.6,20.8,321.4,113.5,75.3,1.88,13.41,0.967,105.71,0.765,0.0,0.0,0.0,0.0,82.35,0,0.197,healthy,0.0,none,88.03
791,ISR,4821.5,9.5,0.82,0.786,4885.1,76.7,39.3,595.3,197.1,91.6,2.95,25.06,0.897,24.51,0.765,0.0,0.0,0.0,0.0,74.49,0,0.194,healthy,0.0,none,82.28
792,LOITER,3655.4,8.1,0.553,0.536,3586.1,74.6,27.8,396.8,152.1,79.3,2.22,17.19,1.2,68.49,0.765,0.0,0.787,0.0,0.0,51.24,1,0.753,cooling,0.79,none,51.28
793,ISR,15009.8,-16.4,0.564,0.492,3618.5,53.0,19.9,384.7,120.6,62.0,2.65,14.77,1.247,100.34,0.765,0.0,0.0,0.0,0.0,81.6,0,0.125,healthy,0.0,none,87.65
794,ISR,14082.4,-11.7,0.525,0.462,3420.6,53.1,19.1,366.8,114.2,64.1,2.49,13.72,1.156,105.31,0.765,0.0,0.0,0.0,0.0,87.97,0,0.043,healthy,0.0,none,103.06
795,HIGH_ALTITUDE,20486.3,-21.0,0.943,0.778,5108.8,27.2,14.6,779.9,228.6,72.4,3.73,37.49,3.435,-8.53,0.409,0.489,0.0,0.0,0.489,17.46,1,0.765,combustion,0.98,none,12.09
796,ISR,7635.9,1.7,0.516,0.482,3237.0,47.5,16.1,413.3,136.2,72.6,2.08,20.45,2.648,83.13,0.537,0.289,0.0,0.0,0.289,40.87,1,0.57,combustion,0.58,none,38.39
797,TRANSIT,12305.2,-4.5,0.839,0.75,4994.0,60.8,32.0,600.5,190.2,80.7,3.34,22.25,0.821,29.6,0.765,0.0,0.0,0.0,0.0,53.46,1,0.703,sensor,0.73,freeze,49.36
798,LOITER,7267.0,1.0,0.583,0.547,3729.0,67.6,26.6,417.9,137.5,75.0,2.43,17.24,1.275,83.12,0.765,0.0,0.0,0.0,0.0,78.21,0,0.094,healthy,0.0,none,85.31
799,TRANSIT,11805.6,-8.2,0.656,0.589,4102.0,60.2,25.5,462.0,147.7,72.2,2.82,17.82,1.26,73.64,0.765,0.0,0.0,0.0,0.0,86.93,0,0.174,healthy,0.0,none,99.06
800,TRANSIT,5810.7,-3.7,0.837,0.796,4983.9,77.8,40.8,592.6,199.0,82.8,3.3,25.02,0.852,21.74,0.765,0.0,0.544,0.0,0.0,49.22,1,0.471,cooling,0.54,none,49.89
801,LOITER,6818.0,0.3,0.599,0.564,3791.4,69.4,27.4,416.0,139.6,75.6,2.49,17.68,1.28,80.42,0.765,0.0,0.0,0.0,0.0,78.5,0,0.141,healthy,0.0,none,88.04
802,ISR,8561.1,-1.6,0.691,0.64,3628.8,55.8,21.3,490.5,158.3,78.3,2.33,27.99,3.642,61.14,0.543,0.0,0.0,0.0,0.969,35.49,1,0.87,mechanical,0.97,none,29.04
803,ISR,3410.7,8.5,0.842,0.818,5021.7,81.5,42.6,609.9,199.8,91.3,2.99,26.13,0.819,21.02,0.765,0.0,0.0,0.0,0.0,76.97,0,0.104,healthy,0.0,none,82.69
804,LOITER,4464.6,7.2,0.475,0.457,2949.7,41.6,12.9,411.8,136.2,74.9,1.81,24.03,3.438,83.09,0.423,0.465,0.0,0.0,0.465,32.11,1,0.812,combustion,0.93,none,29.96
805,LOITER,5012.0,9.6,0.43,0.412,2939.0,66.3,20.5,308.8,109.0,74.2,1.82,13.09,0.865,110.0,0.765,0.0,0.0,0.0,0.0,88.24,0,0.174,healthy,0.0,none,101.02
806,TRANSIT,7641.0,0.5,0.832,0.778,4700.8,67.3,33.5,594.6,191.6,85.4,3.02,26.91,1.895,28.39,0.681,0.0,0.0,0.0,0.366,50.26,1,0.248,mechanical,0.37,none,50.84
807,DESERT_PATROL,12072.3,14.1,0.566,0.508,3610.4,53.3,20.3,423.4,142.6,81.4,2.27,15.28,1.237,74.62,0.765,0.0,0.0,0.0,0.0,78.44,0,0.237,healthy,0.0,none,80.96
808,TRANSIT,12753.8,-9.4,0.823,0.733,4894.0,60.6,31.3,587.4,181.8,77.2,3.36,22.15,0.88,37.22,0.765,0.0,0.0,0.0,0.0,75.97,0,0.053,healthy,0.0,none,87.82
809,ISR,8688.6,-2.1,0.594,0.55,3770.9,65.1,25.8,414.6,137.5,73.3,2.54,17.16,1.267,83.0,0.765,0.0,0.0,0.0,0.0,56.59,1,0.658,sensor,0.74,noise,58.58
810,ISR,1202.8,9.7,0.557,0.551,3591.9,81.3,30.4,392.8,141.1,81.1,2.23,17.77,1.261,76.74,0.765,0.0,0.387,0.0,0.0,58.73,1,0.375,cooling,0.39,none,62.64
811,HIGH_ALTITUDE,23496.0,-35.3,0.82,0.655,4907.9,43.1,22.1,564.9,162.6,58.6,3.94,18.6,0.91,57.32,0.765,0.0,0.0,0.0,0.0,92.2,0,0.153,healthy,0.0,none,111.29
812,HIGH_ALTITUDE,19225.4,-18.7,0.775,0.647,4657.4,47.8,23.3,554.0,163.9,67.8,3.5,18.94,1.012,54.3,0.765,0.0,0.0,0.0,0.0,92.54,0,0.103,healthy,0.0,none,110.96
813,HIGH_ALTITUDE,19309.8,-26.6,0.744,0.621,4523.2,48.8,23.2,515.9,168.4,61.7,3.52,18.01,1.105,52.88,0.765,0.0,0.75,0.0,0.0,57.72,1,0.642,cooling,0.75,none,57.89
814,HIGH_ALTITUDE,17862.6,-20.7,0.806,0.683,4841.2,51.4,25.8,570.8,171.3,68.1,3.59,20.12,0.942,49.2,0.765,0.0,0.0,0.0,0.0,65.59,1,0.382,sensor,0.42,freeze,68.57
815,TRANSIT,11290.4,-6.7,0.587,0.531,3710.7,59.7,23.4,410.6,133.2,69.8,2.6,15.78,1.269,87.67,0.765,0.0,0.0,0.0,0.0,82.51,0,0.152,healthy,0.0,none,88.3
816,LOITER,5565.9,0.4,0.499,0.475,3305.2,69.8,24.0,347.5,117.3,71.1,2.17,14.86,1.051,102.54,0.765,0.0,0.0,0.0,0.0,88.94,0,0.041,healthy,0.0,none,97.19
817,ISR,13377.0,-14.2,0.67,0.593,4015.2,46.1,19.4,507.8,153.8,68.5,2.82,22.1,2.5,64.22,0.587,0.22,0.0,0.0,0.22,46.68,1,0.385,combustion,0.44,none,44.08
818,DESERT_PATROL,3820.2,28.2,0.729,0.705,4418.5,73.2,34.1,547.1,204.3,98.3,2.44,22.28,1.161,14.6,0.765,0.0,0.731,0.0,0.0,39.24,1,0.6,cooling,0.73,none,31.86
819,HIGH_ALTITUDE,16834.1,-15.4,0.808,0.691,4851.1,35.6,18.1,649.2,195.1,71.3,3.42,35.53,0.932,25.47,0.519,0.917,0.0,0.0,0.0,43.0,1,0.793,injector,0.92,none,37.96
820,ISR,1527.6,11.2,0.819,0.808,4888.9,71.9,37.2,628.4,206.0,93.9,2.88,28.24,0.866,14.83,0.639,0.472,0.0,0.0,0.0,43.35,1,0.5,injector,0.47,none,41.95
821,LOITER,6254.1,7.9,0.423,0.401,2943.5,50.8,15.5,349.4,118.0,72.7,1.81,13.89,0.862,100.93,0.613,0.567,0.0,0.0,0.0,54.81,1,0.509,injector,0.57,none,61.03
822,DESERT_PATROL,15983.6,-3.2,0.713,0.615,4384.4,50.8,23.2,520.1,164.0,76.0,3.0,18.22,1.209,55.76,0.765,0.0,0.0,0.0,0.0,59.67,1,0.596,sensor,0.69,freeze,57.15
823,DESERT_PATROL,14027.1,6.2,0.792,0.697,4762.6,37.9,18.8,655.7,209.5,84.9,3.05,24.75,0.959,12.7,0.536,0.854,0.0,0.0,0.0,38.34,1,0.644,injector,0.85,none,35.45
824,DESERT_PATROL,13808.0,3.0,0.549,0.484,3540.1,51.4,19.1,395.1,131.8,73.7,2.38,14.58,1.153,87.56,0.765,0.0,0.0,0.0,0.0,83.61,0,0.039,healthy,0.0,none,95.15
825,DESERT_PATROL,7054.7,23.5,0.738,0.693,4493.8,66.0,31.2,557.5,189.8,95.3,2.54,21.92,1.13,29.96,0.765,0.0,0.0,0.0,0.0,49.43,1,0.675,sensor,0.75,freeze,51.29
826,DESERT_PATROL,2088.6,28.6,0.798,0.783,4546.3,57.2,27.3,670.1,222.3,102.8,2.37,38.48,2.856,-2.99,0.528,0.303,0.0,0.0,0.303,19.6,1,0.512,combustion,0.61,none,16.48
827,ISR,7225.0,2.7,0.614,0.576,3527.8,61.4,22.8,437.5,145.2,77.1,2.25,21.74,2.675,74.73,0.628,0.0,0.0,0.0,0.595,43.43,1,0.544,mechanical,0.6,none,34.23
828,TRANSIT,4588.2,5.5,0.775,0.745,4656.4,77.8,38.5,560.1,182.2,86.6,2.95,23.64,0.997,37.79,0.765,0.0,0.0,0.0,0.0,83.96,0,0.136,healthy,0.0,none,100.63
829,DESERT_PATROL,10190.3,16.6,0.705,0.643,4131.8,56.7,24.6,528.2,179.4,88.7,2.42,21.54,2.067,42.11,0.697,0.0,0.0,0.0,0.295,56.68,0,0.266,mechanical,0.3,none,52.74
830,DESERT_PATROL,12835.6,1.5,0.623,0.554,3930.3,55.2,22.6,455.0,147.2,75.8,2.62,16.61,1.3,72.52,0.765,0.0,0.0,0.0,0.0,82.44,0,0.248,healthy,0.0,none,88.88
831,TRANSIT,15420.0,-18.1,0.661,0.573,3827.5,33.1,13.4,548.9,160.1,64.8,2.78,27.36,3.724,57.81,0.437,0.442,0.0,0.0,0.442,33.86,1,0.807,combustion,0.88,none,24.36
832,ISR,3829.5,8.0,0.678,0.656,4183.7,77.4,34.1,487.5,180.5,84.7,2.59,20.79,1.271,39.04,0.765,0.0,0.857,0.0,0.0,46.05,1,0.775,cooling,0.86,none,42.94
833,ISR,5390.1,7.3,0.637,0.608,4003.5,72.3,30.3,458.4,151.7,80.5,2.49,19.22,1.296,66.28,0.765,0.0,0.0,0.0,0.0,82.41,0,0.042,healthy,0.0,none,91.89
834,LOITER,5711.5,4.6,0.43,0.409,2938.3,65.8,20.2,301.7,105.8,86.5,1.0,12.99,0.876,114.26,0.765,0.0,0.0,0.764,0.0,54.13,1,0.628,lubrication,0.76,none,51.04
835,ISR,11139.9,-2.2,0.747,0.676,4185.1,56.5,24.8,537.5,170.8,79.5,2.8,24.57,2.664,48.41,0.642,0.0,0.0,0.0,0.534,45.1,1,0.489,mechanical,0.53,none,47.86
836,ISR,7665.3,-1.6,0.83,0.776,4952.4,71.9,37.4,588.1,189.2,83.7,3.21,24.04,0.857,30.53,0.765,0.0,0.0,0.0,0.0,79.42,0,0.09,healthy,0.0,none,92.46
837,HIGH_ALTITUDE,16766.8,-19.1,0.845,0.724,4997.2,53.8,28.3,596.5,178.8,71.2,3.71,21.32,0.811,39.29,0.765,0.0,0.0,0.0,0.0,58.07,1,0.792,sensor,0.84,drift,56.37
838,ISR,13609.1,-13.6,0.666,0.588,4113.4,57.3,24.9,468.4,145.2,68.6,2.96,17.81,1.264,75.6,0.765,0.0,0.0,0.0,0.0,85.91,0,0.032,healthy,0.0,none,100.22
839,LOITER,3786.2,4.5,0.538,0.521,3488.3,74.8,27.3,372.2,137.5,76.2,2.24,16.86,1.165,82.24,0.765,0.0,0.498,0.0,0.0,56.43,1,0.434,cooling,0.5,none,53.81
840,DESERT_PATROL,12260.0,10.7,0.671,0.6,4148.0,55.4,24.2,504.1,167.6,83.1,2.6,18.01,1.302,54.16,0.765,0.0,0.0,0.0,0.0,68.11,0,0.304,sensor,0.28,spike,66.94
841,TRANSIT,6336.6,0.7,0.575,0.543,3658.2,55.0,21.3,454.8,147.8,74.1,2.42,24.7,1.257,72.76,0.601,0.612,0.0,0.0,0.0,52.37,1,0.52,injector,0.61,none,48.69
842,TRANSIT,12685.1,-9.6,0.507,0.452,3332.2,39.7,13.8,413.6,128.1,64.3,2.38,21.85,1.137,91.09,0.55,0.803,0.0,0.0,0.0,49.05,1,0.77,injector,0.8,none,50.4
843,DESERT_PATROL,3346.4,34.3,0.797,0.775,4363.7,66.8,30.6,605.1,211.8,104.4,2.18,29.65,2.685,9.03,0.627,0.0,0.0,0.0,0.6,27.65,1,0.473,mechanical,0.6,none,19.97
844,DESERT_PATROL,11392.0,16.6,0.805,0.726,4805.4,58.0,29.3,601.4,199.5,112.5,1.11,22.11,0.939,19.56,0.765,0.0,0.0,0.989,0.0,38.33,1,0.856,lubrication,0.99,none,36.75
845,ISR,15470.4,-15.6,0.526,0.456,3431.0,51.0,18.4,357.8,110.3,61.2,2.48,13.46,1.174,108.16,0.765,0.0,0.0,0.0,0.0,76.88,0,0.142,healthy,0.0,none,84.16
846,DESERT_PATROL,8488.6,22.1,0.595,0.552,3760.1,46.4,18.3,506.0,171.3,88.6,2.2,19.26,1.314,48.62,0.589,0.656,0.0,0.0,0.0,50.62,1,0.558,injector,0.66,none,50.8
847,HIGH_ALTITUDE,20929.8,-28.9,0.934,0.766,5283.9,38.5,21.3,719.2,208.6,67.2,4.07,29.19,1.846,11.88,0.597,0.206,0.0,0.0,0.206,41.62,1,0.457,combustion,0.41,none,36.71
848,HIGH_ALTITUDE,20604.0,-24.9,0.874,0.719,5165.1,47.2,25.5,623.9,182.6,80.2,2.37,20.37,0.76,36.92,0.765,0.0,0.0,0.643,0.0,50.01,1,0.59,lubrication,0.64,none,53.48
849,ISR,1501.4,11.1,0.628,0.62,3927.7,82.2,33.9,448.1,152.7,85.2,2.4,20.18,1.325,66.31,0.765,0.0,0.0,0.0,0.0,75.29,0,0.071,healthy,0.0,none,78.33
850,TRANSIT,3132.1,8.4,0.724,0.704,4401.5,80.3,37.0,522.9,171.4,86.9,2.73,22.65,1.177,47.12,0.765,0.0,0.0,0.0,0.0,86.6,0,0.15,healthy,0.0,none,97.72
851,TRANSIT,3095.8,11.0,0.534,0.519,3475.7,74.8,27.2,382.0,130.8,80.2,2.13,16.72,1.215,86.61,0.765,0.0,0.0,0.0,0.0,66.86,1,0.275,sensor,0.31,noise,66.39
852,DESERT_PATROL,14719.2,4.1,0.573,0.501,3666.8,49.8,19.1,426.0,137.9,75.0,2.44,14.9,1.289,81.06,0.765,0.0,0.0,0.0,0.0,83.79,0,0.058,healthy,0.0,none,92.66
853,TRANSIT,9991.5,-1.6,0.56,0.512,3622.6,61.0,23.0,397.7,151.8,72.5,2.4,15.56,1.269,68.77,0.765,0.0,0.937,0.0,0.0,49.0,1,0.836,cooling,0.94,none,44.29
854,LOITER,3640.9,10.3,0.485,0.47,3225.5,71.9,24.3,341.6,122.1,77.0,2.02,15.14,1.062,97.72,0.765,0.0,0.0,0.0,0.0,79.28,0,0.225,healthy,0.0,none,86.22
855,LOITER,3072.7,11.0,0.416,0.405,2886.4,55.0,16.6,351.4,122.4,74.2,1.75,18.57,0.854,99.38,0.598,0.622,0.0,0.0,0.0,53.74,1,0.566,injector,0.62,none,55.08
856,DESERT_PATROL,11785.3,15.1,0.676,0.608,4194.7,55.7,24.4,504.6,169.4,86.0,2.55,18.28,1.261,49.35,0.765,0.0,0.0,0.0,0.0,85.57,0,0.097,healthy,0.0,none,98.08
857,DESERT_PATROL,14989.6,3.3,0.721,0.629,4418.4,51.7,24.0,532.4,172.7,80.2,2.9,18.62,1.172,48.53,0.765,0.0,0.0,0.0,0.0,59.52,1,0.534,sensor,0.52,drift,67.76
858,LOITER,7773.2,-3.3,0.521,0.486,3408.9,65.7,23.3,359.8,120.2,69.7,2.32,15.15,1.185,100.43,0.765,0.0,0.0,0.0,0.0,81.32,0,0.124,healthy,0.0,none,93.42
859,TRANSIT,5728.3,4.6,0.54,0.514,3258.2,42.8,14.8,458.7,151.5,75.9,2.06,30.59,3.443,69.19,0.44,0.438,0.0,0.0,0.438,33.21,1,0.76,combustion,0.88,none,27.19
860,HIGH_ALTITUDE,16033.9,-21.2,0.808,0.697,4820.2,55.5,28.0,571.2,170.1,69.4,3.59,20.73,0.945,49.6,0.765,0.0,0.0,0.0,0.0,91.08,0,0.078,healthy,0.0,none,100.45
861,ISR,9114.8,-0.4,0.75,0.692,4561.8,66.5,31.7,541.7,171.6,98.1,1.35,21.47,1.089,46.73,0.765,0.0,0.0,0.885,0.0,49.82,1,0.789,lubrication,0.89,none,49.83
862,ISR,6885.7,2.0,0.642,0.604,3995.9,69.8,29.5,455.9,149.9,78.4,2.64,19.26,1.295,69.42,0.765,0.0,0.0,0.0,0.0,83.87,0,0.172,healthy,0.0,none,94.77
863,HIGH_ALTITUDE,21057.0,-23.8,0.873,0.715,5138.9,46.1,24.9,620.9,197.7,67.9,3.89,20.13,0.791,20.06,0.765,0.0,0.784,0.0,0.0,47.48,1,0.69,cooling,0.78,none,46.74
864,DESERT_PATROL,10218.1,12.3,0.791,0.722,4769.1,61.5,30.7,585.5,194.9,89.5,2.87,22.21,0.985,26.57,0.765,0.0,0.0,0.0,0.0,81.31,0,0.09,healthy,0.0,none,94.64
865,HIGH_ALTITUDE,19956.5,-22.5,0.805,0.668,4834.1,47.4,23.9,573.8,169.8,66.5,3.61,19.32,0.933,50.43,0.765,0.0,0.0,0.0,0.0,93.33,0,0.051,healthy,0.0,none,105.27
866,LOITER,3968.6,10.2,0.469,0.453,3132.4,70.4,23.2,341.5,118.8,76.6,1.95,14.26,1.0,101.17,0.765,0.0,0.0,0.0,0.0,87.84,0,0.213,healthy,0.0,none,101.65
867,DESERT_PATROL,10806.7,18.0,0.635,0.577,3975.0,56.6,23.5,472.3,162.0,87.6,2.37,17.82,1.274,56.21,0.765,0.0,0.0,0.0,0.0,86.48,0,0.125,healthy,0.0,none,102.31
868,DESERT_PATROL,13339.7,7.9,0.574,0.508,3658.6,51.9,19.9,429.7,142.1,77.8,2.36,15.35,1.3,78.0,0.765,0.0,0.0,0.0,0.0,85.28,0,0.055,healthy,0.0,none,101.83
869,LOITER,6538.9,2.1,0.497,0.469,3277.0,66.8,23.0,352.0,119.0,72.0,2.15,14.72,1.065,101.41,0.765,0.0,0.0,0.0,0.0,60.05,1,0.446,sensor,0.59,freeze,57.05
870,ISR,4317.2,5.1,0.594,0.572,3770.1,74.8,29.3,422.1,141.9,93.3,1.32,18.12,1.354,77.99,0.765,0.0,0.0,0.735,0.0,50.67,1,0.726,lubrication,0.74,none,48.16
871,ISR,10135.4,-0.2,0.769,0.702,4638.7,64.2,31.4,564.6,176.3,81.7,3.06,21.61,1.066,42.07,0.765,0.0,0.0,0.0,0.0,84.71,0,0.168,healthy,0.0,none,96.25
872,LOITER,4580.0,3.1,0.463,0.445,3115.9,70.4,22.7,318.9,131.0,71.6,2.01,13.94,0.991,89.08,0.765,0.0,0.891,0.0,0.0,51.94,1,0.771,cooling,0.89,none,52.7
873,LOITER,6846.3,-2.2,0.519,0.489,3384.2,67.8,24.3,358.9,121.0,70.9,2.31,15.51,1.129,100.0,0.765,0.0,0.0,0.0,0.0,84.81,0,0.155,healthy,0.0,none,94.35
874,TRANSIT,10717.3,-4.3,0.573,0.521,3674.9,60.2,23.1,402.6,130.2,71.0,2.54,16.04,1.266,88.95,0.765,0.0,0.0,0.0,0.0,87.08,0,0.038,healthy,0.0,none,103.59
875,HIGH_ALTITUDE,23264.5,-28.7,0.928,0.743,5048.1,24.8,13.2,767.1,220.9,65.7,3.86,42.8,3.547,0.43,0.407,0.493,0.0,0.0,0.493,17.26,1,0.848,combustion,0.99,none,14.16
876,DESERT_PATROL,15739.8,0.9,0.723,0.625,4416.5,50.6,23.5,535.1,167.5,97.1,1.3,18.09,1.145,49.99,0.765,0.0,0.0,0.932,0.0,50.46,1,0.785,lubrication,0.93,none,44.02
877,ISR,11975.6,-10.5,0.748,0.671,4352.9,45.1,20.7,592.4,181.9,73.8,3.02,27.31,2.886,38.84,0.534,0.293,0.0,0.0,0.293,37.55,1,0.497,combustion,0.59,none,36.34
878,DESERT_PATROL,12882.8,9.6,0.794,0.706,4761.8,55.9,27.8,587.6,194.1,87.8,2.98,21.18,0.975,27.58,0.765,0.0,0.0,0.0,0.0,80.99,0,0.092,healthy,0.0,none,90.2
879,HIGH_ALTITUDE,19553.3,-25.5,0.927,0.772,5458.0,49.9,28.4,668.1,195.4,69.0,4.12,22.66,0.69,25.61,0.765,0.0,0.0,0.0,0.0,80.74,0,0.178,healthy,0.0,none,85.02
880,LOITER,4286.8,9.4,0.539,0.519,3500.0,72.1,26.4,395.1,132.8,78.6,2.22,16.36,1.189,86.48,0.765,0.0,0.0,0.0,0.0,80.49,0,0.123,healthy,0.0,none,86.78
881,TRANSIT,13049.0,-9.0,0.595,0.529,3783.0,56.3,22.1,419.2,143.1,68.8,2.77,16.01,1.289,76.53,0.765,0.0,0.598,0.0,0.0,54.84,1,0.559,cooling,0.6,none,56.33
882,DESERT_PATROL,7816.3,17.0,0.761,0.71,4601.1,65.9,32.0,565.2,189.8,100.9,2.01,22.08,1.039,30.15,0.765,0.0,0.0,0.397,0.0,51.76,1,0.383,lubrication,0.4,none,51.52
883,HIGH_ALTITUDE,17713.8,-20.8,0.914,0.775,5341.1,52.7,29.6,655.8,196.3,71.5,3.92,22.63,0.72,25.09,0.765,0.0,0.0,0.0,0.0,70.2,0,0.245,healthy,0.0,none,74.46
884,DESERT_PATROL,11612.8,21.1,0.511,0.46,3361.9,51.7,18.2,391.0,139.4,82.9,1.97,14.07,1.13,81.09,0.765,0.0,0.0,0.0,0.0,87.91,0,0.06,healthy,0.0,none,101.59
885,DESERT_PATROL,12607.0,7.1,0.625,0.558,3917.8,54.6,22.4,466.4,151.1,79.9,2.57,16.97,1.282,67.25,0.765,0.0,0.0,0.0,0.0,57.51,1,0.568,sensor,0.64,freeze,55.41
886,HIGH_ALTITUDE,24380.5,-34.8,0.738,0.584,4474.0,40.7,19.3,504.5,145.4,55.6,3.51,16.42,1.139,75.21,0.765,0.0,0.0,0.0,0.0,90.97,0,0.185,healthy,0.0,none,107.8
887,TRANSIT,11288.1,-5.5,0.792,0.715,4773.3,62.9,31.4,569.7,190.9,78.4,3.22,21.78,0.968,30.44,0.765,0.0,0.589,0.0,0.0,52.19,1,0.459,cooling,0.59,none,49.07
888,ISR,12082.0,-10.2,0.813,0.728,4868.4,62.3,31.5,577.7,178.7,77.1,3.39,21.9,0.908,40.34,0.765,0.0,0.0,0.0,0.0,86.02,0,0.116,healthy,0.0,none,97.39
889,DESERT_PATROL,7649.8,26.3,0.705,0.659,3719.2,53.1,20.7,535.8,187.4,94.9,2.02,28.99,3.679,34.64,0.551,0.0,0.0,0.0,0.931,29.14,1,0.913,mechanical,0.93,none,22.51
890,ISR,4713.5,3.9,0.783,0.751,4465.7,53.9,25.1,610.7,195.6,86.0,2.78,34.04,2.944,23.37,0.501,0.342,0.0,0.0,0.342,26.99,1,0.684,combustion,0.68,none,21.79
891,TRANSIT,10399.9,-9.9,0.74,0.674,4495.7,65.4,30.6,528.7,163.5,73.8,3.15,20.73,1.122,56.74,0.765,0.0,0.0,0.0,0.0,85.9,0,0.024,healthy,0.0,none,92.28
892,TRANSIT,11966.5,-9.3,0.585,0.525,3711.9,58.6,23.0,410.1,129.8,68.2,2.67,15.99,1.261,90.36,0.765,0.0,0.0,0.0,0.0,85.09,0,0.087,healthy,0.0,none,94.64
893,ISR,1432.5,13.1,0.618,0.611,3893.7,81.5,33.1,440.8,152.0,85.3,2.38,19.52,1.312,66.85,0.765,0.0,0.0,0.0,0.0,84.39,0,0.213,healthy,0.0,none,96.3
894,LOITER,6042.9,1.5,0.594,0.563,3766.9,71.0,28.1,416.6,139.5,75.9,2.51,17.74,1.282,80.54,0.765,0.0,0.0,0.0,0.0,83.31,0,0.035,healthy,0.0,none,95.96
895,HIGH_ALTITUDE,17878.8,-20.7,0.73,0.618,4433.1,50.5,23.4,513.5,152.6,69.6,2.88,18.12,1.121,66.24,0.765,0.0,0.0,0.229,0.0,72.67,0,0.295,lubrication,0.23,none,80.56
896,HIGH_ALTITUDE,24210.7,-32.3,0.78,0.618,4726.2,40.9,20.2,548.1,156.0,77.8,1.66,17.21,1.009,63.58,0.765,0.0,0.0,0.954,0.0,51.44,1,0.777,lubrication,0.95,none,48.92
897,TRANSIT,14048.9,-11.3,0.544,0.479,3523.5,53.5,19.8,377.6,119.2,84.0,1.08,14.35,1.216,100.67,0.765,0.0,0.0,0.97,0.0,48.93,1,0.862,lubrication,0.97,none,44.34
898,ISR,15066.1,-10.2,0.532,0.463,3449.3,50.9,18.6,371.9,118.9,64.8,2.45,13.8,1.151,102.33,0.765,0.0,0.0,0.0,0.0,86.12,0,0.172,healthy,0.0,none,102.45
899,ISR,5322.3,3.1,0.583,0.556,3705.6,72.2,28.0,412.3,145.5,77.4,2.41,17.61,1.288,73.91,0.765,0.0,0.464,0.0,0.0,56.18,1,0.388,cooling,0.46,none,54.58
900,TRANSIT,6667.0,2.9,0.611,0.576,3422.7,60.6,21.8,430.2,144.7,77.6,2.16,23.33,3.052,75.52,0.593,0.0,0.0,0.0,0.751,37.82,1,0.767,mechanical,0.75,none,35.9
901,HIGH_ALTITUDE,19074.1,-18.2,0.934,0.781,5465.6,49.5,28.3,677.4,202.7,74.4,4.08,22.75,0.716,17.99,0.765,0.0,0.0,0.0,0.0,83.23,0,0.033,healthy,0.0,none,91.14
902,TRANSIT,14124.1,-12.1,0.784,0.689,4714.5,57.5,28.5,561.2,172.7,73.9,3.34,20.55,0.992,47.79,0.765,0.0,0.0,0.0,0.0,90.57,0,0.178,healthy,0.0,none,106.99
903,LOITER,6633.0,0.5,0.586,0.552,3717.5,69.5,27.2,416.3,136.3,75.3,2.47,17.55,1.266,83.1,0.765,0.0,0.0,0.0,0.0,85.85,0,0.059,healthy,0.0,none,99.66
904,ISR,6393.1,4.5,0.544,0.514,3510.9,68.0,25.1,387.6,130.8,75.6,2.27,16.3,1.192,89.0,0.765,0.0,0.0,0.0,0.0,84.28,0,0.203,healthy,0.0,none,103.57
905,DESERT_PATROL,2665.5,26.8,0.655,0.64,4057.8,75.2,32.1,494.8,171.5,95.2,2.25,20.58,1.254,46.78,0.765,0.0,0.0,0.0,0.0,85.83,0,0.095,healthy,0.0,none,97.73
906,TRANSIT,7176.2,-2.5,0.617,0.579,3873.3,69.6,28.4,431.3,141.7,91.5,1.26,18.38,1.313,78.71,0.765,0.0,0.0,0.838,0.0,49.75,1,0.787,lubrication,0.84,none,51.62
907,ISR,15715.4,-16.9,0.715,0.619,4349.6,54.1,24.9,504.6,152.5,67.9,3.21,18.35,1.169,66.9,0.765,0.0,0.0,0.0,0.0,67.45,1,0.357,sensor,0.35,drift,66.93
908,LOITER,4825.5,2.3,0.522,0.501,3434.5,72.0,25.5,373.3,125.4,74.4,2.23,16.03,1.152,95.97,0.765,0.0,0.0,0.0,0.0,87.03,0,0.155,healthy,0.0,none,104.06
909,ISR,10738.4,-9.8,0.557,0.506,3598.3,61.0,22.9,384.8,121.8,66.7,2.48,15.59,1.193,97.15,0.765,0.0,0.0,0.0,0.0,86.59,0,0.186,healthy,0.0,none,100.72
910,TRANSIT,12952.7,-9.8,0.545,0.484,2994.8,46.1,14.4,379.1,120.2,66.2,1.99,20.51,3.199,99.5,0.541,0.0,0.0,0.0,0.976,35.03,1,0.911,mechanical,0.98,none,29.34
911,DESERT_PATROL,8813.1,21.5,0.793,0.733,4793.4,62.9,31.4,599.8,199.9,95.7,2.74,22.59,0.974,18.95,0.765,0.0,0.0,0.0,0.0,63.26,0,0.2,sensor,0.22,spike,64.96
912,DESERT_PATROL,1605.0,29.5,0.57,0.563,3646.2,75.3,28.8,433.8,178.3,93.2,2.01,18.22,1.291,40.47,0.765,0.0,0.989,0.0,0.0,44.69,1,0.839,cooling,0.99,none,44.95
913,HIGH_ALTITUDE,18957.4,-21.4,0.775,0.649,4648.2,48.9,23.8,544.6,163.4,73.8,2.71,18.79,1.053,56.62,0.765,0.0,0.0,0.337,0.0,65.48,1,0.277,lubrication,0.34,none,66.04
914,ISR,7618.4,-0.5,0.523,0.489,3179.2,39.1,12.9,470.0,148.0,72.2,2.06,29.77,3.543,72.42,0.425,0.461,0.0,0.0,0.461,31.94,1,0.837,combustion,0.92,none,24.13
915,TRANSIT,12787.1,-10.9,0.662,0.589,4104.5,58.6,25.2,462.7,146.2,78.9,2.07,17.71,1.31,74.33,0.765,0.0,0.0,0.468,0.0,54.99,1,0.488,lubrication,0.47,none,60.82
916,LOITER,3624.6,9.4,0.405,0.393,2828.2,68.8,20.4,290.5,116.2,72.7,1.76,12.54,0.836,103.92,0.765,0.0,0.639,0.0,0.0,55.46,1,0.571,cooling,0.64,none,53.93
917,HIGH_ALTITUDE,23921.5,-35.4,0.818,0.65,4897.7,29.7,15.2,635.2,181.0,58.0,3.96,21.61,0.902,40.15,0.537,0.85,0.0,0.0,0.0,52.31,1,0.747,injector,0.85,none,50.17
918,DESERT_PATROL,8756.8,23.1,0.767,0.71,4652.9,62.4,30.3,582.3,197.5,95.8,2.63,22.27,1.071,23.18,0.765,0.0,0.0,0.0,0.0,77.47,0,0.121,healthy,0.0,none,85.33
919,ISR,12153.2,-12.5,0.703,0.63,4307.2,61.1,27.6,492.6,153.7,71.2,3.11,18.92,1.237,66.6,0.765,0.0,0.0,0.0,0.0,86.47,0,0.117,healthy,0.0,none,98.17
920,TRANSIT,5859.7,9.1,0.705,0.67,3904.2,63.9,25.8,518.3,170.6,85.9,2.38,26.79,3.033,49.67,0.61,0.0,0.0,0.0,0.676,39.38,1,0.643,mechanical,0.68,none,36.35
921,HIGH_ALTITUDE,22462.5,-31.8,0.744,0.601,4533.9,43.7,20.6,512.0,147.2,58.1,3.56,17.06,1.129,71.73,0.765,0.0,0.0,0.0,0.0,89.39,0,0.102,healthy,0.0,none,106.24
922,DESERT_PATROL,8485.5,17.2,0.826,0.766,4663.9,61.3,29.8,615.2,204.9,94.1,2.67,26.85,1.975,15.3,0.681,0.0,0.0,0.0,0.367,43.17,1,0.212,mechanical,0.37,none,40.84
923,ISR,6161.1,5.0,0.849,0.804,4881.2,58.7,30.0,661.1,209.7,89.3,3.04,31.82,2.085,9.55,0.582,0.227,0.0,0.0,0.227,33.79,1,0.447,combustion,0.45,none,30.82
924,DESERT_PATROL,8097.6,21.0,0.721,0.671,4386.2,63.7,29.6,543.8,184.2,92.8,2.56,21.04,1.176,35.56,0.765,0.0,0.0,0.0,0.0,76.6,0,0.082,healthy,0.0,none,84.8
925,LOITER,4233.7,1.4,0.49,0.472,3246.7,72.7,24.7,339.1,114.5,72.2,2.17,15.09,1.079,104.0,0.765,0.0,0.0,0.0,0.0,84.42,0,0.115,healthy,0.0,none,93.72
926,ISR,9143.9,-5.1,0.591,0.545,3777.7,49.8,19.5,471.8,148.4,71.5,2.58,24.49,1.245,72.48,0.59,0.652,0.0,0.0,0.0,51.45,1,0.62,injector,0.65,none,53.84
927,ISR,11422.3,-11.4,0.655,0.59,3477.2,51.3,18.6,451.4,143.2,69.6,2.35,25.27,3.589,76.73,0.542,0.0,0.0,0.0,0.97,34.69,1,0.95,mechanical,0.97,none,29.46
928,HIGH_ALTITUDE,24533.2,-32.1,0.725,0.573,4401.1,39.8,18.5,494.0,144.1,56.5,3.5,15.93,1.141,75.85,0.765,0.0,0.0,0.0,0.0,87.31,0,0.242,healthy,0.0,none,101.37
929,TRANSIT,8838.6,-1.1,0.774,0.715,4690.1,67.8,33.3,553.8,177.7,82.6,3.07,22.22,1.04,42.22,0.765,0.0,0.0,0.0,0.0,85.87,0,0.133,healthy,0.0,none,97.86
930,LOITER,6602.9,-0.9,0.553,0.522,3567.8,69.1,25.9,388.1,128.0,73.1,2.43,16.53,1.233,91.46,0.765,0.0,0.0,0.0,0.0,84.82,0,0.073,healthy,0.0,none,98.31
931,ISR,8029.8,-2.4,0.829,0.771,4938.6,71.1,37.1,597.1,190.5,83.0,3.22,24.41,0.868,31.47,0.765,0.0,0.0,0.0,0.0,68.92,0,0.249,healthy,0.0,none,70.21
932,ISR,14036.8,-12.2,0.694,0.61,4272.9,56.5,25.3,488.5,167.7,70.7,3.03,18.22,1.255,53.45,0.765,0.0,0.732,0.0,0.0,53.9,1,0.71,cooling,0.73,none,55.76
933,ISR,9942.7,-7.3,0.821,0.751,4917.7,67.1,34.5,589.3,186.4,79.5,3.29,22.9,0.891,33.06,0.765,0.0,0.239,0.0,0.0,69.04,0,0.185,cooling,0.24,none,73.32
934,DESERT_PATROL,14849.5,5.7,0.66,0.576,4091.5,50.7,21.6,484.9,160.3,78.6,2.65,16.9,1.293,60.18,0.765,0.0,0.0,0.0,0.0,55.33,1,0.812,sensor,0.84,spike,48.42
935,ISR,8948.4,-1.7,0.637,0.588,4005.0,65.3,27.4,458.8,145.2,75.6,2.65,18.01,1.295,72.98,0.765,0.0,0.0,0.0,0.0,85.46,0,0.114,healthy,0.0,none,98.11
936,DESERT_PATROL,9120.0,20.9,0.613,0.565,3858.5,59.4,24.0,468.1,158.4,87.7,2.27,17.48,1.293,59.03,0.765,0.0,0.0,0.0,0.0,54.86,1,0.795,sensor,0.89,noise,55.98
937,LOITER,7012.8,-6.4,0.569,0.535,3646.0,69.8,26.6,394.7,127.7,70.2,2.52,16.85,1.24,92.47,0.765,0.0,0.0,0.0,0.0,72.8,0,0.241,healthy,0.0,none,77.71
938,TRANSIT,11193.3,-7.7,0.523,0.473,3406.1,58.6,20.9,368.2,116.1,74.6,1.75,14.68,1.146,102.8,0.765,0.0,0.0,0.406,0.0,58.93,1,0.321,lubrication,0.41,none,65.74
939,ISR,10842.2,2.3,0.809,0.733,4516.4,57.9,27.5,588.3,188.9,82.9,2.87,25.93,2.291,30.96,0.661,0.0,0.0,0.0,0.452,43.05,1,0.355,mechanical,0.45,none,36.31
940,TRANSIT,5210.6,4.0,0.85,0.812,5061.2,77.6,41.0,605.0,198.6,88.7,3.1,25.66,0.836,22.43,0.765,0.0,0.0,0.0,0.0,78.36,0,0.172,healthy,0.0,none,84.5
941,TRANSIT,12526.3,-11.9,0.81,0.723,4837.9,61.6,31.2,579.8,176.9,75.5,3.42,21.96,0.924,42.26,0.765,0.0,0.0,0.0,0.0,87.27,0,0.128,healthy,0.0,none,101.57
942,DESERT_PATROL,9068.8,15.0,0.608,0.561,3403.0,52.4,18.6,451.6,152.8,84.4,1.99,22.72,3.156,65.21,0.583,0.0,0.0,0.0,0.792,37.26,1,0.799,mechanical,0.79,none,40.67
943,ISR,6502.1,2.1,0.641,0.605,4003.5,70.7,29.4,461.9,150.5,78.0,2.59,19.02,1.267,69.58,0.765,0.0,0.0,0.0,0.0,66.1,1,0.286,sensor,0.32,noise,76.96
944,HIGH_ALTITUDE,17498.7,-20.3,0.86,0.731,4697.7,48.0,23.5,609.4,183.6,70.8,3.43,25.65,2.239,36.79,0.641,0.0,0.0,0.0,0.539,45.96,1,0.529,mechanical,0.54,none,44.15
945,LOITER,6795.1,-0.8,0.502,0.473,3162.3,48.5,15.8,409.6,132.2,71.4,2.09,20.13,2.657,87.84,0.529,0.301,0.0,0.0,0.301,40.69,1,0.556,combustion,0.6,none,32.71
946,LOITER,4298.1,8.6,0.486,0.468,3217.4,70.6,23.9,348.4,127.6,76.5,2.06,14.9,1.101,92.49,0.765,0.0,0.377,0.0,0.0,61.0,1,0.335,cooling,0.38,none,61.75
947,HIGH_ALTITUDE,23089.8,-24.0,0.9,0.722,5291.5,42.5,23.7,644.8,191.1,77.8,2.76,20.33,0.717,29.67,0.765,0.0,0.0,0.503,0.0,50.89,1,0.407,lubrication,0.5,none,53.7
948,ISR,9042.9,-9.6,0.657,0.606,4100.3,67.4,29.0,456.1,146.0,71.0,2.82,18.55,1.285,75.23,0.765,0.0,0.0,0.0,0.0,87.06,0,0.185,healthy,0.0,none,98.36
949,HIGH_ALTITUDE,24607.3,-35.5,0.825,0.651,4917.4,41.2,21.4,574.2,164.5,57.9,3.94,17.98,0.867,56.15,0.765,0.0,0.0,0.0,0.0,92.77,0,0.13,healthy,0.0,none,108.17
950,TRANSIT,14206.3,-10.6,0.652,0.572,4050.0,55.1,23.7,464.7,143.4,69.9,2.93,17.12,1.251,75.96,0.765,0.0,0.0,0.0,0.0,88.52,0,0.135,healthy,0.0,none,108.39
951,DESERT_PATROL,3662.2,36.4,0.588,0.57,3737.8,68.7,27.0,462.1,179.2,98.1,1.96,18.26,1.249,41.7,0.765,0.0,0.61,0.0,0.0,50.92,1,0.523,cooling,0.61,none,50.05
952,TRANSIT,9909.1,-2.1,0.552,0.505,3562.7,61.1,22.8,389.6,127.8,77.9,1.89,15.71,1.209,92.01,0.765,0.0,0.0,0.341,0.0,62.96,1,0.297,lubrication,0.34,none,60.88
953,LOITER,5083.0,8.1,0.53,0.507,3448.6,70.1,25.3,375.6,129.4,77.4,2.14,16.23,1.181,89.38,0.765,0.0,0.0,0.0,0.0,83.74,0,0.14,healthy,0.0,none,91.91
954,ISR,13425.7,-18.6,0.613,0.542,3844.1,57.9,23.6,419.0,130.2,63.0,2.89,16.24,1.299,91.58,0.765,0.0,0.0,0.0,0.0,86.95,0,0.136,healthy,0.0,none,100.12
955,HIGH_ALTITUDE,22235.8,-23.9,0.901,0.73,5296.5,44.1,24.6,653.8,190.6,68.8,4.01,20.93,0.725,29.5,0.765,0.0,0.0,0.0,0.0,83.08,0,0.118,healthy,0.0,none,100.1
956,DESERT_PATROL,14510.0,8.9,0.788,0.69,4559.7,40.0,19.2,635.0,204.7,86.3,2.8,29.12,2.409,16.66,0.561,0.255,0.0,0.0,0.255,32.26,1,0.48,combustion,0.51,none,29.57
957,ISR,10985.7,-9.4,0.575,0.521,3677.4,60.7,23.4,399.4,127.1,67.9,2.59,15.55,1.254,92.86,0.765,0.0,0.0,0.0,0.0,80.96,0,0.137,healthy,0.0,none,96.74
958,LOITER,4929.3,3.1,0.596,0.571,3801.2,73.7,29.2,417.7,140.6,76.9,2.5,18.26,1.297,79.04,0.765,0.0,0.0,0.0,0.0,82.85,0,0.158,healthy,0.0,none,93.39
959,TRANSIT,12011.1,-4.7,0.511,0.458,3365.5,50.3,17.8,382.3,122.6,68.1,2.32,16.25,1.116,97.07,0.69,0.281,0.0,0.0,0.0,66.92,0,0.283,injector,0.28,none,67.46
960,ISR,3603.6,9.2,0.835,0.809,4782.8,61.6,31.1,649.7,210.6,91.7,2.9,37.13,2.378,10.16,0.562,0.254,0.0,0.0,0.254,30.84,1,0.43,combustion,0.51,none,30.68
961,DESERT_PATROL,13090.2,6.4,0.589,0.523,3742.1,53.0,20.8,429.0,143.9,76.8,2.45,15.79,1.273,75.96,0.765,0.0,0.0,0.0,0.0,85.38,0,0.144,healthy,0.0,none,93.24
962,DESERT_PATROL,13696.5,10.1,0.672,0.593,4144.1,52.5,22.7,502.7,166.6,82.0,2.66,17.55,1.265,54.19,0.765,0.0,0.0,0.0,0.0,87.41,0,0.084,healthy,0.0,none,99.11
963,LOITER,4756.2,2.8,0.562,0.539,3599.4,73.3,27.6,391.5,133.4,75.8,2.32,17.2,1.193,86.75,0.765,0.0,0.0,0.0,0.0,86.06,0,0.024,healthy,0.0,none,97.25
964,TRANSIT,11983.6,-6.6,0.531,0.476,3461.9,56.8,20.7,374.8,120.9,67.4,2.34,14.49,1.21,100.07,0.765,0.0,0.0,0.0,0.0,86.01,0,0.185,healthy,0.0,none,99.56
965,LOITER,4617.4,-5.2,0.405,0.389,2813.1,69.9,20.5,268.8,93.0,63.9,1.85,12.44,0.815,128.27,0.765,0.0,0.0,0.0,0.0,83.25,0,0.133,healthy,0.0,none,94.78
966,LOITER,3734.5,5.1,0.51,0.494,3356.8,73.8,25.9,359.0,122.5,76.1,2.15,15.96,1.143,96.49,0.765,0.0,0.0,0.0,0.0,85.6,0,0.056,healthy,0.0,none,100.93
967,DESERT_PATROL,10080.2,13.3,0.53,0.485,3467.4,56.9,20.4,399.4,134.5,80.0,2.14,14.76,1.181,83.67,0.765,0.0,0.0,0.0,0.0,82.38,0,0.092,healthy,0.0,none,92.06
968,HIGH_ALTITUDE,17368.1,-21.6,0.857,0.729,5072.0,53.1,28.3,604.3,181.2,69.5,3.85,21.45,0.826,38.68,0.765,0.0,0.0,0.0,0.0,88.08,0,0.143,healthy,0.0,none,103.01
969,ISR,9751.3,-2.3,0.522,0.478,3425.7,60.7,21.8,365.2,120.9,70.4,2.27,14.79,1.166,98.93,0.765,0.0,0.0,0.0,0.0,85.42,0,0.204,healthy,0.0,none,101.15
970,DESERT_PATROL,1737.4,34.0,0.701,0.69,4320.4,77.0,35.0,533.2,187.8,102.6,2.21,22.07,1.233,31.02,0.765,0.0,0.0,0.0,0.0,73.37,0,0.235,healthy,0.0,none,82.0
971,TRANSIT,15883.6,-16.3,0.728,0.629,4415.5,39.6,18.5,571.1,170.0,68.8,3.21,21.24,1.166,47.7,0.564,0.752,0.0,0.0,0.0,52.73,1,0.641,injector,0.75,none,49.03
972,DESERT_PATROL,1967.4,32.2,0.701,0.689,4312.4,76.8,34.7,534.2,205.9,99.8,2.29,22.36,1.24,13.82,0.765,0.0,0.868,0.0,0.0,35.41,1,0.811,cooling,0.87,none,32.65
973,HIGH_ALTITUDE,21952.3,-22.6,0.804,0.653,4832.5,43.6,21.9,572.6,169.1,65.7,3.66,18.69,0.908,50.35,0.765,0.0,0.0,0.0,0.0,85.18,0,0.051,healthy,0.0,none,99.98
974,TRANSIT,1065.4,9.5,0.824,0.816,4941.9,88.2,45.4,593.4,192.5,93.1,2.97,26.25,0.836,25.27,0.765,0.0,0.0,0.0,0.0,77.62,0,0.122,healthy,0.0,none,81.87
975,ISR,14712.3,-14.5,0.691,0.604,4276.6,55.5,24.9,482.3,151.5,67.7,3.08,17.94,1.266,70.34,0.765,0.0,0.0,0.0,0.0,88.66,0,0.111,healthy,0.0,none,100.59
976,HIGH_ALTITUDE,24804.7,-31.8,0.823,0.648,4897.4,40.2,20.6,583.4,167.3,59.6,3.87,18.23,0.877,53.3,0.765,0.0,0.0,0.0,0.0,84.14,0,0.104,healthy,0.0,none,90.53
977,DESERT_PATROL,6077.9,28.2,0.507,0.481,3174.2,44.1,14.6,454.0,162.7,89.0,1.75,20.99,2.808,59.46,0.515,0.321,0.0,0.0,0.321,40.0,1,0.469,combustion,0.64,none,37.78
978,TRANSIT,1292.8,13.4,0.791,0.782,4734.7,85.7,42.2,570.1,189.4,92.7,2.83,25.37,0.979,29.03,0.765,0.0,0.0,0.0,0.0,67.68,0,0.159,healthy,0.0,none,70.66
979,ISR,1573.0,12.8,0.715,0.706,4382.7,83.5,37.8,516.4,171.5,89.6,2.63,23.08,1.171,45.84,0.765,0.0,0.0,0.0,0.0,56.22,1,0.642,sensor,0.78,drift,57.73
980,LOITER,3541.4,6.4,0.484,0.469,3210.3,73.1,24.5,344.3,116.5,74.8,2.08,15.01,1.066,101.23,0.765,0.0,0.0,0.0,0.0,86.87,0,0.203,healthy,0.0,none,100.87
981,DESERT_PATROL,11298.8,14.7,0.628,0.567,3958.3,56.0,23.4,472.1,159.6,83.9,2.43,17.13,1.331,60.48,0.765,0.0,0.0,0.0,0.0,84.51,0,0.21,healthy,0.0,none,94.29
982,DESERT_PATROL,4686.3,23.2,0.702,0.674,3720.7,60.4,23.8,515.5,179.0,95.0,2.02,29.22,3.573,38.9,0.558,0.0,0.0,0.0,0.9,32.34,1,0.782,mechanical,0.9,none,27.82
983,TRANSIT,6113.2,1.6,0.775,0.734,4668.0,74.5,36.5,554.3,178.6,83.8,3.02,23.14,1.067,40.64,0.765,0.0,0.0,0.0,0.0,82.48,0,0.171,healthy,0.0,none,93.86
984,HIGH_ALTITUDE,20494.9,-21.4,0.87,0.717,5131.5,46.7,25.4,624.9,184.2,69.6,3.89,20.58,0.808,34.89,0.765,0.0,0.0,0.0,0.0,71.53,0,0.263,sensor,0.26,noise,74.96
985,LOITER,6602.2,5.5,0.529,0.499,3451.7,66.8,24.2,383.6,139.2,76.2,2.2,15.58,1.184,79.36,0.765,0.0,0.643,0.0,0.0,54.37,1,0.54,cooling,0.64,none,56.02
986,TRANSIT,8688.7,-2.7,0.661,0.611,3698.8,59.5,22.9,468.8,151.1,76.2,2.52,23.57,2.846,68.69,0.617,0.0,0.0,0.0,0.647,41.92,1,0.543,mechanical,0.65,none,39.48
987,DESERT_PATROL,3480.6,30.5,0.842,0.817,4996.9,75.4,39.7,638.4,218.3,104.8,2.64,25.99,0.829,2.37,0.765,0.0,0.0,0.0,0.0,66.83,0,0.098,healthy,0.0,none,73.66
988,ISR,7034.6,2.0,0.557,0.523,3587.4,61.0,22.8,419.7,136.8,75.1,2.38,19.25,1.191,82.58,0.693,0.267,0.0,0.0,0.0,67.97,0,0.217,injector,0.27,none,68.86
989,HIGH_ALTITUDE,16128.6,-14.3,0.833,0.718,4927.4,54.1,28.1,598.7,183.3,73.5,3.55,21.03,0.845,38.04,0.765,0.0,0.0,0.0,0.0,80.67,0,0.137,healthy,0.0,none,89.26
990,DESERT_PATROL,1622.5,32.7,0.599,0.59,3464.4,68.3,24.8,456.6,165.2,97.1,1.82,23.05,2.563,54.46,0.636,0.0,0.0,0.0,0.563,45.11,1,0.479,mechanical,0.56,none,43.59
991,ISR,11536.3,-13.4,0.722,0.651,4388.9,63.1,29.1,500.2,156.9,71.6,3.1,19.7,1.139,63.33,0.765,0.0,0.0,0.0,0.0,86.14,0,0.133,healthy,0.0,none,93.69
992,DESERT_PATROL,9569.8,20.5,0.834,0.765,4961.3,61.8,32.2,630.0,211.7,97.0,2.8,23.6,0.839,10.42,0.765,0.0,0.0,0.0,0.0,72.55,0,0.152,healthy,0.0,none,79.27
993,ISR,6366.8,-0.6,0.83,0.784,4299.7,64.3,29.2,592.8,189.5,85.1,2.73,33.2,3.316,30.38,0.57,0.0,0.0,0.0,0.849,29.87,1,0.817,mechanical,0.85,none,27.57
994,TRANSIT,5141.8,7.5,0.826,0.789,4908.6,76.4,39.5,581.8,195.1,89.6,3.02,24.6,0.863,24.83,0.765,0.0,0.0,0.0,0.0,74.08,0,0.081,healthy,0.0,none,78.31
995,HIGH_ALTITUDE,18700.0,-21.9,0.885,0.743,5217.2,44.2,24.2,659.4,196.1,70.6,3.9,26.36,0.736,24.67,0.668,0.364,0.0,0.0,0.0,57.8,1,0.308,injector,0.36,none,52.62
996,TRANSIT,12216.2,-6.9,0.654,0.586,3951.1,48.3,20.0,500.6,155.8,71.5,2.75,23.31,2.262,63.13,0.609,0.19,0.0,0.0,0.19,50.64,1,0.413,combustion,0.38,none,45.98
997,TRANSIT,2531.1,16.0,0.71,0.695,3773.1,67.3,26.4,516.6,174.9,90.9,2.15,30.63,3.516,43.9,0.559,0.0,0.0,0.0,0.898,34.34,1,0.784,mechanical,0.9,none,29.16
998,LOITER,6857.9,-0.2,0.505,0.475,2903.7,57.0,17.4,353.8,118.6,71.9,1.82,20.17,2.939,101.5,0.57,0.0,0.0,0.0,0.849,38.27,1,0.709,mechanical,0.85,none,36.62
999,TRANSIT,8916.6,-5.4,0.689,0.636,4266.2,50.8,22.6,544.4,168.8,75.2,2.93,29.92,1.215,50.13,0.578,0.699,0.0,0.0,0.0,53.71,1,0.527,injector,0.7,none,57.39
1000,HIGH_ALTITUDE,24377.6,-33.5,0.916,0.724,4589.3,34.8,16.6,660.3,186.3,62.5,3.61,28.46,3.561,34.03,0.543,0.0,0.0,0.0,0.969,33.43,1,0.921,mechanical,0.97,none,29.83
1001,HIGH_ALTITUDE,21892.6,-26.6,0.935,0.759,5491.1,45.5,26.2,676.4,194.6,67.9,4.22,21.48,0.697,24.35,0.765,0.0,0.0,0.0,0.0,82.55,0,0.179,healthy,0.0,none,90.11
1002,LOITER,5761.1,6.1,0.532,0.506,3440.6,68.9,25.2,376.4,129.6,75.7,2.21,15.78,1.218,90.4,0.765,0.0,0.0,0.0,0.0,84.29,0,0.162,healthy,0.0,none,92.22
1003,DESERT_PATROL,1470.4,32.2,0.56,0.553,3600.7,74.7,28.3,425.1,156.2,95.0,1.94,17.86,1.214,63.44,0.765,0.0,0.0,0.0,0.0,85.39,0,0.034,healthy,0.0,none,99.13
1004,TRANSIT,8457.3,-0.1,0.547,0.508,3293.7,59.4,20.4,387.0,127.7,73.1,2.18,17.98,2.306,91.67,0.662,0.0,0.0,0.0,0.448,49.05,1,0.347,mechanical,0.45,none,49.38
1005,ISR,10892.4,-5.8,0.641,0.581,3997.1,40.7,16.9,528.7,164.9,72.7,2.74,21.59,1.277,55.08,0.506,0.968,0.0,0.0,0.0,46.18,1,0.908,injector,0.97,none,44.9
1006,HIGH_ALTITUDE,18485.1,-20.7,0.733,0.617,4449.7,49.3,23.0,513.2,155.0,65.4,3.44,17.62,1.153,65.49,0.765,0.0,0.0,0.0,0.0,90.48,0,0.027,healthy,0.0,none,107.15
1007,LOITER,3999.4,11.0,0.446,0.431,2945.1,67.0,20.6,321.1,114.7,75.7,1.8,14.43,1.415,105.46,0.718,0.0,0.0,0.0,0.205,72.5,0,0.088,mechanical,0.2,none,74.59
1008,TRANSIT,11142.1,-4.2,0.746,0.675,4525.5,62.3,29.6,533.9,171.2,79.1,3.11,20.48,1.122,50.36,0.765,0.0,0.0,0.0,0.0,78.11,0,0.207,healthy,0.0,none,89.84
1009,LOITER,3078.2,10.2,0.587,0.571,3719.7,76.7,30.2,421.4,145.2,81.2,2.31,18.41,1.279,75.63,0.765,0.0,0.0,0.0,0.0,80.47,0,0.241,healthy,0.0,none,91.67
1010,HIGH_ALTITUDE,20055.9,-24.6,0.803,0.665,4850.5,47.6,24.0,559.2,165.0,65.2,3.65,19.14,0.937,52.64,0.765,0.0,0.0,0.0,0.0,92.54,0,0.181,healthy,0.0,none,111.71
1011,HIGH_ALTITUDE,18753.8,-17.9,0.76,0.638,4608.0,48.5,23.2,538.7,164.4,67.9,3.38,18.27,1.062,56.91,0.765,0.0,0.0,0.0,0.0,88.07,0,0.157,healthy,0.0,none,102.5
1012,HIGH_ALTITUDE,24107.9,-30.1,0.912,0.723,5366.7,41.8,23.4,639.9,189.8,64.5,4.22,20.09,0.722,32.08,0.765,0.0,0.0,0.0,0.0,79.35,0,0.233,healthy,0.0,none,96.12
1013,LOITER,5604.1,2.3,0.49,0.466,3250.3,68.9,23.3,339.1,115.7,71.9,2.13,14.72,1.086,102.99,0.765,0.0,0.0,0.0,0.0,83.33,0,0.071,healthy,0.0,none,93.63
1014,HIGH_ALTITUDE,22344.9,-23.3,0.792,0.64,4757.3,42.9,21.4,558.2,166.7,64.8,3.63,18.15,0.97,53.73,0.765,0.0,0.0,0.0,0.0,88.65,0,0.181,healthy,0.0,none,102.49
1015,LOITER,5462.6,-4.7,0.583,0.556,3700.3,74.0,28.7,403.2,130.9,71.8,2.52,17.66,1.278,88.4,0.765,0.0,0.0,0.0,0.0,86.32,0,0.03,healthy,0.0,none,97.19
1016,LOITER,6584.9,3.8,0.575,0.543,3683.7,68.5,26.6,402.6,138.2,76.0,2.36,16.97,1.318,82.58,0.765,0.0,0.0,0.0,0.0,64.77,1,0.273,sensor,0.34,spike,65.56
1017,DESERT_PATROL,8604.0,16.7,0.741,0.686,4507.7,63.7,30.2,545.5,185.6,99.4,1.88,21.28,1.111,34.58,0.765,0.0,0.0,0.437,0.0,51.8,1,0.357,lubrication,0.44,none,49.68
1018,TRANSIT,5646.5,0.5,0.683,0.65,4202.2,48.9,21.5,560.2,178.7,79.1,2.77,25.06,1.236,41.64,0.502,0.981,0.0,0.0,0.0,42.63,1,0.96,injector,0.98,none,35.61
1019,LOITER,3398.9,10.9,0.484,0.47,3210.6,72.3,24.4,347.7,122.2,77.4,2.03,15.08,1.038,97.58,0.765,0.0,0.0,0.0,0.0,70.84,0,0.265,sensor,0.27,drift,79.69
1020,LOITER,7101.5,1.1,0.481,0.452,3199.9,65.1,22.2,336.8,125.8,71.1,2.09,14.09,1.026,93.06,0.765,0.0,0.659,0.0,0.0,55.69,1,0.517,cooling,0.66,none,61.87
1021,DESERT_PATROL,14135.8,9.5,0.78,0.686,4673.3,53.1,26.1,576.9,190.8,87.2,2.93,20.73,1.021,30.2,0.765,0.0,0.0,0.0,0.0,81.3,0,0.134,healthy,0.0,none,91.73
1022,DESERT_PATROL,3692.5,31.3,0.768,0.744,4642.3,73.5,35.9,587.3,202.6,110.1,1.74,24.14,1.049,17.93,0.765,0.0,0.0,0.415,0.0,45.03,1,0.439,lubrication,0.41,none,39.72
1023,ISR,6517.7,6.4,0.694,0.656,4275.2,70.7,31.6,502.2,180.4,83.7,2.72,20.47,1.241,40.72,0.765,0.0,0.693,0.0,0.0,50.66,1,0.56,cooling,0.69,none,50.46
1024,HIGH_ALTITUDE,16823.4,-18.3,0.936,0.801,5521.9,54.3,31.1,662.1,211.2,74.7,3.96,24.02,0.687,10.24,0.765,0.0,0.47,0.0,0.0,48.07,1,0.453,cooling,0.47,none,49.14
1025,ISR,7618.0,-3.9,0.751,0.702,4084.3,63.4,27.0,535.7,169.2,79.5,2.64,27.01,2.95,50.13,0.611,0.0,0.0,0.0,0.672,41.16,1,0.58,mechanical,0.67,none,34.72
1026,DESERT_PATROL,14263.1,9.5,0.665,0.584,4107.3,51.3,22.1,493.0,164.5,81.7,2.59,17.74,1.251,55.97,0.765,0.0,0.0,0.0,0.0,82.82,0,0.222,healthy,0.0,none,91.02
1027,HIGH_ALTITUDE,16123.8,-21.8,0.787,0.678,4741.2,46.7,23.1,582.0,173.9,67.4,3.58,21.37,1.026,45.74,0.648,0.436,0.0,0.0,0.0,59.87,1,0.399,injector,0.44,none,67.24
1028,HIGH_ALTITUDE,16626.5,-17.3,0.914,0.783,5349.3,54.4,30.4,647.7,196.3,74.5,3.85,22.88,0.72,22.46,0.765,0.0,0.0,0.0,0.0,51.95,1,0.789,sensor,0.77,noise,51.35
1029,TRANSIT,13083.7,-16.4,0.777,0.69,4679.3,60.9,30.1,549.6,170.7,71.2,3.35,20.59,0.991,49.52,0.765,0.0,0.24,0.0,0.0,75.08,0,0.257,cooling,0.24,none,79.5
1030,HIGH_ALTITUDE,23763.1,-37.7,0.774,0.617,4344.7,25.8,11.8,622.7,173.8,54.9,3.43,33.43,3.833,45.21,0.431,0.452,0.0,0.0,0.452,33.92,1,0.872,combustion,0.9,none,31.08
1031,TRANSIT,9237.2,-0.2,0.832,0.766,4954.7,48.9,25.6,666.6,207.4,85.1,3.23,37.73,0.859,12.11,0.556,0.782,0.0,0.0,0.0,38.95,1,0.702,injector,0.78,none,34.48
1032,HIGH_ALTITUDE,21869.3,-33.7,0.774,0.629,4693.2,45.5,22.2,533.0,151.8,57.9,3.65,17.96,1.006,66.7,0.765,0.0,0.0,0.0,0.0,92.27,0,0.073,healthy,0.0,none,109.7
1033,DESERT_PATROL,1814.1,27.7,0.709,0.698,4335.3,78.6,35.6,530.1,183.7,97.8,2.43,22.69,1.195,34.59,0.765,0.0,0.0,0.0,0.0,78.74,0,0.226,healthy,0.0,none,86.39
1034,DESERT_PATROL,9972.7,24.8,0.593,0.542,3758.0,36.8,14.5,537.6,179.1,88.8,2.19,20.22,1.303,39.65,0.501,0.987,0.0,0.0,0.0,39.7,1,1.0,injector,0.99,none,39.04
1035,LOITER,7143.3,7.0,0.565,0.53,3624.1,66.0,24.8,402.1,138.6,78.0,2.36,16.72,1.22,82.1,0.765,0.0,0.0,0.0,0.0,82.95,0,0.087,healthy,0.0,none,90.95
1036,DESERT_PATROL,11446.6,5.7,0.558,0.503,3575.0,56.0,21.2,412.7,136.2,76.4,2.33,15.28,1.233,83.81,0.765,0.0,0.0,0.0,0.0,68.67,0,0.257,sensor,0.28,drift,73.1
1037,TRANSIT,3020.7,9.8,0.553,0.539,3552.8,75.9,28.4,401.4,136.3,80.0,2.16,17.36,1.227,83.4,0.765,0.0,0.0,0.0,0.0,85.12,0,0.102,healthy,0.0,none,97.94
1038,DESERT_PATROL,4843.8,24.9,0.633,0.607,3626.8,63.0,23.9,476.8,168.1,92.6,2.01,23.3,2.642,52.49,0.637,0.0,0.0,0.0,0.559,43.89,1,0.545,mechanical,0.56,none,35.87
1039,ISR,15319.6,-22.0,0.824,0.716,4261.9,48.9,21.9,578.7,171.3,68.7,3.04,28.69,3.509,46.84,0.566,0.0,0.0,0.0,0.868,37.47,1,0.839,mechanical,0.87,none,30.7
1040,ISR,4104.8,5.8,0.821,0.792,4941.5,79.9,41.2,591.2,191.4,88.9,3.02,25.13,0.876,27.62,0.765,0.0,0.0,0.0,0.0,82.01,0,0.087,healthy,0.0,none,94.59
1041,TRANSIT,1116.8,19.6,0.764,0.756,4594.9,83.9,40.5,554.9,189.6,96.1,2.65,25.08,1.047,29.79,0.765,0.0,0.0,0.0,0.0,76.96,0,0.059,healthy,0.0,none,85.54
1042,LOITER,6235.4,-5.7,0.493,0.467,2919.2,61.3,18.8,336.0,110.8,66.7,1.92,18.49,2.672,108.89,0.606,0.0,0.0,0.0,0.692,42.17,1,0.614,mechanical,0.69,none,39.16
1043,TRANSIT,1591.1,13.0,0.706,0.696,4324.8,83.2,37.7,500.3,170.7,89.4,2.59,22.69,1.161,47.83,0.765,0.0,0.0,0.0,0.0,75.86,0,0.053,healthy,0.0,none,86.52
1044,DESERT_PATROL,3835.3,28.0,0.664,0.642,4133.3,72.0,30.9,506.0,177.4,96.4,2.27,20.73,1.251,43.39,0.765,0.0,0.0,0.0,0.0,57.34,1,0.394,sensor,0.4,spike,58.69
1045,HIGH_ALTITUDE,17846.1,-19.1,0.791,0.67,4732.8,50.9,25.3,562.9,168.8,69.0,3.53,19.57,0.985,51.27,0.765,0.0,0.0,0.0,0.0,90.95,0,0.188,healthy,0.0,none,105.98
1046,TRANSIT,15001.2,-15.5,0.627,0.546,3941.1,54.0,22.1,435.8,134.1,65.3,2.93,16.2,1.288,85.52,0.765,0.0,0.0,0.0,0.0,83.95,0,0.198,healthy,0.0,none,99.02
1047,HIGH_ALTITUDE,15692.3,-13.2,0.753,0.651,4572.0,53.9,25.9,539.1,164.8,71.7,3.31,19.46,1.11,55.35,0.765,0.0,0.0,0.0,0.0,91.41,0,0.111,healthy,0.0,none,104.71
1048,TRANSIT,8053.7,1.4,0.834,0.776,4420.3,61.7,28.7,605.0,194.0,86.5,2.81,31.21,2.978,27.01,0.601,0.0,0.0,0.0,0.714,30.92,1,0.71,mechanical,0.71,none,26.26
1049,TRANSIT,9802.3,-9.8,0.791,0.725,4761.8,67.7,33.3,556.3,174.9,76.8,3.31,22.28,0.991,45.35,0.765,0.0,0.0,0.0,0.0,85.81,0,0.143,healthy,0.0,none,93.78
1050,ISR,7588.2,-3.5,0.795,0.743,4792.9,72.1,36.0,573.8,200.7,82.0,3.17,23.19,0.972,20.35,0.765,0.0,0.897,0.0,0.0,42.79,1,0.787,cooling,0.9,none,38.36
1051,LOITER,4900.8,8.2,0.467,0.448,3132.4,68.4,22.6,331.4,117.4,75.1,1.97,14.14,1.007,103.02,0.765,0.0,0.0,0.0,0.0,88.18,0,0.083,healthy,0.0,none,104.51
1052,HIGH_ALTITUDE,16445.2,-18.6,0.733,0.63,4450.2,53.1,24.9,518.9,154.5,67.4,3.37,18.81,1.158,64.03,0.765,0.0,0.0,0.0,0.0,85.36,0,0.137,healthy,0.0,none,94.01
1053,TRANSIT,6953.3,1.1,0.592,0.557,3733.8,68.7,27.0,418.2,139.7,75.6,2.52,17.43,1.287,81.11,0.765,0.0,0.0,0.0,0.0,85.76,0,0.112,healthy,0.0,none,91.2
1054,ISR,8800.0,-2.6,0.776,0.717,4671.2,68.3,33.2,555.9,176.0,81.1,3.13,22.39,0.997,43.07,0.765,0.0,0.0,0.0,0.0,83.1,0,0.025,healthy,0.0,none,89.66
1055,LOITER,4026.8,3.9,0.547,0.529,3568.0,74.6,27.6,389.9,130.2,95.9,0.97,16.67,1.247,89.32,0.765,0.0,0.0,0.978,0.0,48.08,1,0.921,lubrication,0.98,none,47.7
1056,TRANSIT,11834.7,-6.1,0.567,0.509,3633.6,57.8,22.1,402.1,127.7,68.7,2.53,15.21,1.242,91.67,0.765,0.0,0.0,0.0,0.0,86.92,0,0.11,healthy,0.0,none,97.99
1057,HIGH_ALTITUDE,23029.7,-26.3,0.807,0.648,4849.0,42.3,21.4,574.0,170.1,63.2,3.78,18.21,0.946,52.73,0.765,0.0,0.0,0.0,0.0,73.65,0,0.24,healthy,0.0,none,82.06
1058,TRANSIT,10972.1,-4.1,0.6,0.544,3794.8,60.1,23.9,429.8,137.8,72.0,2.62,16.63,1.3,82.75,0.765,0.0,0.0,0.0,0.0,77.7,0,0.024,healthy,0.0,none,85.31
1059,ISR,11018.9,-7.0,0.533,0.482,3460.1,59.1,21.2,365.7,135.3,67.1,2.4,14.8,1.2,85.48,0.765,0.0,0.738,0.0,0.0,52.35,1,0.672,cooling,0.74,none,56.22
1060,DESERT_PATROL,4009.2,22.8,0.601,0.58,3808.1,71.3,28.1,450.3,168.6,89.4,2.15,18.61,1.277,52.94,0.765,0.0,0.499,0.0,0.0,55.78,1,0.416,cooling,0.5,none,55.74
1061,ISR,4825.1,6.3,0.592,0.567,3773.3,73.0,28.7,418.8,145.0,79.0,2.4,17.83,1.284,77.34,0.765,0.0,0.0,0.0,0.0,84.59,0,0.191,healthy,0.0,none,99.43
1062,HIGH_ALTITUDE,20150.8,-22.8,0.871,0.721,5200.9,47.7,25.8,618.8,183.6,69.1,3.96,20.92,0.749,35.73,0.765,0.0,0.0,0.0,0.0,60.95,1,0.469,sensor,0.52,noise,59.61
1063,HIGH_ALTITUDE,20073.9,-26.1,0.782,0.648,4723.9,47.6,23.6,540.9,160.5,63.5,3.67,18.6,1.031,58.62,0.765,0.0,0.0,0.0,0.0,86.93,0,0.147,healthy,0.0,none,100.05
1064,TRANSIT,7935.3,-2.4,0.644,0.601,4007.3,68.2,28.3,461.8,163.7,76.3,2.76,18.77,1.321,55.33,0.765,0.0,0.814,0.0,0.0,51.68,1,0.716,cooling,0.81,none,51.31
1065,LOITER,6717.5,1.4,0.506,0.477,3341.2,58.4,20.5,381.4,127.4,71.4,2.2,15.65,1.137,92.34,0.669,0.36,0.0,0.0,0.0,59.88,1,0.427,injector,0.36,none,61.84
1066,HIGH_ALTITUDE,18461.1,-21.6,0.743,0.626,4522.8,49.6,23.4,520.6,156.3,64.8,3.44,17.95,1.074,63.92,0.765,0.0,0.0,0.0,0.0,89.86,0,0.063,healthy,0.0,none,104.31
1067,ISR,10715.1,-6.4,0.648,0.588,4041.4,62.2,26.4,454.8,147.7,72.7,2.8,18.01,1.319,74.21,0.765,0.0,0.0,0.0,0.0,83.59,0,0.037,healthy,0.0,none,91.53
1068,ISR,11776.9,-2.9,0.77,0.692,4657.9,60.8,29.7,547.1,174.0,79.3,3.11,21.11,1.039,43.84,0.765,0.0,0.0,0.0,0.0,67.28,1,0.281,sensor,0.33,noise,70.19
1069,LOITER,5287.8,6.2,0.454,0.433,3068.2,67.4,21.8,318.5,112.6,72.5,1.95,13.54,0.949,107.71,0.765,0.0,0.0,0.0,0.0,56.36,1,0.864,sensor,0.87,freeze,59.65
1070,DESERT_PATROL,10329.4,12.9,0.638,0.582,3726.5,54.9,21.6,472.8,158.3,83.2,2.29,20.44,2.331,60.0,0.67,0.0,0.0,0.0,0.412,48.35,1,0.445,mechanical,0.41,none,49.7
1071,DESERT_PATROL,14965.3,8.8,0.794,0.693,4768.6,51.6,26.2,590.4,191.9,85.9,2.98,20.62,0.962,27.49,0.765,0.0,0.0,0.0,0.0,75.89,0,0.152,healthy,0.0,none,85.47
1072,HIGH_ALTITUDE,16469.0,-17.1,0.943,0.81,5511.5,54.9,31.6,669.0,212.0,76.0,3.97,23.77,0.697,7.4,0.765,0.0,0.484,0.0,0.0,47.51,1,0.395,cooling,0.48,none,48.29
1073,TRANSIT,13339.5,-9.7,0.595,0.527,3767.5,55.8,22.1,415.7,143.7,68.1,2.67,15.81,1.242,76.34,0.765,0.0,0.63,0.0,0.0,54.96,1,0.518,cooling,0.63,none,50.48
1074,LOITER,3206.3,12.6,0.486,0.473,3238.9,72.5,24.5,355.4,124.3,78.5,1.98,15.2,1.047,95.55,0.765,0.0,0.0,0.0,0.0,87.55,0,0.172,healthy,0.0,none,100.13
1075,ISR,1300.2,12.7,0.588,0.582,3748.1,81.2,31.5,421.8,148.1,84.0,2.27,18.9,1.284,70.16,0.765,0.0,0.23,0.0,0.0,69.66,0,0.3,cooling,0.23,none,74.69
1076,LOITER,7628.8,2.0,0.529,0.494,3450.7,65.0,23.4,377.2,126.0,72.7,2.29,15.47,1.143,94.07,0.765,0.0,0.0,0.0,0.0,55.2,1,0.872,sensor,0.98,drift,57.35
1077,TRANSIT,5572.2,9.6,0.59,0.562,3756.5,70.1,27.7,425.5,157.9,80.3,2.33,17.44,1.258,63.05,0.765,0.0,0.627,0.0,0.0,53.26,1,0.605,cooling,0.63,none,50.73
1078,TRANSIT,14167.1,-13.0,0.768,0.674,4641.8,57.4,27.8,541.9,167.6,72.7,3.26,20.08,1.074,52.18,0.765,0.0,0.0,0.0,0.0,86.98,0,0.186,healthy,0.0,none,98.83
1079,DESERT_PATROL,11177.8,17.0,0.569,0.515,3650.3,40.7,15.7,486.3,163.6,83.6,2.27,17.98,1.253,56.46,0.57,0.729,0.0,0.0,0.0,49.99,1,0.655,injector,0.73,none,51.4
1080,ISR,10054.5,-5.5,0.821,0.75,4884.3,66.4,34.3,588.0,186.2,80.6,3.29,22.76,0.887,35.17,0.765,0.0,0.0,0.0,0.0,84.87,0,0.202,healthy,0.0,none,94.4
1081,HIGH_ALTITUDE,22872.5,-31.2,0.802,0.645,4505.5,27.4,13.0,637.3,183.2,60.4,3.57,27.98,3.294,37.14,0.453,0.416,0.0,0.0,0.416,32.43,1,0.834,combustion,0.83,none,28.36
1082,DESERT_PATROL,2177.9,31.4,0.696,0.683,4305.1,56.8,25.6,595.7,199.8,99.9,2.3,25.44,1.219,18.84,0.569,0.732,0.0,0.0,0.0,37.93,1,0.637,injector,0.73,none,29.92
1083,DESERT_PATROL,5321.9,25.1,0.769,0.734,4646.6,70.6,34.3,572.2,198.6,98.0,2.58,23.26,1.044,22.32,0.765,0.0,0.0,0.0,0.0,53.56,1,0.33,sensor,0.37,drift,48.14
1084,LOITER,4861.2,-0.9,0.544,0.521,3518.6,73.5,27.1,374.0,126.6,72.6,2.31,16.41,1.213,93.93,0.765,0.0,0.0,0.0,0.0,54.11,1,0.929,sensor,0.95,noise,51.42
1085,LOITER,3901.9,11.5,0.511,0.493,3348.6,71.7,24.8,372.4,128.6,79.1,2.1,15.85,1.146,91.0,0.765,0.0,0.0,0.0,0.0,85.59,0,0.248,healthy,0.0,none,99.92
1086,LOITER,3501.2,10.4,0.544,0.527,3307.3,45.2,15.5,485.4,158.5,79.9,2.0,27.15,3.606,59.51,0.435,0.445,0.0,0.0,0.445,32.92,1,0.774,combustion,0.89,none,32.92
1087,HIGH_ALTITUDE,19112.5,-22.0,0.932,0.78,5321.2,42.1,23.5,701.7,209.3,72.3,3.97,28.44,1.568,12.18,0.627,0.167,0.0,0.0,0.167,50.45,1,0.297,combustion,0.33,none,46.3
1088,TRANSIT,4959.4,11.8,0.832,0.796,4956.8,75.9,39.4,603.6,200.0,92.4,2.9,25.49,0.841,19.94,0.765,0.0,0.0,0.0,0.0,69.9,0,0.09,healthy,0.0,none,74.17
1089,ISR,10211.4,-5.1,0.686,0.626,4242.4,63.9,28.2,490.1,155.7,75.4,2.94,19.27,1.2,64.66,0.765,0.0,0.0,0.0,0.0,85.68,0,0.25,healthy,0.0,none,96.21
1090,ISR,11156.9,-8.1,0.806,0.729,4853.9,56.0,28.1,603.1,187.3,78.4,3.31,23.63,0.947,32.78,0.669,0.359,0.0,0.0,0.0,59.14,1,0.27,injector,0.36,none,59.99
1091,TRANSIT,8671.5,4.0,0.654,0.605,4080.4,64.9,27.7,472.8,157.1,79.0,2.6,18.87,1.31,64.49,0.765,0.0,0.0,0.0,0.0,86.45,0,0.058,healthy,0.0,none,99.75
1092,LOITER,4592.3,7.7,0.545,0.523,3531.1,72.0,26.5,387.3,145.1,78.2,2.26,16.47,1.203,74.15,0.765,0.0,0.657,0.0,0.0,53.33,1,0.621,cooling,0.66,none,61.59
1093,LOITER,5827.3,0.8,0.543,0.516,3515.4,70.4,26.0,379.7,128.6,73.5,2.31,16.06,1.187,92.48,0.765,0.0,0.0,0.0,0.0,82.89,0,0.051,healthy,0.0,none,90.07
1094,HIGH_ALTITUDE,18897.8,-23.1,0.798,0.669,4799.5,49.6,24.8,564.9,169.7,75.6,2.5,19.23,0.94,52.78,0.765,0.0,0.0,0.483,0.0,58.56,1,0.354,lubrication,0.48,none,62.51
1095,ISR,14056.0,-16.4,0.695,0.612,4293.0,57.4,25.5,491.1,149.3,68.4,3.12,18.07,1.255,71.22,0.765,0.0,0.0,0.0,0.0,83.21,0,0.124,healthy,0.0,none,91.45
1096,ISR,8066.7,-5.0,0.787,0.732,4740.2,71.0,35.1,557.5,176.8,79.5,3.17,22.95,0.988,42.96,0.765,0.0,0.0,0.0,0.0,87.98,0,0.061,healthy,0.0,none,100.14
1097,HIGH_ALTITUDE,19766.2,-23.9,0.916,0.761,5388.5,33.4,18.8,728.5,211.1,69.2,4.07,26.15,0.718,7.71,0.522,0.909,0.0,0.0,0.0,38.68,1,0.804,injector,0.91,none,35.82
1098,HIGH_ALTITUDE,15321.7,-14.8,0.856,0.744,5083.1,56.2,29.5,623.1,187.4,74.6,3.64,21.77,0.781,33.62,0.765,0.0,0.0,0.0,0.0,84.15,0,0.119,healthy,0.0,none,96.17
1099,HIGH_ALTITUDE,15285.2,-14.0,0.927,0.806,5461.5,56.8,32.3,668.8,203.2,77.3,3.81,24.27,0.704,16.98,0.765,0.0,0.0,0.0,0.0,76.93,0,0.055,healthy,0.0,none,89.26
1100,ISR,8569.6,1.5,0.841,0.78,5006.2,45.5,23.9,676.4,213.6,85.5,3.19,43.68,0.825,4.98,0.506,0.968,0.0,0.0,0.0,32.92,1,0.838,injector,0.97,none,25.27
1101,LOITER,5813.6,4.4,0.42,0.399,2909.0,65.1,19.6,294.7,105.7,76.3,1.48,12.48,0.857,116.49,0.765,0.0,0.0,0.293,0.0,68.75,0,0.19,lubrication,0.29,none,73.02
1102,HIGH_ALTITUDE,24852.1,-34.4,0.902,0.71,4828.3,37.3,18.9,638.3,180.6,61.2,3.88,24.34,2.296,37.65,0.634,0.0,0.0,0.0,0.573,48.3,1,0.459,mechanical,0.57,none,46.7
1103,TRANSIT,7714.4,-6.2,0.771,0.72,4644.4,72.1,35.1,541.2,173.5,78.5,3.22,22.52,1.013,47.46,0.765,0.0,0.0,0.0,0.0,90.33,0,0.154,healthy,0.0,none,106.0
1104,HIGH_ALTITUDE,16481.3,-14.3,0.863,0.741,5129.6,53.6,28.8,611.9,187.0,94.4,1.52,22.06,0.804,31.18,0.765,0.0,0.0,0.992,0.0,42.19,1,0.933,lubrication,0.99,none,36.56
1105,LOITER,6165.1,1.7,0.516,0.488,3386.3,68.4,24.2,359.6,120.8,73.1,2.2,15.36,1.139,97.65,0.765,0.0,0.0,0.0,0.0,79.72,0,0.025,healthy,0.0,none,93.29
1106,ISR,7251.2,-2.1,0.765,0.718,4636.8,72.2,35.0,545.1,174.0,81.1,3.04,22.39,1.107,45.51,0.765,0.0,0.0,0.0,0.0,88.22,0,0.057,healthy,0.0,none,105.05
1107,LOITER,4914.1,4.1,0.518,0.496,3399.5,60.8,21.6,401.6,133.9,74.9,2.21,17.05,1.149,86.78,0.654,0.415,0.0,0.0,0.0,55.34,1,0.491,injector,0.42,none,57.73
1108,DESERT_PATROL,7119.9,14.9,0.574,0.539,3659.8,64.5,24.8,422.7,152.0,82.5,2.26,16.73,1.249,67.93,0.765,0.0,0.334,0.0,0.0,63.19,1,0.289,cooling,0.33,none,65.85
1109,TRANSIT,3575.4,13.6,0.536,0.519,3057.0,62.9,20.1,389.6,136.2,81.3,1.78,22.07,2.835,83.78,0.581,0.0,0.0,0.0,0.803,39.02,1,0.739,mechanical,0.8,none,37.05
1110,DESERT_PATROL,3182.4,20.7,0.793,0.771,4771.3,78.0,38.8,579.4,197.7,97.1,2.71,24.79,0.945,21.59,0.765,0.0,0.0,0.0,0.0,77.72,0,0.132,healthy,0.0,none,85.57
1111,ISR,2788.4,14.4,0.727,0.71,4419.9,79.7,36.9,528.7,178.5,90.4,2.71,22.73,1.168,41.44,0.765,0.0,0.0,0.0,0.0,81.51,0,0.233,healthy,0.0,none,98.23
1112,LOITER,4850.7,5.8,0.414,0.397,2695.5,62.4,17.4,290.6,103.2,71.0,1.63,14.55,1.804,116.76,0.668,0.0,0.0,0.0,0.424,52.53,1,0.389,mechanical,0.42,none,47.65
1113,HIGH_ALTITUDE,24014.0,-33.9,0.908,0.721,5329.5,42.6,23.8,640.3,196.8,62.1,4.28,20.02,0.691,25.43,0.765,0.0,0.579,0.0,0.0,53.84,1,0.559,cooling,0.58,none,53.06
1114,ISR,7276.7,-8.8,0.621,0.582,3906.6,71.1,29.0,426.6,136.9,77.8,2.06,18.21,1.351,83.12,0.765,0.0,0.0,0.382,0.0,58.79,1,0.337,lubrication,0.38,none,52.41
1115,HIGH_ALTITUDE,15648.3,-18.5,0.891,0.771,5252.5,56.6,31.4,631.9,191.7,73.6,3.76,22.55,0.739,28.88,0.765,0.0,0.0,0.0,0.0,81.47,0,0.187,healthy,0.0,none,90.95
1116,LOITER,4252.2,12.5,0.578,0.557,3700.1,72.6,28.2,423.8,145.1,82.3,2.28,17.91,1.281,75.2,0.765,0.0,0.0,0.0,0.0,86.87,0,0.042,healthy,0.0,none,99.83
1117,DESERT_PATROL,10456.0,8.8,0.605,0.551,3283.6,49.0,16.7,445.0,149.2,80.5,1.96,23.55,3.438,70.79,0.548,0.0,0.0,0.0,0.943,35.37,1,0.897,mechanical,0.94,none,33.44
1118,HIGH_ALTITUDE,17448.4,-23.6,0.879,0.748,4430.4,44.5,20.9,619.6,187.1,69.9,3.25,30.96,3.568,35.28,0.542,0.0,0.0,0.0,0.97,32.59,1,0.895,mechanical,0.97,none,30.53
1119,DESERT_PATROL,10440.3,16.6,0.842,0.766,4996.7,60.7,31.9,625.7,209.2,94.4,2.88,23.55,0.828,11.65,0.765,0.0,0.0,0.0,0.0,70.88,0,0.228,healthy,0.0,none,78.35
1120,DESERT_PATROL,3494.7,29.8,0.747,0.725,4526.1,74.0,35.4,568.3,195.5,100.3,2.41,23.39,1.098,23.84,0.765,0.0,0.0,0.0,0.0,75.57,0,0.221,healthy,0.0,none,84.37
1121,TRANSIT,11601.9,-5.2,0.777,0.699,4672.8,61.9,30.5,544.3,177.1,78.2,3.15,21.17,1.009,44.2,0.765,0.0,0.0,0.0,0.0,87.93,0,0.138,healthy,0.0,none,104.11
1122,HIGH_ALTITUDE,19517.4,-24.9,0.942,0.785,5532.1,50.0,28.8,674.5,197.9,70.3,4.17,22.81,0.714,21.71,0.765,0.0,0.0,0.0,0.0,83.18,0,0.116,healthy,0.0,none,94.6
1123,HIGH_ALTITUDE,18181.8,-26.3,0.767,0.647,4350.3,33.1,15.1,614.2,178.9,63.2,3.34,33.98,3.304,40.11,0.463,0.4,0.0,0.0,0.4,34.21,1,0.71,combustion,0.8,none,31.22
1124,DESERT_PATROL,12895.1,9.9,0.823,0.732,4926.0,56.2,28.9,612.1,198.6,88.3,3.05,22.04,0.871,20.76,0.765,0.0,0.0,0.0,0.0,78.98,0,0.082,healthy,0.0,none,90.49
1125,DESERT_PATROL,11201.6,11.7,0.734,0.664,4457.4,58.5,27.4,543.4,182.1,86.9,2.78,20.3,1.139,39.5,0.765,0.0,0.0,0.0,0.0,82.66,0,0.108,healthy,0.0,none,91.94
1126,TRANSIT,12686.4,-11.9,0.752,0.67,4573.1,42.2,20.2,594.9,184.5,72.9,3.21,23.95,1.109,37.18,0.534,0.864,0.0,0.0,0.0,46.58,1,0.778,injector,0.86,none,41.55
1127,TRANSIT,15955.3,-22.4,0.66,0.569,4099.5,48.5,20.8,473.6,141.4,62.3,3.11,19.57,1.304,77.91,0.688,0.287,0.0,0.0,0.0,68.04,0,0.25,injector,0.29,none,69.94
1128,LOITER,6095.5,2.2,0.429,0.406,2931.3,65.3,20.1,299.0,103.1,69.3,1.89,12.97,0.887,116.35,0.765,0.0,0.0,0.0,0.0,84.45,0,0.131,healthy,0.0,none,96.36
1129,HIGH_ALTITUDE,22825.1,-31.6,0.836,0.672,4954.5,43.8,23.0,583.9,168.6,78.3,1.91,18.99,0.864,50.65,0.765,0.0,0.0,0.857,0.0,52.48,1,0.738,lubrication,0.86,none,54.53
1130,TRANSIT,1698.1,8.8,0.502,0.494,3056.4,45.0,14.4,442.3,145.3,78.2,1.87,27.01,3.768,73.41,0.408,0.491,0.0,0.0,0.491,30.82,1,0.888,combustion,0.98,none,25.34
1131,HIGH_ALTITUDE,19271.1,-19.1,0.839,0.7,4982.1,48.5,25.5,592.9,179.0,70.8,3.73,20.3,0.824,40.21,0.765,0.0,0.0,0.0,0.0,87.35,0,0.201,healthy,0.0,none,99.62
1132,LOITER,4211.6,6.5,0.483,0.465,3199.0,71.2,24.0,340.9,120.4,75.6,2.03,14.74,1.009,101.25,0.765,0.0,0.0,0.0,0.0,59.51,1,0.543,sensor,0.69,spike,61.9
1133,LOITER,6931.8,-0.4,0.45,0.423,3057.3,64.7,20.7,314.9,106.1,69.0,1.99,13.31,0.936,113.73,0.765,0.0,0.0,0.0,0.0,86.21,0,0.218,healthy,0.0,none,99.49
1134,ISR,11571.9,-11.0,0.817,0.736,4884.9,63.8,32.6,583.3,177.8,76.1,3.39,22.12,0.892,40.24,0.765,0.0,0.0,0.0,0.0,85.14,0,0.233,healthy,0.0,none,92.05
1135,LOITER,4006.3,16.0,0.457,0.441,3094.2,55.3,17.7,380.7,132.0,79.5,1.86,19.51,0.963,87.49,0.618,0.548,0.0,0.0,0.0,55.53,1,0.453,injector,0.55,none,55.11
1136,LOITER,6707.6,-2.9,0.52,0.49,3396.1,68.3,24.2,353.9,121.0,70.5,2.28,15.23,1.172,100.5,0.765,0.0,0.0,0.0,0.0,86.14,0,0.098,healthy,0.0,none,95.64
1137,LOITER,3622.5,3.9,0.594,0.576,3761.9,77.1,30.3,419.9,141.4,78.7,2.46,18.4,1.312,79.21,0.765,0.0,0.0,0.0,0.0,82.65,0,0.166,healthy,0.0,none,94.35
1138,TRANSIT,8696.0,-0.2,0.785,0.726,4715.0,68.1,33.4,560.8,180.2,82.2,3.07,22.61,1.027,39.03,0.765,0.0,0.0,0.0,0.0,54.57,1,0.833,sensor,0.89,spike,53.3
1139,LOITER,7466.2,-2.2,0.577,0.54,3677.6,67.8,26.1,407.7,143.2,72.7,2.5,16.99,1.265,76.55,0.765,0.0,0.576,0.0,0.0,54.87,1,0.469,cooling,0.58,none,49.99
1140,ISR,15538.7,-10.7,0.713,0.618,4362.1,53.2,24.4,507.5,157.3,71.7,3.12,18.47,1.224,62.12,0.765,0.0,0.0,0.0,0.0,83.12,0,0.151,healthy,0.0,none,90.87
1141,HIGH_ALTITUDE,21101.8,-24.9,0.738,0.605,4506.5,44.9,21.1,519.3,155.5,62.4,3.5,17.33,1.126,67.3,0.765,0.0,0.0,0.0,0.0,89.79,0,0.236,healthy,0.0,none,106.25
1142,LOITER,5769.2,4.8,0.477,0.453,3187.8,67.4,22.4,340.8,116.6,73.1,2.04,14.14,1.059,103.69,0.765,0.0,0.0,0.0,0.0,59.81,1,0.475,sensor,0.58,drift,64.81
1143,DESERT_PATROL,5854.1,17.4,0.794,0.754,4445.7,42.9,20.1,682.6,220.2,93.9,2.58,46.32,3.744,-1.47,0.429,0.456,0.0,0.0,0.456,12.92,1,0.785,combustion,0.91,none,12.78
1144,TRANSIT,7839.2,2.6,0.621,0.579,3907.7,66.7,27.2,444.6,150.7,77.6,2.57,17.95,1.291,68.07,0.765,0.0,0.323,0.0,0.0,63.5,1,0.33,cooling,0.32,none,63.8
1145,ISR,11156.2,-9.7,0.667,0.603,4110.2,62.3,27.0,469.7,160.2,71.1,2.9,18.48,1.293,59.55,0.765,0.0,0.68,0.0,0.0,54.03,1,0.644,cooling,0.68,none,52.82
1146,TRANSIT,13216.3,-13.3,0.661,0.586,4119.1,58.1,24.7,464.8,142.9,68.6,2.97,17.51,1.241,76.5,0.765,0.0,0.0,0.0,0.0,86.1,0,0.136,healthy,0.0,none,94.74
1147,DESERT_PATROL,15610.5,2.1,0.819,0.709,4899.4,51.8,26.6,600.7,193.9,83.2,3.25,21.08,0.874,27.51,0.765,0.0,0.0,0.0,0.0,76.83,0,0.141,healthy,0.0,none,82.02
1148,TRANSIT,10347.2,-8.6,0.794,0.724,4763.1,66.1,32.6,557.0,183.9,77.0,3.32,22.11,0.998,36.19,0.765,0.0,0.436,0.0,0.0,56.17,1,0.425,cooling,0.44,none,56.64
1149,LOITER,6673.5,-0.2,0.55,0.518,3563.0,68.6,25.5,383.5,128.2,73.1,2.34,16.28,1.186,91.62,0.765,0.0,0.0,0.0,0.0,86.21,0,0.039,healthy,0.0,none,96.37
1150,TRANSIT,13218.3,-10.5,0.687,0.609,4231.1,57.9,25.7,481.3,152.8,71.4,2.97,18.13,1.222,68.31,0.765,0.0,0.0,0.0,0.0,88.26,0,0.203,healthy,0.0,none,106.75
1151,HIGH_ALTITUDE,16665.5,-15.8,0.832,0.713,4972.5,53.2,27.6,592.9,179.4,89.7,1.78,21.02,0.83,39.41,0.765,0.0,0.0,0.832,0.0,48.65,1,0.713,lubrication,0.83,none,47.19
1152,ISR,7476.0,5.7,0.659,0.616,4084.0,67.6,29.1,479.2,155.1,80.9,2.62,19.5,1.254,62.36,0.765,0.0,0.0,0.0,0.0,86.66,0,0.148,healthy,0.0,none,99.95
1153,DESERT_PATROL,7637.4,27.5,0.726,0.679,4422.6,63.5,29.5,554.1,212.9,96.3,2.44,21.38,1.172,7.34,0.765,0.0,0.953,0.0,0.0,32.41,1,0.852,cooling,0.95,none,28.39
1154,LOITER,6570.4,2.6,0.574,0.541,3673.9,68.8,26.3,409.9,135.4,76.5,2.43,17.08,1.239,84.05,0.765,0.0,0.0,0.0,0.0,82.84,0,0.216,healthy,0.0,none,89.15
1155,LOITER,4678.9,3.3,0.401,0.385,2443.9,57.4,14.7,274.5,98.4,69.7,1.47,16.34,2.798,121.94,0.569,0.0,0.0,0.0,0.856,38.94,1,0.744,mechanical,0.86,none,32.48
1156,TRANSIT,7142.1,-0.4,0.834,0.783,4974.5,73.0,38.2,599.9,192.5,84.5,3.21,24.4,0.852,28.98,0.765,0.0,0.0,0.0,0.0,81.4,0,0.112,healthy,0.0,none,94.05
1157,HIGH_ALTITUDE,21495.1,-23.1,0.718,0.586,4409.7,43.7,20.1,506.3,149.6,62.4,3.32,16.88,1.172,70.31,0.765,0.0,0.0,0.0,0.0,88.14,0,0.097,healthy,0.0,none,99.28
1158,HIGH_ALTITUDE,16903.8,-18.1,0.935,0.8,4684.2,45.2,22.4,665.6,204.0,75.3,3.27,32.73,3.437,18.18,0.549,0.0,0.0,0.0,0.943,26.49,1,0.849,mechanical,0.94,none,26.62
1159,HIGH_ALTITUDE,17968.0,-16.9,0.789,0.667,4766.1,50.2,24.9,566.1,169.9,69.5,3.52,19.54,0.953,49.87,0.765,0.0,0.0,0.0,0.0,64.53,1,0.487,sensor,0.56,noise,71.54
1160,ISR,1147.9,9.0,0.737,0.73,4486.5,86.4,40.9,522.4,174.3,89.0,2.76,23.96,1.137,44.47,0.765,0.0,0.0,0.0,0.0,84.73,0,0.222,healthy,0.0,none,96.49
1161,LOITER,6129.2,4.7,0.482,0.457,3128.3,55.7,18.3,381.6,127.0,73.1,2.0,16.83,1.855,93.32,0.622,0.174,0.0,0.0,0.174,56.21,1,0.291,combustion,0.35,none,55.57
1162,DESERT_PATROL,4159.5,25.6,0.832,0.802,4956.6,74.6,38.8,627.8,213.6,101.7,2.72,25.67,0.862,8.48,0.765,0.0,0.0,0.0,0.0,63.56,0,0.116,healthy,0.0,none,69.78
1163,HIGH_ALTITUDE,16400.6,-21.2,0.787,0.676,4748.9,54.4,27.1,541.5,165.1,67.7,3.52,19.87,1.023,54.2,0.765,0.0,0.0,0.0,0.0,89.23,0,0.234,healthy,0.0,none,102.09
1164,TRANSIT,10221.6,-8.4,0.816,0.744,4873.0,66.6,34.2,573.8,189.8,78.3,3.27,22.85,0.909,31.12,0.765,0.0,0.443,0.0,0.0,54.27,1,0.388,cooling,0.44,none,54.52
1165,LOITER,5623.4,1.4,0.511,0.486,3351.3,69.8,24.5,364.0,120.9,73.0,2.19,15.44,1.092,99.06,0.765,0.0,0.0,0.0,0.0,85.21,0,0.241,healthy,0.0,none,99.61
1166,ISR,14981.5,-16.6,0.751,0.655,4546.9,56.1,26.9,534.0,160.6,69.8,3.38,19.47,1.114,58.68,0.765,0.0,0.0,0.0,0.0,89.69,0,0.079,healthy,0.0,none,105.69
1167,TRANSIT,4216.9,7.4,0.526,0.507,3437.5,72.5,26.0,380.7,128.4,76.9,2.15,16.27,1.19,91.07,0.765,0.0,0.0,0.0,0.0,77.16,0,0.119,healthy,0.0,none,89.15
1168,TRANSIT,5119.7,6.4,0.756,0.723,4569.3,75.7,36.4,546.6,178.8,86.5,2.85,23.07,1.087,41.1,0.765,0.0,0.0,0.0,0.0,56.89,1,0.541,sensor,0.56,spike,63.19
1169,TRANSIT,4679.4,2.9,0.747,0.717,4540.2,77.7,36.7,533.9,172.6,84.1,2.92,22.97,1.115,46.25,0.765,0.0,0.0,0.0,0.0,79.79,0,0.069,healthy,0.0,none,87.82
1170,HIGH_ALTITUDE,22485.6,-31.1,0.809,0.653,4721.7,36.8,18.4,598.1,170.9,60.4,3.66,21.45,1.955,47.77,0.621,0.175,0.0,0.0,0.175,59.22,1,0.305,combustion,0.35,none,55.27
1171,HIGH_ALTITUDE,18528.8,-25.7,0.736,0.619,4218.6,32.7,14.5,570.3,166.7,62.1,3.21,31.56,3.414,51.76,0.469,0.39,0.0,0.0,0.39,38.14,1,0.675,combustion,0.78,none,34.92
1172,DESERT_PATROL,2071.8,32.8,0.511,0.502,3357.2,71.4,25.1,391.8,145.4,91.6,1.83,16.16,1.083,73.26,0.765,0.0,0.0,0.0,0.0,88.59,0,0.025,healthy,0.0,none,101.98
1173,HIGH_ALTITUDE,21264.6,-28.9,0.835,0.682,4997.4,46.3,24.1,583.8,184.0,63.7,3.86,19.49,0.86,36.84,0.765,0.0,0.644,0.0,0.0,55.85,1,0.593,cooling,0.64,none,55.89
1174,TRANSIT,14468.3,-12.3,0.585,0.512,3709.7,53.7,21.0,409.2,142.0,65.8,2.7,15.38,1.285,77.55,0.765,0.0,0.743,0.0,0.0,52.68,1,0.661,cooling,0.74,none,52.32
1175,TRANSIT,5017.7,0.3,0.798,0.764,4811.2,78.4,39.3,566.8,183.2,85.0,3.06,23.94,0.963,37.02,0.765,0.0,0.0,0.0,0.0,80.92,0,0.141,healthy,0.0,none,91.24
1176,DESERT_PATROL,10058.2,19.2,0.551,0.503,3121.3,48.4,15.8,422.6,144.1,84.6,1.75,20.44,3.149,74.2,0.577,0.0,0.0,0.0,0.821,38.46,1,0.662,mechanical,0.82,none,34.42
1177,DESERT_PATROL,6909.2,17.2,0.714,0.672,4347.3,53.0,24.1,580.7,192.2,91.4,2.56,29.96,1.168,27.85,0.601,0.612,0.0,0.0,0.0,44.42,1,0.52,injector,0.61,none,44.46
1178,TRANSIT,9366.5,-6.4,0.728,0.67,4440.2,67.0,31.1,512.7,162.7,76.1,3.02,20.44,1.15,56.72,0.765,0.0,0.0,0.0,0.0,86.64,0,0.062,healthy,0.0,none,97.25
1179,ISR,3790.5,11.1,0.827,0.8,4640.2,74.3,35.9,601.0,197.3,92.6,2.78,29.55,2.006,21.97,0.673,0.0,0.0,0.0,0.402,41.93,1,0.401,mechanical,0.4,none,34.87
1180,DESERT_PATROL,6303.2,22.4,0.669,0.633,4157.4,66.9,29.0,502.3,174.0,92.9,2.39,20.0,1.285,46.28,0.765,0.0,0.0,0.0,0.0,84.83,0,0.069,healthy,0.0,none,104.2
1181,DESERT_PATROL,12233.8,15.4,0.778,0.696,4677.8,56.0,27.2,593.2,206.6,90.4,2.79,20.93,1.005,12.54,0.765,0.0,0.706,0.0,0.0,40.65,1,0.636,cooling,0.71,none,38.26
1182,TRANSIT,6166.6,2.1,0.775,0.734,4669.5,74.2,36.2,558.6,180.4,84.0,2.98,23.06,1.052,40.08,0.765,0.0,0.0,0.0,0.0,80.83,0,0.05,healthy,0.0,none,89.52
1183,LOITER,6818.2,-1.5,0.419,0.395,2887.1,64.1,19.4,284.9,98.7,66.9,1.93,12.48,0.9,121.48,0.765,0.0,0.0,0.0,0.0,82.84,0,0.035,healthy,0.0,none,93.18
1184,LOITER,4504.8,4.6,0.508,0.488,3326.4,71.8,25.1,360.6,122.8,91.1,1.08,15.57,1.12,97.33,0.765,0.0,0.0,0.806,0.0,51.69,1,0.757,lubrication,0.81,none,55.98
1185,HIGH_ALTITUDE,16559.0,-15.0,0.881,0.756,5221.4,53.7,29.2,642.6,190.5,75.3,3.61,22.37,0.723,27.97,0.765,0.0,0.0,0.0,0.0,83.61,0,0.045,healthy,0.0,none,98.78
1186,ISR,11461.9,-7.5,0.677,0.611,4183.2,61.2,26.7,482.4,149.7,72.9,2.9,18.82,1.272,68.31,0.765,0.0,0.0,0.0,0.0,88.17,0,0.104,healthy,0.0,none,105.42
1187,DESERT_PATROL,9234.3,15.9,0.779,0.717,4716.1,62.9,30.8,585.8,201.4,91.7,2.78,22.04,0.976,17.34,0.765,0.0,0.521,0.0,0.0,45.61,1,0.441,cooling,0.52,none,43.57
1188,DESERT_PATROL,2932.2,34.3,0.799,0.779,4791.3,75.3,37.8,608.0,234.2,106.8,2.44,25.23,0.938,-13.95,0.765,0.0,0.983,0.0,0.0,30.28,1,0.882,cooling,0.98,none,30.95
1189,DESERT_PATROL,2567.1,30.8,0.657,0.643,4076.8,74.6,32.1,498.7,178.2,110.7,1.23,20.8,1.264,42.94,0.765,0.0,0.0,0.685,0.0,50.08,1,0.601,lubrication,0.68,none,48.4
1190,ISR,11093.8,-5.7,0.651,0.589,4054.8,61.2,25.9,454.1,150.5,73.2,2.85,18.06,1.319,69.15,0.765,0.0,0.231,0.0,0.0,71.72,0,0.216,cooling,0.23,none,82.8
1191,TRANSIT,1987.6,6.2,0.718,0.706,4141.8,78.9,34.4,505.9,170.4,85.8,2.55,25.8,2.227,50.77,0.674,0.0,0.0,0.0,0.398,50.84,1,0.39,mechanical,0.4,none,48.81
1192,LOITER,3407.1,11.7,0.487,0.473,3239.1,72.2,24.3,350.3,124.0,78.4,2.0,15.23,1.04,96.06,0.765,0.0,0.0,0.0,0.0,57.85,1,0.685,sensor,0.68,noise,60.5
1193,LOITER,4172.2,4.5,0.546,0.527,3513.1,74.0,27.3,385.3,130.5,86.4,1.6,16.52,1.266,88.99,0.765,0.0,0.0,0.489,0.0,55.95,1,0.412,lubrication,0.49,none,53.2
1194,ISR,8419.3,-0.6,0.546,0.507,3516.0,64.2,23.7,388.7,127.7,84.6,1.43,15.73,1.231,92.35,0.765,0.0,0.0,0.612,0.0,53.42,1,0.618,lubrication,0.61,none,54.35
1195,LOITER,5473.8,5.5,0.46,0.438,2931.3,63.2,19.1,324.3,114.4,73.0,1.83,15.67,1.835,106.86,0.677,0.0,0.0,0.0,0.384,55.44,1,0.295,mechanical,0.38,none,56.4
1196,TRANSIT,10299.5,-5.9,0.687,0.627,4220.0,63.8,28.6,493.4,156.7,75.0,2.91,19.06,1.228,65.01,0.765,0.0,0.0,0.0,0.0,88.06,0,0.168,healthy,0.0,none,103.14
1197,TRANSIT,1151.1,12.6,0.668,0.662,4112.5,83.8,36.0,484.4,165.3,88.1,2.53,21.68,1.274,56.43,0.765,0.0,0.0,0.0,0.0,85.34,0,0.232,healthy,0.0,none,95.85
1198,LOITER,7318.1,2.5,0.474,0.445,3177.4,64.0,21.2,334.6,114.1,71.2,2.05,14.09,1.056,105.79,0.765,0.0,0.0,0.0,0.0,82.79,0,0.12,healthy,0.0,none,94.02
1199,ISR,5665.6,3.2,0.612,0.582,3848.7,72.0,29.4,437.4,146.5,77.5,2.52,18.46,1.311,75.28,0.765,0.0,0.0,0.0,0.0,83.16,0,0.033,healthy,0.0,none,92.26
1200,LOITER,3163.1,10.9,0.589,0.573,3315.4,66.5,23.0,426.6,145.5,82.0,1.99,23.95,3.021,74.54,0.59,0.0,0.0,0.0,0.762,38.0,1,0.743,mechanical,0.76,none,34.67
1201,TRANSIT,6921.8,-2.1,0.76,0.715,4596.0,73.0,35.5,536.5,173.7,81.1,3.07,22.25,1.053,46.65,0.765,0.0,0.0,0.0,0.0,59.41,1,0.632,sensor,0.73,drift,60.04
1202,HIGH_ALTITUDE,17466.2,-22.6,0.867,0.737,5135.9,53.2,28.9,612.6,205.9,70.0,3.89,21.59,0.762,15.76,0.765,0.0,0.95,0.0,0.0,43.23,1,0.84,cooling,0.95,none,45.39
1203,TRANSIT,4792.1,0.2,0.766,0.734,4621.5,78.5,38.2,548.6,175.0,83.7,3.04,23.13,1.063,44.38,0.765,0.0,0.0,0.0,0.0,82.95,0,0.228,healthy,0.0,none,95.75
1204,HIGH_ALTITUDE,20713.6,-28.8,0.763,0.628,4606.9,46.7,22.6,537.0,155.0,75.7,1.98,17.99,1.034,65.03,0.765,0.0,0.0,0.759,0.0,53.09,1,0.71,lubrication,0.76,none,53.96
1205,HIGH_ALTITUDE,24175.2,-37.7,0.837,0.663,4986.7,42.4,22.0,578.3,164.4,76.4,1.82,18.73,0.85,55.43,0.765,0.0,0.0,0.959,0.0,50.18,1,0.907,lubrication,0.96,none,49.95
1206,HIGH_ALTITUDE,24936.4,-32.9,0.723,0.568,4417.3,39.2,18.2,504.2,144.3,56.3,3.48,15.93,1.134,76.97,0.765,0.0,0.0,0.0,0.0,88.7,0,0.218,healthy,0.0,none,101.67
1207,LOITER,3967.4,7.6,0.578,0.559,3691.3,74.7,29.2,423.5,140.9,79.3,2.35,17.75,1.243,79.44,0.765,0.0,0.0,0.0,0.0,83.31,0,0.028,healthy,0.0,none,93.47
1208,LOITER,3746.9,12.4,0.494,0.478,3164.0,57.4,19.1,400.2,138.8,79.0,1.87,20.78,2.162,82.68,0.597,0.207,0.0,0.0,0.207,48.68,1,0.343,combustion,0.41,none,48.61
1209,LOITER,6876.6,8.1,0.515,0.485,2988.9,56.6,17.6,374.1,127.4,76.2,1.82,19.96,2.796,92.23,0.588,0.0,0.0,0.0,0.77,39.28,1,0.764,mechanical,0.77,none,32.99
1210,LOITER,5451.8,5.7,0.555,0.529,3568.3,48.4,18.2,465.9,152.6,76.6,2.28,28.69,1.233,67.29,0.526,0.893,0.0,0.0,0.0,47.49,1,0.772,injector,0.89,none,46.37
1211,LOITER,5111.5,1.8,0.451,0.431,3066.4,68.8,22.1,316.0,107.8,70.3,1.98,13.71,0.962,112.1,0.765,0.0,0.0,0.0,0.0,88.79,0,0.078,healthy,0.0,none,105.63
1212,DESERT_PATROL,10767.9,6.6,0.577,0.524,3696.2,57.8,22.4,426.3,142.1,77.5,2.36,15.91,1.249,78.76,0.765,0.0,0.0,0.0,0.0,85.71,0,0.147,healthy,0.0,none,99.12
1213,TRANSIT,1683.3,11.4,0.605,0.596,3636.8,57.4,21.9,485.2,161.0,83.8,2.21,26.6,3.011,58.0,0.516,0.319,0.0,0.0,0.319,37.96,1,0.533,combustion,0.64,none,36.18
1214,LOITER,3779.6,0.3,0.488,0.473,3239.5,74.2,25.1,338.9,114.0,70.9,2.1,15.04,1.032,105.36,0.765,0.0,0.0,0.0,0.0,85.41,0,0.197,healthy,0.0,none,98.14
1215,HIGH_ALTITUDE,19503.9,-23.9,0.862,0.718,5087.2,49.1,26.5,609.8,183.7,87.4,1.67,20.7,0.793,39.03,0.765,0.0,0.0,0.966,0.0,46.25,1,0.856,lubrication,0.97,none,43.58
1216,HIGH_ALTITUDE,24893.3,-34.2,0.768,0.604,4630.1,40.0,19.4,527.2,152.2,56.3,3.67,16.71,1.065,67.87,0.765,0.0,0.0,0.0,0.0,65.5,1,0.409,sensor,0.48,freeze,70.12
1217,HIGH_ALTITUDE,21340.8,-27.1,0.706,0.577,4331.8,41.0,18.5,502.7,147.8,60.4,3.42,18.65,1.285,71.78,0.705,0.224,0.0,0.0,0.0,73.89,0,0.25,injector,0.22,none,86.55
1218,DESERT_PATROL,13235.6,7.8,0.641,0.568,3713.0,31.0,12.1,543.6,176.7,80.3,2.34,35.08,3.883,43.66,0.413,0.483,0.0,0.0,0.483,27.93,1,0.94,combustion,0.97,none,18.98
1219,HIGH_ALTITUDE,15181.6,-16.1,0.881,0.766,5179.9,57.1,31.0,624.4,190.8,75.1,3.78,22.72,0.746,29.23,0.765,0.0,0.0,0.0,0.0,78.12,0,0.198,healthy,0.0,none,90.48
1220,HIGH_ALTITUDE,18239.8,-24.7,0.87,0.734,5144.0,52.0,27.6,612.7,181.7,68.4,3.88,21.24,0.777,38.2,0.765,0.0,0.0,0.0,0.0,80.86,0,0.178,healthy,0.0,none,91.71
1221,TRANSIT,12791.5,-11.0,0.543,0.483,3500.6,56.2,20.7,378.6,118.6,65.0,2.5,14.51,1.193,101.0,0.765,0.0,0.0,0.0,0.0,84.38,0,0.054,healthy,0.0,none,95.38
1222,ISR,6201.4,-2.1,0.802,0.759,4803.0,75.7,38.3,564.6,180.8,83.0,3.15,23.61,0.957,37.75,0.765,0.0,0.0,0.0,0.0,80.33,0,0.091,healthy,0.0,none,94.23
1223,HIGH_ALTITUDE,22568.8,-27.1,0.712,0.574,4363.4,42.3,19.5,498.4,147.3,59.5,3.38,16.05,1.237,74.88,0.765,0.0,0.0,0.0,0.0,88.47,0,0.101,healthy,0.0,none,102.84
1224,ISR,4131.2,7.4,0.67,0.646,4141.1,76.5,33.3,479.4,175.0,83.0,2.56,20.95,1.279,46.51,0.765,0.0,0.674,0.0,0.0,51.61,1,0.612,cooling,0.67,none,46.52
1225,DESERT_PATROL,3620.5,22.3,0.614,0.595,3874.9,72.8,29.4,453.0,159.8,90.2,2.18,18.97,1.289,59.26,0.765,0.0,0.0,0.0,0.0,58.9,1,0.394,sensor,0.51,noise,63.14
1226,ISR,12166.2,-10.7,0.792,0.709,4587.8,49.9,23.9,598.3,183.4,75.0,3.21,28.59,2.172,36.18,0.597,0.206,0.0,0.0,0.206,46.09,1,0.362,combustion,0.41,none,42.37
1227,TRANSIT,5527.6,6.9,0.679,0.647,3751.5,64.6,25.5,489.7,161.7,83.1,2.34,25.84,3.065,57.38,0.608,0.0,0.0,0.0,0.685,39.54,1,0.635,mechanical,0.69,none,36.63
1228,HIGH_ALTITUDE,17560.4,-17.5,0.73,0.62,4426.1,50.5,23.7,514.2,156.2,67.8,3.28,18.18,1.156,63.59,0.765,0.0,0.0,0.0,0.0,91.68,0,0.032,healthy,0.0,none,105.64
1229,TRANSIT,7441.3,-0.2,0.654,0.613,4082.4,69.1,29.4,458.8,150.0,76.6,2.72,19.23,1.311,68.28,0.765,0.0,0.0,0.0,0.0,57.16,1,0.648,sensor,0.76,freeze,63.13
1230,HIGH_ALTITUDE,15103.6,-16.8,0.859,0.748,5093.7,57.2,30.5,617.8,187.5,73.8,3.69,22.47,0.788,34.7,0.765,0.0,0.0,0.0,0.0,86.01,0,0.171,healthy,0.0,none,99.29
1231,HIGH_ALTITUDE,20102.2,-21.1,0.832,0.689,4946.8,47.1,24.7,592.4,190.0,68.7,3.75,20.05,0.829,28.53,0.765,0.0,0.737,0.0,0.0,50.79,1,0.663,cooling,0.74,none,48.55
1232,ISR,3565.2,9.6,0.649,0.629,3741.4,71.1,28.1,464.9,159.1,84.2,2.28,23.34,2.41,62.33,0.655,0.0,0.0,0.0,0.478,47.57,1,0.398,mechanical,0.48,none,48.88
1233,HIGH_ALTITUDE,22178.7,-34.0,0.924,0.749,5443.3,46.2,26.1,652.6,183.6,62.9,4.34,21.18,0.696,32.93,0.765,0.0,0.0,0.0,0.0,59.86,1,0.632,sensor,0.66,spike,60.81
1234,DESERT_PATROL,1510.7,23.5,0.787,0.777,4480.9,54.8,25.6,657.6,219.7,98.4,2.42,36.19,3.071,0.6,0.483,0.37,0.0,0.0,0.37,15.54,1,0.694,combustion,0.74,none,8.61
1235,TRANSIT,12445.9,-11.0,0.733,0.654,4438.5,60.5,28.2,512.6,161.5,73.5,3.16,19.9,1.136,58.76,0.765,0.0,0.0,0.0,0.0,83.09,0,0.12,healthy,0.0,none,95.67
1236,DESERT_PATROL,14195.8,8.9,0.57,0.501,3642.3,49.9,19.0,426.5,140.6,78.2,2.35,14.94,1.214,77.78,0.765,0.0,0.0,0.0,0.0,84.39,0,0.183,healthy,0.0,none,91.1
1237,DESERT_PATROL,11960.6,8.9,0.515,0.462,3376.9,45.0,15.8,412.4,138.8,75.6,2.15,15.17,1.142,81.2,0.645,0.447,0.0,0.0,0.0,56.77,1,0.315,injector,0.45,none,54.37
1238,LOITER,5742.4,2.5,0.423,0.402,2920.8,65.9,20.2,294.8,102.4,70.3,1.86,12.8,0.849,117.39,0.765,0.0,0.0,0.0,0.0,86.06,0,0.127,healthy,0.0,none,99.26
1239,TRANSIT,3138.3,11.4,0.793,0.772,4759.7,80.7,40.0,568.5,188.0,91.3,2.86,24.54,0.969,29.38,0.765,0.0,0.0,0.0,0.0,77.52,0,0.198,healthy,0.0,none,89.86
1240,ISR,9686.1,-5.9,0.581,0.533,3693.1,63.2,24.7,406.3,130.8,70.0,2.54,16.28,1.238,88.76,0.765,0.0,0.0,0.0,0.0,81.33,0,0.026,healthy,0.0,none,86.16
1241,HIGH_ALTITUDE,17619.3,-20.6,0.872,0.74,5127.0,52.5,28.5,617.3,194.7,70.7,3.88,21.51,0.773,26.57,0.765,0.0,0.45,0.0,0.0,54.56,1,0.435,cooling,0.45,none,55.44
1242,HIGH_ALTITUDE,24168.7,-33.6,0.913,0.724,5011.1,26.6,13.9,718.8,201.4,62.7,3.96,37.35,3.049,17.44,0.45,0.42,0.0,0.0,0.42,27.45,1,0.705,combustion,0.84,none,22.3
1243,LOITER,3724.5,6.7,0.435,0.422,2979.3,70.5,22.1,307.6,108.8,72.8,1.86,13.49,0.885,111.56,0.765,0.0,0.0,0.0,0.0,87.23,0,0.157,healthy,0.0,none,103.51
1244,LOITER,3666.9,8.1,0.422,0.409,2907.7,69.7,21.1,300.6,116.4,72.7,1.79,13.18,0.868,103.58,0.765,0.0,0.543,0.0,0.0,56.74,1,0.5,cooling,0.54,none,55.46
1245,HIGH_ALTITUDE,22290.1,-25.1,0.805,0.651,4591.6,41.3,20.0,566.1,166.3,64.5,3.46,20.23,1.85,52.31,0.694,0.0,0.0,0.0,0.311,64.24,1,0.3,mechanical,0.31,none,63.26
1246,TRANSIT,12973.3,-11.0,0.652,0.579,3582.3,50.5,18.9,463.2,142.0,69.6,2.49,22.51,3.195,76.65,0.589,0.0,0.0,0.0,0.766,38.09,1,0.731,mechanical,0.77,none,33.3
1247,HIGH_ALTITUDE,22554.9,-26.8,0.851,0.687,4666.5,40.2,19.8,605.9,176.3,65.2,3.59,22.93,2.234,43.16,0.655,0.0,0.0,0.0,0.48,50.12,1,0.475,mechanical,0.48,none,43.95
1248,TRANSIT,1164.5,16.2,0.559,0.554,3520.8,68.2,25.0,432.1,150.6,85.2,2.07,20.99,2.062,68.35,0.64,0.151,0.0,0.0,0.151,57.28,1,0.351,combustion,0.3,none,55.42
1249,DESERT_PATROL,9182.3,19.1,0.552,0.508,3551.7,58.3,21.6,424.0,144.8,84.0,2.11,15.84,1.216,74.27,0.765,0.0,0.0,0.0,0.0,72.27,0,0.155,sensor,0.24,freeze,79.8
1250,ISR,8589.7,-2.6,0.64,0.592,4004.6,66.4,27.7,449.4,145.4,75.5,2.7,18.13,1.251,73.35,0.765,0.0,0.0,0.0,0.0,87.44,0,0.116,healthy,0.0,none,97.86
1251,HIGH_ALTITUDE,24255.4,-32.5,0.794,0.629,4740.4,41.0,20.5,549.8,165.1,58.7,3.88,17.56,0.962,53.88,0.765,0.0,0.405,0.0,0.0,64.77,1,0.445,cooling,0.41,none,73.73
1252,DESERT_PATROL,6475.7,22.4,0.535,0.505,3479.5,63.4,23.0,406.2,144.4,87.4,2.05,15.73,1.194,75.76,0.765,0.0,0.0,0.0,0.0,85.48,0,0.064,healthy,0.0,none,98.38
1253,TRANSIT,15444.3,-15.4,0.722,0.627,4392.8,54.5,25.2,504.5,164.3,69.3,3.24,18.71,1.179,56.06,0.765,0.0,0.466,0.0,0.0,60.04,1,0.402,cooling,0.47,none,59.8
1254,HIGH_ALTITUDE,21330.7,-29.3,0.839,0.685,4358.5,39.4,18.0,594.0,171.5,63.2,3.37,26.36,3.358,48.38,0.567,0.0,0.0,0.0,0.861,39.38,1,0.859,mechanical,0.86,none,32.98
1255,ISR,6992.6,-1.7,0.845,0.794,5013.1,74.0,39.0,605.3,192.3,85.5,3.28,24.75,0.836,27.64,0.765,0.0,0.0,0.0,0.0,81.47,0,0.091,healthy,0.0,none,91.39
1256,ISR,6886.8,1.0,0.598,0.562,3608.8,65.7,25.0,424.4,140.0,75.9,2.34,19.49,2.027,79.93,0.695,0.0,0.0,0.0,0.307,59.81,1,0.224,mechanical,0.31,none,63.52
1257,HIGH_ALTITUDE,15585.9,-18.5,0.754,0.653,4425.0,43.6,20.1,568.0,172.7,68.6,3.28,26.64,2.387,48.57,0.583,0.226,0.0,0.0,0.226,48.33,1,0.435,combustion,0.45,none,47.73
1258,LOITER,4315.3,9.9,0.414,0.399,2769.6,51.0,14.8,346.3,118.3,74.6,1.67,16.38,2.191,100.94,0.557,0.261,0.0,0.0,0.261,46.42,1,0.417,combustion,0.52,none,39.19
1259,DESERT_PATROL,15148.5,2.3,0.753,0.655,4578.9,52.0,24.8,561.6,179.3,91.5,2.01,19.56,1.103,42.19,0.765,0.0,0.0,0.519,0.0,53.16,1,0.483,lubrication,0.52,none,54.87
1260,LOITER,5570.4,2.9,0.576,0.548,3695.8,71.4,27.5,407.4,136.2,76.6,2.39,17.14,1.293,83.48,0.765,0.0,0.0,0.0,0.0,84.99,0,0.238,healthy,0.0,none,99.84
1261,HIGH_ALTITUDE,15035.4,-26.0,0.933,0.813,5453.9,60.2,34.5,661.0,195.1,70.9,4.04,24.1,0.709,26.03,0.765,0.0,0.0,0.0,0.0,84.6,0,0.06,healthy,0.0,none,100.18
1262,DESERT_PATROL,11639.9,12.4,0.799,0.719,4798.5,58.2,29.3,601.2,195.6,90.0,2.89,22.31,0.945,24.36,0.765,0.0,0.0,0.0,0.0,80.18,0,0.036,healthy,0.0,none,94.64
1263,HIGH_ALTITUDE,23383.4,-30.0,0.839,0.671,4891.0,36.9,19.0,617.5,177.0,62.3,3.8,21.92,1.681,41.85,0.65,0.138,0.0,0.0,0.138,65.17,0,0.262,combustion,0.28,none,67.67
1264,DESERT_PATROL,6894.4,22.3,0.798,0.751,4778.6,67.6,34.1,607.1,218.6,97.8,2.72,23.62,0.937,7.55,0.765,0.0,0.562,0.0,0.0,40.09,1,0.551,cooling,0.56,none,30.96
1265,ISR,8638.2,-3.2,0.831,0.769,4934.9,53.7,27.8,651.8,202.1,82.8,3.26,26.62,0.849,17.85,0.59,0.653,0.0,0.0,0.0,43.31,1,0.627,injector,0.65,none,41.9
1266,LOITER,6395.6,5.6,0.521,0.493,3130.7,61.2,20.0,369.5,127.5,75.8,1.94,18.38,2.411,93.0,0.643,0.0,0.0,0.0,0.531,46.35,1,0.488,mechanical,0.53,none,45.88
1267,LOITER,3554.8,6.8,0.469,0.454,2745.3,61.8,17.7,334.5,116.0,74.4,1.65,19.49,2.897,104.23,0.571,0.0,0.0,0.0,0.847,37.18,1,0.851,mechanical,0.85,none,33.65
1268,HIGH_ALTITUDE,17866.6,-19.1,0.895,0.758,5085.0,41.1,21.8,690.4,205.3,72.2,3.64,27.5,1.998,14.39,0.585,0.222,0.0,0.0,0.222,40.06,1,0.351,combustion,0.44,none,40.97
1269,TRANSIT,14418.1,-25.7,0.75,0.658,4402.7,46.5,21.3,569.4,165.4,64.4,3.34,27.36,2.562,52.44,0.577,0.234,0.0,0.0,0.234,47.76,1,0.425,combustion,0.47,none,49.29
1270,DESERT_PATROL,15422.0,11.2,0.612,0.531,3849.3,47.9,19.4,462.6,153.9,80.1,2.42,15.72,1.265,66.16,0.765,0.0,0.0,0.0,0.0,85.59,0,0.181,healthy,0.0,none,97.75
1271,DESERT_PATROL,6775.6,23.9,0.793,0.747,4754.9,67.5,33.5,594.7,202.8,97.9,2.66,23.44,0.968,17.59,0.765,0.0,0.0,0.0,0.0,76.5,0,0.109,healthy,0.0,none,83.11
1272,LOITER,4194.9,4.7,0.441,0.425,3003.0,70.1,22.0,314.7,107.1,71.8,1.92,13.52,0.94,111.9,0.765,0.0,0.0,0.0,0.0,80.11,0,0.052,healthy,0.0,none,93.14
1273,ISR,5110.8,-1.5,0.523,0.5,3422.4,72.3,25.7,367.6,122.1,71.5,2.28,15.84,1.159,99.06,0.765,0.0,0.0,0.0,0.0,76.6,0,0.229,healthy,0.0,none,84.26
1274,HIGH_ALTITUDE,21991.8,-27.2,0.706,0.573,4330.8,43.3,19.7,489.8,151.3,59.4,3.32,16.19,1.195,67.33,0.765,0.0,0.521,0.0,0.0,58.91,1,0.509,cooling,0.52,none,65.3
1275,TRANSIT,2502.5,8.6,0.623,0.61,3923.5,79.8,32.8,450.3,151.5,83.1,2.5,19.52,1.279,69.17,0.765,0.0,0.0,0.0,0.0,85.77,0,0.207,healthy,0.0,none,101.45
1276,TRANSIT,12431.6,-15.1,0.65,0.581,4054.0,60.2,25.3,449.3,138.8,67.6,2.91,17.67,1.304,80.59,0.765,0.0,0.0,0.0,0.0,87.57,0,0.125,healthy,0.0,none,99.64
1277,DESERT_PATROL,14377.1,7.2,0.82,0.719,4889.4,53.4,27.5,614.4,196.2,86.6,3.05,21.87,0.892,23.3,0.765,0.0,0.0,0.0,0.0,78.55,0,0.18,healthy,0.0,none,83.31
1278,HIGH_ALTITUDE,21168.8,-32.3,0.834,0.682,4957.9,47.1,24.4,589.9,165.7,61.4,3.91,19.43,0.843,52.1,0.765,0.0,0.0,0.0,0.0,94.71,0,0.074,healthy,0.0,none,106.51
1279,DESERT_PATROL,13193.6,11.5,0.541,0.48,3480.2,50.9,18.6,403.6,137.8,78.0,2.25,14.38,1.195,82.14,0.765,0.0,0.0,0.0,0.0,84.43,0,0.189,healthy,0.0,none,94.67
1280,TRANSIT,14276.8,-15.8,0.516,0.453,3391.9,53.3,18.9,357.1,109.8,61.2,2.5,13.55,1.173,110.77,0.765,0.0,0.0,0.0,0.0,87.62,0,0.061,healthy,0.0,none,101.22
1281,HIGH_ALTITUDE,19955.1,-23.1,0.727,0.602,4437.9,46.7,21.7,501.6,151.7,62.8,3.34,17.37,1.133,68.65,0.765,0.0,0.0,0.0,0.0,90.4,0,0.166,healthy,0.0,none,109.23
1282,LOITER,3079.5,3.9,0.507,0.494,3338.7,75.9,26.7,352.7,122.4,81.8,1.65,15.69,1.11,98.38,0.765,0.0,0.0,0.365,0.0,62.17,1,0.292,lubrication,0.36,none,64.19
1283,TRANSIT,8779.2,-0.9,0.769,0.711,4407.8,47.5,22.0,604.8,191.0,80.9,2.87,35.37,2.93,28.11,0.51,0.329,0.0,0.0,0.329,30.89,1,0.559,combustion,0.66,none,20.28
1284,DESERT_PATROL,13332.1,10.7,0.697,0.617,4296.8,53.5,24.0,518.6,171.2,83.8,2.67,18.63,1.224,48.12,0.765,0.0,0.0,0.0,0.0,84.58,0,0.114,healthy,0.0,none,98.26
1285,HIGH_ALTITUDE,22085.8,-27.9,0.856,0.694,4767.5,41.6,20.8,597.7,177.6,64.6,3.64,22.71,1.992,43.16,0.665,0.0,0.0,0.0,0.434,53.58,1,0.358,mechanical,0.43,none,47.72
1286,ISR,5657.5,4.8,0.848,0.807,5027.2,76.0,40.4,608.4,195.7,89.1,3.1,25.2,0.83,21.96,0.765,0.0,0.0,0.0,0.0,77.37,0,0.194,healthy,0.0,none,87.8
1287,ISR,6989.5,2.4,0.678,0.637,4194.3,55.1,24.2,534.1,170.4,79.9,2.72,22.33,1.26,48.27,0.601,0.614,0.0,0.0,0.0,52.07,1,0.572,injector,0.61,none,52.42
1288,ISR,10510.8,-3.1,0.59,0.537,3757.2,60.8,23.9,418.1,138.2,72.2,2.56,16.81,1.286,84.23,0.765,0.0,0.0,0.0,0.0,87.83,0,0.025,healthy,0.0,none,99.09
1289,TRANSIT,3929.1,5.1,0.515,0.498,3389.8,73.5,25.9,360.2,124.9,75.3,2.16,15.69,1.165,95.49,0.765,0.0,0.0,0.0,0.0,86.24,0,0.07,healthy,0.0,none,102.13
1290,DESERT_PATROL,14062.2,11.0,0.805,0.708,4840.8,53.2,26.9,602.0,196.8,88.8,3.0,20.8,0.947,23.64,0.765,0.0,0.0,0.0,0.0,75.69,0,0.208,healthy,0.0,none,83.17
1291,LOITER,6795.3,-2.5,0.414,0.389,2645.1,58.7,16.2,279.1,96.6,65.6,1.68,14.46,2.083,123.54,0.647,0.0,0.0,0.0,0.516,49.37,1,0.441,mechanical,0.52,none,44.64
1292,DESERT_PATROL,15922.2,-0.5,0.54,0.466,3496.4,41.3,15.1,417.5,134.4,70.8,2.35,17.25,1.181,84.23,0.664,0.377,0.0,0.0,0.0,59.42,1,0.319,injector,0.38,none,58.6
1293,LOITER,6283.6,5.8,0.487,0.461,2820.4,56.6,16.8,347.6,120.4,74.3,1.73,19.45,2.836,100.41,0.571,0.0,0.0,0.0,0.845,38.75,1,0.742,mechanical,0.84,none,33.39
1294,TRANSIT,12804.4,-8.6,0.662,0.589,4119.2,58.0,25.0,470.4,147.4,71.7,2.88,17.81,1.273,72.4,0.765,0.0,0.0,0.0,0.0,70.46,0,0.266,sensor,0.27,spike,76.82
1295,ISR,14301.0,-15.7,0.735,0.645,4495.8,57.3,26.8,524.6,159.2,88.7,1.45,19.05,1.131,61.8,0.765,0.0,0.0,0.922,0.0,50.47,1,0.802,lubrication,0.92,none,52.23
1296,DESERT_PATROL,12364.9,9.3,0.697,0.623,4300.9,37.7,17.1,602.7,191.6,84.1,2.72,22.6,1.228,30.09,0.516,0.928,0.0,0.0,0.0,40.09,1,0.784,injector,0.93,none,36.71
1297,TRANSIT,15803.7,-16.8,0.639,0.553,3991.1,52.7,22.2,448.6,137.4,64.5,2.94,16.29,1.299,83.71,0.765,0.0,0.0,0.0,0.0,83.91,0,0.21,healthy,0.0,none,101.26
1298,ISR,2796.5,6.3,0.745,0.727,4539.8,82.3,38.6,531.7,178.5,86.7,2.81,23.47,1.102,44.39,0.765,0.0,0.0,0.0,0.0,85.49,0,0.047,healthy,0.0,none,97.66
1299,TRANSIT,6969.4,2.9,0.736,0.692,4477.2,71.1,33.3,522.1,172.1,82.0,2.88,21.71,1.136,47.81,0.765,0.0,0.0,0.0,0.0,87.9,0,0.135,healthy,0.0,none,97.69
1300,HIGH_ALTITUDE,19806.2,-27.2,0.84,0.698,4989.1,49.0,26.0,590.7,173.5,69.8,3.25,20.15,0.834,46.61,0.765,0.0,0.0,0.252,0.0,72.15,0,0.311,lubrication,0.25,none,76.44
1301,HIGH_ALTITUDE,24955.5,-35.3,0.883,0.694,5208.8,41.0,22.2,618.8,175.9,60.2,4.21,19.24,0.739,42.93,0.765,0.0,0.0,0.0,0.0,85.45,0,0.186,healthy,0.0,none,97.17
1302,DESERT_PATROL,14794.1,4.0,0.82,0.716,4894.3,53.2,27.3,612.7,194.5,85.3,3.18,21.42,0.923,25.81,0.765,0.0,0.0,0.0,0.0,67.86,0,0.088,healthy,0.0,none,73.56
1303,TRANSIT,7756.6,0.5,0.613,0.572,3884.1,51.9,21.0,488.2,156.1,76.3,2.54,26.24,1.309,63.17,0.59,0.652,0.0,0.0,0.0,50.6,1,0.641,injector,0.65,none,45.91
1304,LOITER,5589.5,2.7,0.541,0.515,3488.7,70.5,26.0,382.4,132.4,75.8,2.29,16.18,1.166,87.13,0.765,0.0,0.273,0.0,0.0,68.48,0,0.227,cooling,0.27,none,71.82
1305,DESERT_PATROL,12270.6,4.7,0.63,0.563,3938.2,55.9,23.1,462.1,152.3,83.2,2.17,17.08,1.306,68.41,0.765,0.0,0.0,0.239,0.0,69.95,0,0.196,lubrication,0.24,none,78.05
1306,LOITER,4646.2,7.4,0.418,0.401,2897.4,67.2,20.4,296.4,108.3,72.4,1.82,12.55,0.824,111.11,0.765,0.0,0.236,0.0,0.0,72.31,0,0.209,cooling,0.24,none,78.52
1307,ISR,3943.2,10.3,0.692,0.668,4243.0,76.7,34.2,500.5,167.3,86.1,2.63,21.1,1.209,52.27,0.765,0.0,0.0,0.0,0.0,85.96,0,0.193,healthy,0.0,none,98.18
1308,ISR,11188.0,-4.0,0.806,0.728,4811.9,63.0,31.7,583.5,182.6,80.2,3.25,22.18,0.947,36.88,0.765,0.0,0.0,0.0,0.0,85.81,0,0.027,healthy,0.0,none,97.17
1309,LOITER,5339.3,1.5,0.455,0.434,3072.2,68.5,22.2,317.0,107.7,70.0,2.01,13.65,0.932,111.34,0.765,0.0,0.0,0.0,0.0,85.83,0,0.083,healthy,0.0,none,98.62
1310,DESERT_PATROL,7176.8,21.4,0.507,0.476,3344.9,61.2,21.4,384.0,137.5,84.1,1.91,14.73,1.109,82.74,0.765,0.0,0.0,0.0,0.0,73.87,0,0.247,healthy,0.0,none,83.41
1311,TRANSIT,15078.8,-16.7,0.611,0.532,3854.0,53.8,21.8,418.3,130.1,63.9,2.86,15.95,1.309,90.15,0.765,0.0,0.0,0.0,0.0,82.27,0,0.142,healthy,0.0,none,93.8
1312,ISR,2910.2,13.6,0.817,0.796,4924.0,81.1,41.1,587.5,196.7,94.4,2.87,25.66,0.912,22.55,0.765,0.0,0.0,0.0,0.0,68.71,0,0.209,healthy,0.0,none,74.06
1313,TRANSIT,13714.2,-14.1,0.574,0.506,3666.4,55.5,21.4,399.5,142.2,64.4,2.64,15.26,1.269,75.7,0.765,0.0,0.932,0.0,0.0,49.53,1,0.849,cooling,0.93,none,51.79
1314,DESERT_PATROL,15613.6,-3.3,0.654,0.566,4068.4,50.7,21.9,472.7,151.4,89.0,1.51,16.61,1.291,69.11,0.765,0.0,0.0,0.757,0.0,50.99,1,0.729,lubrication,0.76,none,47.92
1315,TRANSIT,3951.9,11.5,0.725,0.7,4385.0,77.1,35.5,526.2,177.1,88.3,2.68,22.29,1.176,44.01,0.765,0.0,0.0,0.0,0.0,81.63,0,0.188,healthy,0.0,none,91.56
1316,ISR,15748.6,-17.7,0.783,0.677,4714.0,55.1,27.1,548.7,169.0,69.3,3.44,19.96,1.041,52.29,0.765,0.0,0.0,0.0,0.0,87.9,0,0.194,healthy,0.0,none,99.19
1317,ISR,8646.1,-6.3,0.641,0.594,3999.3,67.2,28.4,450.8,144.7,73.8,2.8,18.42,1.273,76.05,0.765,0.0,0.0,0.0,0.0,85.35,0,0.069,healthy,0.0,none,96.21
1318,HIGH_ALTITUDE,20787.0,-26.5,0.862,0.708,5098.4,47.0,25.0,607.8,177.5,65.8,3.93,20.4,0.78,40.95,0.765,0.0,0.0,0.0,0.0,76.23,0,0.219,healthy,0.0,none,86.5
1319,ISR,15587.3,-20.4,0.524,0.454,3220.3,33.7,11.4,430.1,127.8,58.3,2.36,23.46,3.195,91.74,0.47,0.39,0.0,0.0,0.39,35.05,1,0.677,combustion,0.78,none,28.6
1320,DESERT_PATROL,12463.3,17.4,0.703,0.628,4316.4,54.2,24.5,533.5,177.2,88.8,2.6,19.08,1.185,41.2,0.765,0.0,0.0,0.0,0.0,84.28,0,0.037,healthy,0.0,none,98.68
1321,DESERT_PATROL,7607.8,18.1,0.588,0.55,3765.3,63.0,24.5,445.2,151.4,92.0,1.77,17.19,1.26,67.37,0.765,0.0,0.0,0.31,0.0,64.65,1,0.296,lubrication,0.31,none,71.22
1322,HIGH_ALTITUDE,18452.7,-24.0,0.785,0.661,4735.1,50.6,25.0,551.6,163.9,65.4,3.62,19.3,0.987,56.6,0.765,0.0,0.0,0.0,0.0,93.24,0,0.119,healthy,0.0,none,108.58
1323,LOITER,4446.4,7.6,0.57,0.548,3651.2,73.1,27.9,408.3,139.0,79.2,2.3,17.46,1.242,81.13,0.765,0.0,0.0,0.0,0.0,56.21,1,0.697,sensor,0.78,freeze,58.53
1324,TRANSIT,2149.3,11.7,0.666,0.653,4129.1,81.0,35.1,481.4,162.3,85.5,2.53,21.09,1.251,57.47,0.765,0.0,0.0,0.0,0.0,55.75,1,0.751,sensor,0.87,noise,49.99
1325,ISR,15609.1,-16.5,0.615,0.532,3672.3,49.6,19.0,425.8,128.9,64.1,2.65,17.64,2.14,88.99,0.681,0.0,0.0,0.0,0.366,54.5,1,0.346,mechanical,0.37,none,56.12
1326,ISR,5112.6,8.5,0.54,0.516,3479.2,70.2,25.7,392.1,132.9,78.0,2.19,16.45,1.165,86.85,0.765,0.0,0.0,0.0,0.0,85.2,0,0.195,healthy,0.0,none,94.9
1327,HIGH_ALTITUDE,16008.8,-16.0,0.847,0.731,5026.3,54.8,29.0,598.8,188.2,73.3,3.64,21.46,0.818,30.99,0.765,0.0,0.34,0.0,0.0,60.77,1,0.414,cooling,0.34,none,61.66
1328,TRANSIT,15362.9,-12.8,0.773,0.671,4662.7,54.8,26.9,546.6,168.2,72.6,3.32,19.71,1.057,50.56,0.765,0.0,0.0,0.0,0.0,83.13,0,0.037,healthy,0.0,none,97.69
1329,HIGH_ALTITUDE,17152.3,-14.5,0.781,0.666,4684.2,51.3,25.4,560.6,178.8,71.8,3.43,19.59,0.984,40.89,0.765,0.0,0.501,0.0,0.0,57.83,1,0.456,cooling,0.5,none,61.24
1330,LOITER,7015.5,7.5,0.522,0.491,3425.4,65.1,23.2,378.1,128.2,76.9,2.22,15.34,1.167,91.02,0.765,0.0,0.0,0.0,0.0,87.51,0,0.123,healthy,0.0,none,99.28
1331,ISR,10965.6,-7.6,0.738,0.669,4471.7,63.4,29.8,524.1,165.1,76.2,3.05,20.38,1.157,54.98,0.765,0.0,0.0,0.0,0.0,86.4,0,0.131,healthy,0.0,none,98.3
1332,HIGH_ALTITUDE,21038.5,-28.3,0.809,0.663,4833.2,34.0,17.2,619.2,180.8,62.6,3.8,21.79,0.912,38.36,0.561,0.762,0.0,0.0,0.0,52.17,1,0.697,injector,0.76,none,58.76
1333,DESERT_PATROL,9899.1,13.9,0.582,0.532,3702.6,58.4,22.4,429.9,148.2,82.7,2.3,16.28,1.269,71.84,0.765,0.0,0.0,0.0,0.0,81.27,0,0.057,healthy,0.0,none,93.55
1334,DESERT_PATROL,11192.6,14.3,0.61,0.552,3847.5,56.0,22.5,454.2,154.4,83.3,2.4,16.97,1.273,64.8,0.765,0.0,0.0,0.0,0.0,85.64,0,0.227,healthy,0.0,none,99.01
1335,TRANSIT,14409.3,-16.5,0.772,0.676,4669.8,57.7,28.0,544.2,166.0,90.5,1.41,20.42,1.032,54.11,0.765,0.0,0.0,0.987,0.0,49.51,1,0.933,lubrication,0.99,none,45.52
1336,TRANSIT,1074.6,19.0,0.737,0.73,4502.9,83.7,39.5,536.8,185.2,94.0,2.55,23.84,1.111,36.05,0.765,0.0,0.0,0.0,0.0,66.31,0,0.187,sensor,0.26,spike,70.11
1337,HIGH_ALTITUDE,18792.1,-27.2,0.816,0.685,4881.0,38.5,19.7,623.4,182.7,65.1,3.76,29.98,0.901,37.78,0.58,0.692,0.0,0.0,0.0,53.27,1,0.611,injector,0.69,none,52.5
1338,LOITER,6025.7,-1.4,0.524,0.497,3410.4,69.8,25.2,365.7,144.3,71.2,2.31,15.66,1.153,75.37,0.765,0.0,0.994,0.0,0.0,48.39,1,0.95,cooling,0.99,none,48.73
1339,DESERT_PATROL,9026.1,12.8,0.779,0.719,4334.7,36.6,16.7,697.4,220.5,89.6,2.62,46.86,3.912,-1.46,0.405,0.496,0.0,0.0,0.496,10.75,1,0.936,combustion,0.99,none,2.67
1340,HIGH_ALTITUDE,15997.6,-14.6,0.894,0.772,5298.4,55.0,30.3,631.2,195.8,75.7,3.66,22.74,0.757,24.74,0.765,0.0,0.0,0.0,0.0,83.74,0,0.104,healthy,0.0,none,92.5
1341,TRANSIT,2165.1,11.5,0.826,0.81,4945.2,84.1,43.5,595.2,197.5,97.8,2.36,26.32,0.876,22.67,0.765,0.0,0.0,0.262,0.0,59.34,0,0.241,lubrication,0.26,none,61.22
1342,ISR,11074.6,-6.1,0.636,0.576,4007.2,61.1,25.4,448.1,145.3,72.3,2.8,17.39,1.303,76.36,0.765,0.0,0.0,0.0,0.0,86.13,0,0.087,healthy,0.0,none,98.81
1343,LOITER,5989.4,-0.3,0.556,0.527,3593.3,70.6,26.4,391.0,140.1,73.3,2.36,16.62,1.23,81.09,0.765,0.0,0.528,0.0,0.0,56.12,1,0.399,cooling,0.53,none,56.57
1344,HIGH_ALTITUDE,24818.8,-33.3,0.875,0.689,5196.1,40.8,22.2,616.1,179.0,66.6,3.45,19.3,0.747,42.8,0.765,0.0,0.0,0.277,0.0,70.24,0,0.277,lubrication,0.28,none,75.37
1345,HIGH_ALTITUDE,19685.4,-25.0,0.947,0.787,5540.7,49.7,28.6,680.9,200.4,70.6,4.17,22.82,0.712,20.6,0.765,0.0,0.0,0.0,0.0,81.13,0,0.024,healthy,0.0,none,93.64
1346,TRANSIT,14197.0,-15.1,0.8,0.703,4797.4,58.2,29.0,564.7,174.9,72.3,3.41,21.15,0.921,46.71,0.765,0.0,0.0,0.0,0.0,89.46,0,0.126,healthy,0.0,none,97.17
1347,TRANSIT,7475.5,1.0,0.839,0.785,4998.7,71.8,37.6,606.1,192.9,85.3,3.15,24.46,0.817,26.46,0.765,0.0,0.0,0.0,0.0,75.57,0,0.2,healthy,0.0,none,80.18
1348,TRANSIT,10819.5,-3.7,0.517,0.469,3387.7,58.4,20.5,363.5,119.5,69.1,2.3,14.36,1.146,100.87,0.765,0.0,0.0,0.0,0.0,83.82,0,0.066,healthy,0.0,none,96.94
1349,DESERT_PATROL,10896.0,16.9,0.613,0.556,3868.0,56.2,22.6,464.9,156.5,101.6,1.13,17.08,1.261,62.05,0.765,0.0,0.0,0.832,0.0,51.18,1,0.687,lubrication,0.83,none,53.01
1350,ISR,5907.9,4.5,0.688,0.653,4232.0,72.7,32.2,489.7,163.7,82.5,2.74,20.72,1.237,57.36,0.765,0.0,0.0,0.0,0.0,81.02,0,0.198,healthy,0.0,none,90.93
1351,HIGH_ALTITUDE,18373.3,-24.9,0.858,0.723,5093.9,51.7,27.4,602.8,178.6,67.8,3.91,21.11,0.822,40.84,0.765,0.0,0.0,0.0,0.0,88.42,0,0.055,healthy,0.0,none,100.88
1352,DESERT_PATROL,12475.0,16.9,0.834,0.745,4799.7,44.6,22.5,677.6,217.1,93.3,2.77,30.27,2.101,0.13,0.591,0.214,0.0,0.0,0.214,29.53,1,0.395,combustion,0.43,none,25.55
1353,LOITER,6573.4,1.1,0.505,0.477,3209.8,54.3,18.3,402.0,131.5,72.1,2.1,18.37,2.142,88.62,0.599,0.204,0.0,0.0,0.204,48.7,1,0.399,combustion,0.41,none,41.35
1354,LOITER,6778.5,7.7,0.49,0.462,3241.3,47.8,16.3,412.5,136.4,74.8,2.06,22.78,1.064,82.49,0.565,0.746,0.0,0.0,0.0,51.0,1,0.68,injector,0.75,none,51.4
1355,LOITER,3641.8,12.5,0.476,0.461,3186.0,71.0,23.8,345.1,121.7,78.3,1.96,14.62,1.031,97.76,0.765,0.0,0.0,0.0,0.0,87.2,0,0.144,healthy,0.0,none,102.11
1356,ISR,8920.9,-3.5,0.644,0.595,4009.2,65.9,27.7,454.8,153.5,74.2,2.74,18.29,1.301,67.42,0.765,0.0,0.343,0.0,0.0,62.91,1,0.326,cooling,0.34,none,68.65
1357,DESERT_PATROL,15668.4,3.8,0.652,0.564,4078.8,49.3,20.9,476.2,157.1,91.6,1.59,16.54,1.256,63.43,0.765,0.0,0.0,0.656,0.0,52.29,1,0.685,lubrication,0.66,none,45.86
1358,TRANSIT,13881.6,-13.3,0.728,0.641,4443.7,57.6,26.7,508.6,157.7,70.6,3.19,19.53,1.134,61.32,0.765,0.0,0.0,0.0,0.0,89.19,0,0.106,healthy,0.0,none,103.29
1359,TRANSIT,5558.5,4.1,0.593,0.565,3771.3,71.6,28.3,421.9,140.3,77.7,2.42,17.87,1.353,78.78,0.765,0.0,0.0,0.0,0.0,83.2,0,0.056,healthy,0.0,none,91.2
1360,LOITER,5539.3,0.8,0.6,0.571,3790.7,72.7,29.0,418.1,140.6,76.4,2.49,18.22,1.291,80.1,0.765,0.0,0.0,0.0,0.0,72.61,0,0.247,sensor,0.21,spike,80.03
1361,LOITER,4131.7,11.1,0.494,0.476,3266.8,70.7,24.3,353.7,124.8,78.4,2.02,15.23,1.052,95.03,0.765,0.0,0.0,0.0,0.0,87.73,0,0.06,healthy,0.0,none,99.06
1362,TRANSIT,4265.0,9.5,0.548,0.528,3387.5,53.6,19.1,443.6,146.3,79.0,2.1,22.75,2.655,72.43,0.542,0.282,0.0,0.0,0.282,41.92,1,0.476,combustion,0.56,none,36.94
1363,TRANSIT,11166.4,-11.2,0.691,0.625,4248.1,63.0,28.1,484.8,151.1,71.3,2.96,19.05,1.26,68.47,0.765,0.0,0.0,0.0,0.0,85.77,0,0.203,healthy,0.0,none,92.43
1364,TRANSIT,4296.3,4.0,0.523,0.503,3419.3,73.0,26.3,368.3,124.8,74.9,2.17,15.99,1.159,94.6,0.765,0.0,0.0,0.0,0.0,87.84,0,0.072,healthy,0.0,none,103.45
1365,DESERT_PATROL,5851.4,22.9,0.681,0.647,4185.3,50.9,22.2,569.5,192.8,92.7,2.42,31.22,1.273,28.34,0.571,0.724,0.0,0.0,0.0,41.11,1,0.666,injector,0.72,none,42.45
1366,LOITER,6589.9,2.7,0.462,0.436,3100.6,65.3,21.4,327.4,111.3,71.2,2.01,13.71,0.991,108.49,0.765,0.0,0.0,0.0,0.0,84.05,0,0.182,healthy,0.0,none,90.8
1367,HIGH_ALTITUDE,19032.3,-23.3,0.794,0.664,4772.3,49.3,24.7,566.4,166.2,66.3,3.64,19.16,0.97,53.95,0.765,0.0,0.0,0.0,0.0,92.63,0,0.103,healthy,0.0,none,111.11
1368,DESERT_PATROL,13633.2,7.9,0.727,0.642,4439.8,53.8,24.8,544.5,176.3,82.4,2.88,19.22,1.139,43.7,0.765,0.0,0.0,0.0,0.0,84.49,0,0.023,healthy,0.0,none,94.85
1369,ISR,5996.1,1.6,0.698,0.662,4281.9,73.4,32.9,494.0,161.6,80.9,2.85,20.99,1.252,57.66,0.765,0.0,0.0,0.0,0.0,87.1,0,0.064,healthy,0.0,none,103.82
1370,LOITER,3446.2,8.6,0.416,0.403,2882.4,69.9,21.0,293.5,105.3,73.6,1.8,12.92,0.829,114.4,0.765,0.0,0.0,0.0,0.0,78.36,0,0.07,healthy,0.0,none,86.07
1371,DESERT_PATROL,5595.7,18.3,0.665,0.633,4030.5,59.4,25.1,523.9,177.4,89.6,2.37,24.48,2.129,42.87,0.637,0.154,0.0,0.0,0.154,53.74,1,0.325,combustion,0.31,none,49.76
1372,TRANSIT,8965.0,-0.2,0.739,0.682,4491.5,66.7,31.5,533.2,180.9,80.5,3.0,21.3,1.157,40.22,0.765,0.0,0.506,0.0,0.0,54.32,1,0.471,cooling,0.51,none,59.47
1373,HIGH_ALTITUDE,18857.3,-25.0,0.895,0.75,4537.3,42.8,20.3,644.8,188.4,69.2,3.33,30.26,3.496,32.65,0.554,0.0,0.0,0.0,0.92,32.69,1,0.847,mechanical,0.92,none,25.48
1374,HIGH_ALTITUDE,23114.1,-30.0,0.727,0.583,4408.7,42.0,19.6,503.9,145.4,58.2,3.59,16.67,1.124,73.81,0.765,0.0,0.0,0.0,0.0,92.25,0,0.145,healthy,0.0,none,105.15
1375,HIGH_ALTITUDE,15957.7,-17.2,0.74,0.639,4495.9,54.0,25.3,521.8,158.8,67.9,3.28,18.91,1.126,61.47,0.765,0.0,0.0,0.0,0.0,67.07,1,0.299,sensor,0.37,noise,75.68
1376,HIGH_ALTITUDE,24479.2,-30.3,0.879,0.695,5194.6,40.9,22.3,628.6,189.4,63.6,4.09,19.44,0.748,30.51,0.765,0.0,0.513,0.0,0.0,56.3,1,0.473,cooling,0.51,none,54.62
1377,TRANSIT,1471.9,17.3,0.743,0.734,4543.2,83.1,39.2,534.4,186.3,105.1,1.63,24.03,1.133,35.96,0.765,0.0,0.0,0.581,0.0,50.7,1,0.42,lubrication,0.58,none,42.6
1378,TRANSIT,6784.3,-0.3,0.686,0.646,3934.4,43.5,17.9,611.4,188.6,78.7,2.54,38.78,3.609,31.95,0.434,0.446,0.0,0.0,0.446,25.7,1,0.788,combustion,0.89,none,22.14
1379,ISR,11591.8,-4.1,0.845,0.761,5037.4,45.5,24.0,671.3,207.2,81.7,3.36,26.87,0.812,11.84,0.557,0.777,0.0,0.0,0.0,39.45,1,0.704,injector,0.78,none,38.49
1380,HIGH_ALTITUDE,19196.5,-17.1,0.724,0.605,4405.6,47.0,21.7,512.7,156.3,67.1,3.28,17.6,1.142,64.3,0.765,0.0,0.0,0.0,0.0,88.28,0,0.158,healthy,0.0,none,101.4
1381,TRANSIT,1432.9,10.9,0.522,0.516,3329.0,66.6,23.2,412.7,142.5,79.6,2.09,19.61,1.981,79.03,0.628,0.166,0.0,0.0,0.166,56.09,1,0.316,combustion,0.33,none,55.61
1382,DESERT_PATROL,12196.3,19.1,0.641,0.574,3997.3,53.5,22.3,499.0,166.8,87.5,2.39,17.32,1.323,53.61,0.765,0.0,0.0,0.0,0.0,85.01,0,0.058,healthy,0.0,none,99.42
1383,TRANSIT,4670.5,3.6,0.799,0.767,4793.2,78.5,39.6,577.7,185.4,86.9,3.02,24.62,0.92,34.07,0.765,0.0,0.0,0.0,0.0,83.28,0,0.237,healthy,0.0,none,95.01
1384,TRANSIT,4503.7,6.1,0.758,0.728,4600.7,77.5,37.3,540.3,178.9,101.9,1.46,22.92,1.061,41.17,0.765,0.0,0.0,0.775,0.0,49.49,1,0.686,lubrication,0.78,none,47.56
1385,HIGH_ALTITUDE,19458.5,-20.5,0.787,0.655,4706.4,42.3,21.2,582.4,175.1,67.5,3.55,22.83,0.971,46.18,0.677,0.327,0.0,0.0,0.0,68.27,1,0.219,injector,0.33,none,72.8
1386,TRANSIT,2414.1,9.8,0.704,0.689,4322.2,81.6,36.9,515.6,168.6,86.3,2.63,22.16,1.268,50.59,0.765,0.0,0.0,0.0,0.0,66.66,1,0.268,sensor,0.32,noise,68.28
1387,DESERT_PATROL,2920.8,35.5,0.654,0.638,4059.7,72.4,31.0,508.8,181.8,99.8,2.09,20.29,1.332,39.5,0.765,0.0,0.0,0.0,0.0,79.41,0,0.215,healthy,0.0,none,93.09
1388,LOITER,6582.4,3.9,0.446,0.42,2851.0,40.2,11.8,423.5,137.2,71.1,1.77,20.41,3.073,82.8,0.447,0.426,0.0,0.0,0.426,33.02,1,0.804,combustion,0.85,none,32.85
1389,DESERT_PATROL,13539.2,5.7,0.828,0.732,4914.7,55.6,29.0,623.4,201.8,87.1,3.12,21.69,0.892,17.21,0.765,0.0,0.362,0.0,0.0,53.04,1,0.269,cooling,0.36,none,54.64
1390,HIGH_ALTITUDE,22972.6,-28.1,0.814,0.654,4866.4,42.7,21.9,570.3,167.3,62.6,3.81,18.19,0.896,52.55,0.765,0.0,0.0,0.0,0.0,94.48,0,0.059,healthy,0.0,none,113.32
1391,TRANSIT,14739.3,-8.2,0.772,0.675,4657.8,55.2,27.0,551.6,172.4,76.0,3.21,20.23,1.031,46.89,0.765,0.0,0.0,0.0,0.0,88.44,0,0.039,healthy,0.0,none,103.4
1392,DESERT_PATROL,14556.2,11.5,0.817,0.715,4882.3,52.2,26.5,615.8,199.1,95.2,2.42,21.72,0.902,20.18,0.765,0.0,0.0,0.297,0.0,56.16,0,0.233,lubrication,0.3,none,53.37
1393,HIGH_ALTITUDE,18913.4,-22.2,0.84,0.704,4996.5,49.8,26.2,605.2,179.2,75.9,2.86,20.31,0.837,42.64,0.765,0.0,0.0,0.386,0.0,59.6,1,0.349,lubrication,0.39,none,63.48
1394,HIGH_ALTITUDE,15056.3,-14.3,0.707,0.616,4338.2,48.2,21.9,537.1,160.3,68.6,3.1,22.6,1.203,59.27,0.671,0.349,0.0,0.0,0.0,64.0,1,0.301,injector,0.35,none,68.48
1395,LOITER,4859.5,4.8,0.406,0.389,2824.4,66.8,19.6,282.5,100.8,70.3,1.79,12.37,0.817,119.53,0.765,0.0,0.0,0.0,0.0,83.87,0,0.213,healthy,0.0,none,94.78
1396,LOITER,6349.2,-4.4,0.533,0.504,3217.6,63.9,21.3,372.6,122.3,69.9,2.11,18.77,2.306,98.8,0.642,0.0,0.0,0.0,0.536,47.05,1,0.494,mechanical,0.54,none,49.16
1397,HIGH_ALTITUDE,21276.3,-25.3,0.934,0.764,5482.9,46.4,26.6,662.8,196.0,69.4,4.13,21.81,0.706,23.59,0.765,0.0,0.0,0.0,0.0,83.01,0,0.185,healthy,0.0,none,90.68
1398,HIGH_ALTITUDE,16936.3,-17.3,0.75,0.641,4539.1,52.0,24.8,527.4,159.5,67.9,3.35,18.95,1.067,59.19,0.765,0.0,0.0,0.0,0.0,60.94,1,0.726,sensor,0.81,spike,62.39
1399,ISR,1543.8,5.6,0.844,0.833,4994.4,88.2,46.6,598.2,198.5,91.1,2.99,27.12,0.814,23.81,0.765,0.0,0.0,0.0,0.0,78.93,0,0.202,healthy,0.0,none,86.21
1400,DESERT_PATROL,8368.6,14.7,0.568,0.527,3639.7,61.4,23.4,420.5,145.5,82.3,2.23,16.21,1.264,74.52,0.765,0.0,0.0,0.0,0.0,85.78,0,0.119,healthy,0.0,none,101.12
1401,ISR,11444.0,-6.3,0.518,0.468,3402.5,57.6,20.6,360.9,117.5,67.5,2.35,14.37,1.138,102.68,0.765,0.0,0.0,0.0,0.0,86.19,0,0.131,healthy,0.0,none,100.23
1402,DESERT_PATROL,5310.3,18.7,0.707,0.675,4343.5,71.1,32.2,527.1,180.2,91.9,2.53,21.25,1.204,41.31,0.765,0.0,0.0,0.0,0.0,76.81,0,0.241,healthy,0.0,none,84.77
1403,ISR,4004.8,3.2,0.645,0.623,3999.0,77.5,32.4,450.8,153.6,79.7,2.65,19.92,1.293,68.55,0.765,0.0,0.0,0.0,0.0,78.73,0,0.25,healthy,0.0,none,89.48
1404,TRANSIT,3232.9,6.0,0.778,0.756,4714.7,81.7,40.4,562.5,183.0,97.1,1.94,24.06,1.041,37.34,0.765,0.0,0.0,0.499,0.0,52.05,1,0.46,lubrication,0.5,none,46.26
1405,HIGH_ALTITUDE,17132.1,-21.0,0.872,0.744,4833.3,50.1,25.3,626.4,183.9,70.9,3.56,24.77,1.942,34.81,0.669,0.0,0.0,0.0,0.417,50.09,1,0.386,mechanical,0.42,none,52.21
1406,ISR,15567.6,-14.1,0.775,0.672,4702.9,54.6,26.8,551.9,168.7,71.6,3.37,19.82,1.02,51.02,0.765,0.0,0.0,0.0,0.0,89.76,0,0.144,healthy,0.0,none,104.44
1407,ISR,13036.3,-11.9,0.735,0.653,4470.7,59.4,27.8,518.5,160.8,72.1,3.21,19.38,1.174,58.85,0.765,0.0,0.0,0.0,0.0,87.76,0,0.087,healthy,0.0,none,98.71
1408,HIGH_ALTITUDE,21536.8,-29.1,0.913,0.744,4743.4,40.3,20.0,643.5,187.4,65.7,3.58,27.89,2.913,31.44,0.585,0.0,0.0,0.0,0.784,36.0,1,0.724,mechanical,0.78,none,35.64
1409,HIGH_ALTITUDE,22127.2,-28.4,0.92,0.746,5396.2,45.2,25.7,661.1,190.7,66.2,4.16,20.66,0.691,29.05,0.765,0.0,0.0,0.0,0.0,86.14,0,0.24,healthy,0.0,none,104.85
1410,LOITER,6122.9,-0.3,0.461,0.436,3098.4,67.1,21.8,313.6,107.3,69.9,2.06,13.59,0.964,111.47,0.765,0.0,0.0,0.0,0.0,85.2,0,0.219,healthy,0.0,none,96.97
1411,ISR,5662.7,2.9,0.834,0.793,4939.0,76.3,39.7,597.5,194.1,100.7,1.84,24.73,0.854,26.7,0.765,0.0,0.0,0.649,0.0,45.13,1,0.665,lubrication,0.65,none,40.66
1412,LOITER,5126.7,4.0,0.485,0.464,3223.5,69.5,23.4,340.2,114.9,73.7,2.09,14.51,1.06,102.64,0.765,0.0,0.0,0.0,0.0,87.35,0,0.065,healthy,0.0,none,103.58
1413,TRANSIT,13716.9,-7.8,0.802,0.708,4800.7,57.8,29.2,579.6,178.9,76.8,3.36,21.21,0.938,40.11,0.765,0.0,0.0,0.0,0.0,59.69,1,0.509,sensor,0.46,noise,54.03
1414,HIGH_ALTITUDE,20321.7,-25.2,0.935,0.773,5165.6,45.5,24.7,669.3,194.5,69.7,3.85,25.14,1.707,23.35,0.68,0.0,0.0,0.0,0.371,51.75,1,0.367,mechanical,0.37,none,50.63
1415,LOITER,4791.8,12.3,0.488,0.468,3229.1,46.8,15.8,427.2,141.5,77.9,2.02,25.75,1.051,76.19,0.523,0.905,0.0,0.0,0.0,48.15,1,0.831,injector,0.91,none,47.19
1416,HIGH_ALTITUDE,21579.5,-23.5,0.879,0.717,5200.3,45.1,24.6,627.2,187.8,68.1,3.95,20.19,0.747,34.2,0.765,0.0,0.0,0.0,0.0,73.09,0,0.177,sensor,0.25,noise,76.87
1417,LOITER,3091.7,6.2,0.551,0.537,3383.0,53.7,19.0,457.0,149.2,78.3,2.14,27.8,2.917,70.92,0.509,0.33,0.0,0.0,0.33,38.31,1,0.539,combustion,0.66,none,35.7
1418,DESERT_PATROL,5678.4,16.3,0.655,0.623,4083.2,69.7,29.9,487.6,165.5,88.2,2.43,19.81,1.313,54.69,0.765,0.0,0.0,0.0,0.0,81.29,0,0.151,healthy,0.0,none,84.5
1419,DESERT_PATROL,1414.4,34.3,0.788,0.779,4751.9,79.5,39.4,592.5,208.5,105.8,2.37,25.33,0.958,11.83,0.765,0.0,0.0,0.0,0.0,72.54,0,0.118,healthy,0.0,none,81.34
1420,ISR,8549.1,2.3,0.824,0.764,4661.3,46.6,22.6,660.0,206.9,86.0,2.92,34.73,2.967,11.93,0.494,0.353,0.0,0.0,0.353,23.45,1,0.597,combustion,0.71,none,19.72
1421,DESERT_PATROL,1527.4,29.7,0.559,0.552,3607.1,75.2,28.3,423.2,152.8,93.0,1.97,17.95,1.259,65.71,0.765,0.0,0.0,0.0,0.0,77.55,0,0.099,healthy,0.0,none,87.98
1422,LOITER,7498.9,3.3,0.424,0.396,2903.1,61.5,18.7,296.7,103.5,70.6,1.91,12.5,0.857,116.33,0.765,0.0,0.0,0.0,0.0,72.42,0,0.199,sensor,0.26,freeze,78.85
1423,ISR,15614.8,-15.1,0.506,0.438,3322.2,50.1,17.4,349.3,113.5,60.6,2.43,12.81,1.112,106.35,0.765,0.0,0.355,0.0,0.0,62.29,1,0.343,cooling,0.36,none,63.86
1424,HIGH_ALTITUDE,24656.3,-33.0,0.74,0.584,4313.4,30.1,13.6,562.1,159.6,56.4,3.39,21.17,2.71,60.61,0.554,0.266,0.0,0.0,0.266,46.33,1,0.414,combustion,0.53,none,43.97
1425,HIGH_ALTITUDE,24602.1,-34.1,0.769,0.607,4634.1,40.5,19.7,532.5,154.3,56.8,3.65,17.07,1.03,67.66,0.765,0.0,0.0,0.0,0.0,89.59,0,0.207,healthy,0.0,none,105.19
1426,LOITER,5744.7,8.4,0.401,0.381,2814.3,63.5,18.9,285.2,103.7,71.8,1.73,12.15,0.815,117.35,0.765,0.0,0.0,0.0,0.0,88.53,0,0.063,healthy,0.0,none,99.87
1427,ISR,8133.7,-4.3,0.605,0.563,3826.9,67.3,27.0,430.3,136.0,72.1,2.59,17.6,1.252,82.57,0.765,0.0,0.0,0.0,0.0,85.42,0,0.193,healthy,0.0,none,101.91
1428,ISR,9208.7,-5.7,0.69,0.636,4276.4,66.6,29.6,491.5,155.9,75.7,2.93,19.55,1.211,64.54,0.765,0.0,0.0,0.0,0.0,57.55,1,0.771,sensor,0.87,spike,59.27
1429,DESERT_PATROL,14914.6,3.5,0.643,0.56,4014.9,50.7,21.2,464.9,153.8,77.3,2.67,16.9,1.3,65.97,0.765,0.0,0.0,0.0,0.0,81.21,0,0.083,healthy,0.0,none,89.99
1430,TRANSIT,5323.3,4.3,0.568,0.542,3647.6,71.5,27.4,400.9,136.7,77.5,2.32,17.22,1.284,84.15,0.765,0.0,0.0,0.0,0.0,56.92,1,0.594,sensor,0.65,noise,52.42
1431,ISR,14239.2,-13.0,0.831,0.729,4940.1,58.0,30.1,586.4,182.6,75.1,3.41,21.75,0.875,38.11,0.765,0.0,0.0,0.0,0.0,85.58,0,0.245,healthy,0.0,none,100.76
1432,LOITER,4781.8,2.2,0.438,0.42,2988.0,69.0,21.7,302.2,105.5,70.3,1.94,13.41,0.913,114.52,0.765,0.0,0.0,0.0,0.0,58.38,1,0.662,sensor,0.76,noise,62.85
1433,TRANSIT,15532.9,-19.5,0.743,0.644,4496.6,55.5,26.2,521.7,157.3,67.4,3.32,19.37,1.131,62.81,0.765,0.0,0.0,0.0,0.0,91.43,0,0.044,healthy,0.0,none,105.6
1434,DESERT_PATROL,2920.3,28.1,0.764,0.745,4066.6,65.7,27.8,569.5,201.4,100.1,2.15,31.67,3.445,21.74,0.577,0.0,0.0,0.0,0.819,26.63,1,0.715,mechanical,0.82,none,24.15
1435,HIGH_ALTITUDE,23021.8,-26.4,0.937,0.752,5496.9,43.3,24.9,675.4,198.1,67.8,4.21,21.43,0.69,23.46,0.765,0.0,0.0,0.0,0.0,85.66,0,0.099,healthy,0.0,none,98.0
1436,TRANSIT,8831.1,-5.1,0.616,0.569,3881.5,65.9,26.9,432.4,138.6,91.3,1.17,17.6,1.339,80.62,0.765,0.0,0.0,0.946,0.0,48.04,1,0.874,lubrication,0.95,none,43.81
1437,ISR,8523.5,-1.3,0.627,0.581,3924.1,66.0,27.1,441.8,146.9,75.0,2.64,18.06,1.292,75.12,0.765,0.0,0.0,0.0,0.0,76.57,0,0.215,healthy,0.0,none,84.33
1438,TRANSIT,9608.7,-1.3,0.51,0.468,2917.5,51.7,15.8,356.9,120.3,70.2,1.86,19.32,3.03,100.81,0.571,0.0,0.0,0.0,0.847,37.8,1,0.712,mechanical,0.85,none,33.19
1439,DESERT_PATROL,5227.4,15.9,0.634,0.605,3953.4,70.5,29.2,471.7,160.1,86.7,2.37,18.97,1.256,59.91,0.765,0.0,0.0,0.0,0.0,80.85,0,0.237,healthy,0.0,none,95.56
1440,ISR,14868.6,-12.1,0.786,0.686,4715.2,55.9,27.8,553.9,171.7,73.4,3.35,20.39,1.011,47.17,0.765,0.0,0.0,0.0,0.0,89.96,0,0.039,healthy,0.0,none,104.37
1441,LOITER,6213.9,-0.1,0.541,0.512,3486.3,69.5,25.6,376.4,126.9,72.8,2.35,16.13,1.236,93.68,0.765,0.0,0.0,0.0,0.0,82.23,0,0.067,healthy,0.0,none,97.19
1442,TRANSIT,14619.4,-13.3,0.52,0.455,3398.2,52.2,18.7,357.1,123.8,62.0,2.48,13.66,1.142,95.92,0.765,0.0,0.626,0.0,0.0,55.55,1,0.463,cooling,0.63,none,52.38
1443,ISR,4290.5,5.1,0.757,0.729,4559.6,78.4,37.8,546.0,176.1,85.8,2.89,23.28,1.094,42.26,0.765,0.0,0.0,0.0,0.0,85.09,0,0.041,healthy,0.0,none,101.77
1444,ISR,2674.0,13.3,0.566,0.553,3618.9,76.4,28.9,410.5,140.7,83.5,2.19,17.72,1.215,77.8,0.765,0.0,0.0,0.0,0.0,75.73,0,0.24,healthy,0.0,none,83.65
1445,HIGH_ALTITUDE,18057.2,-17.2,0.791,0.669,4749.2,50.1,24.8,568.9,170.8,69.6,3.5,19.69,0.991,49.45,0.765,0.0,0.0,0.0,0.0,90.26,0,0.242,healthy,0.0,none,103.89
1446,ISR,6178.1,2.8,0.565,0.535,3629.2,54.9,20.8,445.1,147.4,75.4,2.4,23.98,1.219,73.34,0.604,0.601,0.0,0.0,0.0,52.64,1,0.531,injector,0.6,none,52.83
1447,HIGH_ALTITUDE,16483.0,-22.3,0.914,0.785,5365.9,38.7,21.7,711.3,209.5,72.1,3.98,39.21,0.714,8.45,0.531,0.876,0.0,0.0,0.0,39.39,1,0.754,injector,0.88,none,36.37
1448,TRANSIT,7938.0,2.1,0.61,0.568,3877.9,66.3,26.6,439.9,143.6,76.7,2.46,17.83,1.317,76.06,0.765,0.0,0.0,0.0,0.0,83.08,0,0.246,healthy,0.0,none,95.69
1449,TRANSIT,14062.5,-17.3,0.502,0.442,3298.8,53.7,18.7,338.6,109.3,59.7,2.41,13.32,1.107,110.63,0.765,0.0,0.288,0.0,0.0,68.0,0,0.221,cooling,0.29,none,76.42
1450,ISR,4111.9,6.1,0.652,0.629,4053.3,56.3,23.9,530.3,173.3,81.9,2.56,30.85,1.312,48.91,0.563,0.755,0.0,0.0,0.0,49.08,1,0.662,injector,0.75,none,46.89
1451,ISR,6979.5,7.2,0.619,0.582,3884.9,67.7,27.7,455.2,150.7,80.1,2.49,18.32,1.293,70.08,0.765,0.0,0.0,0.0,0.0,85.24,0,0.137,healthy,0.0,none,94.63
1452,HIGH_ALTITUDE,17934.8,-21.8,0.753,0.637,4572.5,50.8,24.3,527.7,156.6,65.5,3.46,18.31,1.091,62.08,0.765,0.0,0.0,0.0,0.0,92.72,0,0.063,healthy,0.0,none,107.99
1453,HIGH_ALTITUDE,16946.3,-21.5,0.746,0.638,4525.7,52.8,25.1,520.2,158.6,81.7,1.81,18.71,1.065,63.54,0.765,0.0,0.0,0.791,0.0,53.06,1,0.67,lubrication,0.79,none,51.16
1454,ISR,3064.6,6.1,0.647,0.63,4028.5,79.4,33.2,455.8,154.0,95.1,1.55,20.45,1.338,66.07,0.765,0.0,0.0,0.632,0.0,53.35,1,0.533,lubrication,0.63,none,58.24
1455,DESERT_PATROL,3616.7,28.1,0.624,0.604,3590.3,65.5,24.6,475.6,166.9,93.8,1.96,22.98,2.475,52.31,0.645,0.0,0.0,0.0,0.524,47.14,1,0.366,mechanical,0.52,none,42.18
1456,TRANSIT,15174.0,-17.4,0.788,0.686,4758.7,56.4,27.7,556.2,168.1,69.7,3.5,20.26,0.96,50.97,0.765,0.0,0.0,0.0,0.0,65.33,1,0.402,sensor,0.46,spike,71.25
1457,TRANSIT,2392.7,10.8,0.681,0.667,4192.3,80.9,35.6,488.7,163.8,86.6,2.57,21.86,1.212,54.77,0.765,0.0,0.0,0.0,0.0,58.08,1,0.563,sensor,0.71,noise,58.78
1458,LOITER,3704.9,3.7,0.536,0.519,3099.2,66.2,21.7,377.1,128.6,75.6,1.97,20.68,2.707,92.1,0.602,0.0,0.0,0.0,0.709,42.04,1,0.59,mechanical,0.71,none,38.91
1459,TRANSIT,2891.7,12.0,0.653,0.637,4071.9,78.4,33.4,476.6,158.1,86.2,2.51,20.34,1.356,59.71,0.765,0.0,0.0,0.0,0.0,80.85,0,0.233,healthy,0.0,none,94.44
1460,TRANSIT,10886.9,-12.2,0.518,0.469,3392.4,60.2,21.3,350.2,113.0,64.0,2.4,14.51,1.164,107.96,0.765,0.0,0.0,0.0,0.0,75.99,0,0.062,healthy,0.0,none,83.8
1461,HIGH_ALTITUDE,20098.9,-20.2,0.916,0.758,4630.0,39.9,19.1,656.9,196.0,72.0,3.28,29.79,3.412,23.55,0.55,0.0,0.0,0.0,0.937,29.03,1,0.817,mechanical,0.94,none,20.84
1462,ISR,1665.2,9.2,0.608,0.599,3819.3,81.7,32.9,427.5,166.6,82.4,2.39,19.18,1.278,53.94,0.765,0.0,0.859,0.0,0.0,50.92,1,0.684,cooling,0.86,none,51.34
1463,ISR,7460.7,-0.6,0.676,0.632,4101.5,60.2,25.8,511.0,162.2,77.8,2.7,23.83,2.016,55.7,0.647,0.141,0.0,0.0,0.141,60.6,0,0.276,combustion,0.28,none,63.74
1464,DESERT_PATROL,15960.7,-1.1,0.805,0.695,4820.0,51.5,26.0,592.4,185.1,81.1,3.26,20.69,0.957,33.14,0.765,0.0,0.0,0.0,0.0,83.72,0,0.102,healthy,0.0,none,90.83
1465,DESERT_PATROL,10781.2,5.6,0.758,0.688,4178.4,54.8,23.6,559.0,177.7,84.5,2.58,26.12,2.866,39.47,0.62,0.0,0.0,0.0,0.63,37.55,1,0.581,mechanical,0.63,none,37.92
1466,ISR,7868.6,3.3,0.699,0.651,4295.3,68.0,30.9,504.7,165.2,81.9,2.79,20.28,1.251,55.48,0.765,0.0,0.0,0.0,0.0,86.85,0,0.189,healthy,0.0,none,101.87
1467,HIGH_ALTITUDE,19459.7,-27.2,0.777,0.648,4135.2,42.5,18.4,543.6,159.5,62.9,3.19,24.34,3.317,60.8,0.584,0.0,0.0,0.0,0.787,41.01,1,0.729,mechanical,0.79,none,33.99
1468,ISR,15070.4,-20.0,0.753,0.656,4559.5,45.1,21.6,575.5,171.2,67.2,3.45,27.64,1.12,48.87,0.608,0.585,0.0,0.0,0.0,57.48,1,0.502,injector,0.58,none,51.77
1469,TRANSIT,9482.5,-2.7,0.743,0.683,4524.1,66.1,31.2,528.8,169.9,79.0,2.98,21.06,1.106,50.24,0.765,0.0,0.0,0.0,0.0,78.27,0,0.167,healthy,0.0,none,87.99
1470,LOITER,3185.9,8.4,0.428,0.416,2952.0,71.2,22.0,301.6,107.9,73.5,1.81,13.28,0.879,111.82,0.765,0.0,0.0,0.0,0.0,75.73,0,0.222,healthy,0.0,none,86.11
1471,HIGH_ALTITUDE,18122.3,-23.7,0.771,0.651,4641.5,51.0,24.9,545.4,179.4,64.8,3.59,19.04,1.03,41.81,0.765,0.0,0.838,0.0,0.0,53.21,1,0.802,cooling,0.84,none,56.41
1472,ISR,9403.5,-5.6,0.571,0.525,3367.8,58.0,20.5,399.8,128.9,69.6,2.27,19.25,2.509,90.76,0.642,0.0,0.0,0.0,0.537,45.87,1,0.459,mechanical,0.54,none,39.79
1473,TRANSIT,5428.7,8.7,0.769,0.733,4660.2,74.4,36.0,558.8,184.1,88.2,2.91,23.05,1.033,36.07,0.765,0.0,0.0,0.0,0.0,83.95,0,0.022,healthy,0.0,none,93.51
1474,DESERT_PATROL,13267.3,5.4,0.659,0.584,4090.2,54.1,23.0,484.1,158.5,79.6,2.64,17.27,1.295,60.91,0.765,0.0,0.0,0.0,0.0,84.21,0,0.162,healthy,0.0,none,99.39
1475,TRANSIT,13492.6,-13.2,0.507,0.448,3332.0,47.3,16.6,379.1,116.9,62.8,2.38,16.26,1.111,103.09,0.667,0.367,0.0,0.0,0.0,61.12,1,0.275,injector,0.37,none,61.37
1476,TRANSIT,7637.1,-0.4,0.554,0.518,3438.5,50.6,18.1,441.5,141.7,74.1,2.25,21.07,2.611,78.22,0.561,0.256,0.0,0.0,0.256,42.92,1,0.464,combustion,0.51,none,32.65
1477,DESERT_PATROL,2379.1,35.4,0.74,0.725,4514.1,75.6,35.7,566.2,199.5,103.0,2.32,23.41,1.122,20.99,0.765,0.0,0.0,0.0,0.0,73.47,0,0.042,healthy,0.0,none,79.75
1478,ISR,15872.6,-19.7,0.686,0.593,4222.1,53.9,23.8,475.4,143.8,65.5,3.19,17.39,1.297,75.73,0.765,0.0,0.0,0.0,0.0,82.93,0,0.059,healthy,0.0,none,96.37
1479,ISR,7681.5,1.8,0.749,0.7,4558.7,69.7,33.2,530.0,174.1,82.3,2.95,21.88,1.096,45.61,0.765,0.0,0.0,0.0,0.0,85.93,0,0.183,healthy,0.0,none,97.96
1480,TRANSIT,4677.3,6.0,0.677,0.65,4188.7,75.5,32.9,485.1,173.3,83.6,2.66,20.55,1.213,46.85,0.765,0.0,0.641,0.0,0.0,53.36,1,0.564,cooling,0.64,none,51.2
1481,LOITER,3993.7,10.3,0.571,0.551,3653.4,73.7,28.0,409.9,141.6,80.8,2.26,17.67,1.291,78.74,0.765,0.0,0.0,0.0,0.0,86.48,0,0.068,healthy,0.0,none,96.15
1482,HIGH_ALTITUDE,24662.5,-33.8,0.943,0.744,5485.7,41.6,24.0,662.1,191.3,63.6,4.38,20.63,0.701,27.87,0.765,0.0,0.0,0.0,0.0,75.86,0,0.249,healthy,0.0,none,84.28
1483,LOITER,3611.3,9.1,0.575,0.557,3696.2,75.1,28.8,411.5,141.1,80.4,2.32,17.98,1.305,79.0,0.765,0.0,0.0,0.0,0.0,83.8,0,0.248,healthy,0.0,none,92.25
1484,TRANSIT,15762.1,-16.9,0.565,0.489,3633.3,51.5,19.6,391.3,119.6,78.6,1.35,14.59,1.287,100.32,0.765,0.0,0.0,0.84,0.0,50.51,1,0.73,lubrication,0.84,none,51.99
1485,ISR,5020.1,5.7,0.519,0.496,3209.0,49.2,16.7,409.7,136.1,76.1,2.01,25.22,2.855,82.89,0.507,0.333,0.0,0.0,0.333,37.81,1,0.628,combustion,0.67,none,37.25
1486,HIGH_ALTITUDE,18480.8,-21.1,0.728,0.613,4442.0,42.8,19.9,544.2,161.8,64.9,3.3,21.98,1.155,59.19,0.665,0.373,0.0,0.0,0.0,63.42,1,0.315,injector,0.37,none,70.2
1487,LOITER,6794.9,-0.7,0.418,0.394,2900.8,63.9,19.2,288.6,98.4,67.2,1.93,12.41,0.874,121.0,0.765,0.0,0.0,0.0,0.0,85.07,0,0.148,healthy,0.0,none,97.33
1488,HIGH_ALTITUDE,23140.5,-33.1,0.938,0.752,5365.1,37.6,21.0,691.9,198.0,63.9,4.21,26.37,1.616,21.33,0.634,0.158,0.0,0.0,0.158,56.61,1,0.243,combustion,0.32,none,64.82
1489,HIGH_ALTITUDE,20924.4,-21.1,0.725,0.595,4442.9,44.5,20.4,510.9,152.3,64.4,3.33,17.02,1.139,67.16,0.765,0.0,0.0,0.0,0.0,61.03,1,0.654,sensor,0.74,noise,66.03
1490,LOITER,6833.6,-0.8,0.459,0.432,3083.6,65.4,21.2,318.6,108.7,69.6,2.05,13.65,0.98,112.11,0.765,0.0,0.0,0.0,0.0,78.29,0,0.222,healthy,0.0,none,85.01
1491,ISR,2579.7,5.0,0.739,0.723,4517.9,83.2,39.5,520.3,174.8,85.8,2.8,23.31,1.174,46.88,0.765,0.0,0.0,0.0,0.0,83.4,0,0.151,healthy,0.0,none,98.46
1492,ISR,14633.6,-12.4,0.57,0.498,3640.4,53.1,20.3,396.2,124.0,65.4,2.65,14.65,1.266,95.83,0.765,0.0,0.0,0.0,0.0,62.06,1,0.361,sensor,0.38,spike,63.51
1493,HIGH_ALTITUDE,18260.7,-19.2,0.733,0.619,4193.4,30.7,13.5,611.0,178.2,66.3,3.07,27.99,3.623,40.9,0.444,0.431,0.0,0.0,0.431,32.27,1,0.75,combustion,0.86,none,26.63
1494,ISR,5473.0,1.1,0.796,0.758,4778.6,76.8,38.2,567.2,183.7,84.4,3.02,23.7,0.986,36.64,0.765,0.0,0.0,0.0,0.0,84.03,0,0.029,healthy,0.0,none,102.4
1495,LOITER,7991.5,2.9,0.436,0.406,3000.3,60.9,19.1,306.3,113.4,70.4,1.95,12.51,0.893,106.82,0.765,0.0,0.412,0.0,0.0,58.49,1,0.433,cooling,0.41,none,61.83
1496,DESERT_PATROL,8134.8,16.2,0.726,0.675,4261.7,50.1,22.5,586.0,193.5,90.4,2.51,29.36,2.576,27.31,0.571,0.242,0.0,0.0,0.242,34.7,1,0.435,combustion,0.48,none,23.95
1497,ISR,11227.0,-1.0,0.657,0.594,3609.0,52.0,19.5,468.6,154.6,76.2,2.37,23.63,3.194,67.37,0.586,0.0,0.0,0.0,0.779,37.64,1,0.769,mechanical,0.78,none,29.09
1498,HIGH_ALTITUDE,17201.0,-22.1,0.745,0.635,4542.3,52.4,24.7,520.7,156.1,64.9,3.39,18.79,1.148,64.17,0.765,0.0,0.0,0.0,0.0,90.49,0,0.139,healthy,0.0,none,100.42
1499,ISR,14440.2,-12.8,0.802,0.702,4810.5,57.2,29.0,570.6,177.9,73.7,3.46,21.03,0.943,44.35,0.765,0.0,0.0,0.0,0.0,91.41,0,0.041,healthy,0.0,none,100.63
1500,DESERT_PATROL,1839.3,34.0,0.81,0.797,4847.9,78.7,39.9,619.8,233.7,106.9,2.35,25.85,0.923,-11.66,0.765,0.0,0.875,0.0,0.0,31.14,1,0.861,cooling,0.87,none,26.52
1501,TRANSIT,9598.3,-1.2,0.844,0.775,4846.7,51.5,26.2,658.9,209.0,84.5,3.14,33.83,2.329,13.18,0.568,0.245,0.0,0.0,0.245,33.87,1,0.409,combustion,0.49,none,29.38
1502,TRANSIT,2285.0,10.6,0.831,0.815,4971.7,84.2,43.8,599.4,200.5,93.5,2.92,26.76,0.823,22.13,0.765,0.0,0.0,0.0,0.0,79.21,0,0.05,healthy,0.0,none,88.92
1503,ISR,7453.0,0.8,0.703,0.659,4341.6,69.8,31.4,503.9,174.7,80.0,2.81,20.5,1.205,44.33,0.765,0.0,0.648,0.0,0.0,53.03,1,0.564,cooling,0.65,none,56.6
1504,LOITER,4555.2,3.8,0.462,0.444,3115.1,70.2,23.1,321.7,110.7,72.4,2.01,14.2,0.993,107.97,0.765,0.0,0.0,0.0,0.0,78.87,0,0.227,healthy,0.0,none,84.9
1505,TRANSIT,3142.9,5.3,0.802,0.78,4232.0,70.6,31.1,586.2,185.0,87.3,2.52,33.65,3.367,32.74,0.571,0.0,0.0,0.0,0.846,30.68,1,0.744,mechanical,0.85,none,24.19
1506,ISR,5772.0,1.8,0.835,0.793,4963.6,76.3,39.7,595.1,192.3,87.1,3.13,24.97,0.86,27.4,0.765,0.0,0.0,0.0,0.0,62.6,1,0.259,sensor,0.31,drift,64.65
1507,DESERT_PATROL,11200.9,8.2,0.828,0.749,4788.5,49.9,25.3,646.8,207.4,88.3,3.0,27.85,1.939,13.16,0.613,0.185,0.0,0.0,0.185,40.28,1,0.403,combustion,0.37,none,36.18
1508,HIGH_ALTITUDE,22635.0,-31.0,0.78,0.628,4712.9,43.6,21.6,539.5,158.2,59.4,3.74,17.66,1.004,62.91,0.765,0.0,0.0,0.0,0.0,83.36,0,0.038,healthy,0.0,none,94.69
1509,DESERT_PATROL,12617.6,3.7,0.828,0.739,4972.3,58.1,30.1,608.0,197.1,84.7,3.16,22.22,0.894,24.95,0.765,0.0,0.0,0.0,0.0,79.41,0,0.218,healthy,0.0,none,87.52
1510,LOITER,3953.6,7.1,0.514,0.496,3355.0,72.8,25.5,362.5,133.6,76.9,2.13,15.76,1.148,87.25,0.765,0.0,0.405,0.0,0.0,58.89,1,0.325,cooling,0.41,none,57.65
1511,DESERT_PATROL,7082.8,27.9,0.699,0.657,4300.1,64.3,29.1,533.9,185.8,96.4,2.39,20.32,1.237,34.73,0.765,0.0,0.0,0.0,0.0,79.62,0,0.085,healthy,0.0,none,92.18
1512,ISR,13290.0,-10.5,0.775,0.686,4681.9,59.0,28.9,551.4,172.4,74.6,3.25,20.78,0.99,48.65,0.765,0.0,0.0,0.0,0.0,89.65,0,0.191,healthy,0.0,none,101.27
1513,TRANSIT,13127.7,-6.7,0.813,0.722,4859.1,59.0,30.1,586.4,182.1,78.6,3.33,21.62,0.934,36.95,0.765,0.0,0.0,0.0,0.0,85.67,0,0.082,healthy,0.0,none,97.76
1514,HIGH_ALTITUDE,20279.1,-25.4,0.768,0.635,4661.0,46.9,22.9,544.5,159.5,63.2,3.54,18.27,1.065,61.14,0.765,0.0,0.0,0.0,0.0,86.0,0,0.092,healthy,0.0,none,101.29
1515,TRANSIT,4885.0,2.8,0.671,0.643,4165.4,75.7,32.7,480.2,156.8,81.0,2.71,20.28,1.302,62.88,0.765,0.0,0.0,0.0,0.0,85.13,0,0.244,healthy,0.0,none,98.35
1516,LOITER,4059.3,3.5,0.412,0.397,2857.7,69.4,20.6,284.4,100.8,70.5,1.84,12.74,0.811,119.38,0.765,0.0,0.0,0.0,0.0,81.45,0,0.022,healthy,0.0,none,92.27
1517,ISR,8754.3,-4.6,0.696,0.644,4278.3,67.6,30.7,490.4,159.6,76.3,2.92,20.08,1.23,62.47,0.765,0.0,0.0,0.0,0.0,87.77,0,0.194,healthy,0.0,none,106.83
1518,ISR,1421.5,12.0,0.843,0.833,5005.2,86.6,45.6,602.1,203.4,95.1,2.91,26.79,0.853,18.77,0.765,0.0,0.0,0.0,0.0,72.29,0,0.211,healthy,0.0,none,79.25
1519,DESERT_PATROL,3031.9,28.8,0.788,0.767,4738.0,76.2,38.0,595.4,204.5,101.5,2.51,24.38,0.994,15.9,0.765,0.0,0.0,0.0,0.0,74.67,0,0.085,healthy,0.0,none,78.14
1520,TRANSIT,8864.3,-5.9,0.643,0.594,4022.5,66.6,28.1,450.9,146.3,73.5,2.8,18.59,1.292,75.29,0.765,0.0,0.0,0.0,0.0,79.14,0,0.186,healthy,0.0,none,85.38
1521,DESERT_PATROL,8506.3,20.5,0.505,0.468,3313.5,58.3,20.3,379.8,135.2,91.0,1.47,14.35,1.111,83.58,0.765,0.0,0.0,0.383,0.0,61.34,1,0.253,lubrication,0.38,none,60.87
1522,HIGH_ALTITUDE,19856.1,-27.2,0.817,0.678,4345.5,42.3,19.1,574.7,167.3,64.4,3.27,25.33,3.081,51.92,0.588,0.0,0.0,0.0,0.769,41.87,1,0.685,mechanical,0.77,none,35.21
1523,ISR,4069.4,8.8,0.739,0.713,4505.8,77.7,36.5,535.0,179.1,87.7,2.78,22.68,1.103,43.18,0.765,0.0,0.0,0.0,0.0,76.23,0,0.147,healthy,0.0,none,85.74
1524,ISR,1723.7,9.4,0.63,0.621,3920.0,82.0,34.0,445.9,154.4,83.7,2.45,20.14,1.249,67.32,0.765,0.0,0.0,0.0,0.0,86.35,0,0.14,healthy,0.0,none,94.74
1525,DESERT_PATROL,11528.7,20.1,0.658,0.593,4087.7,55.0,23.4,494.4,170.2,89.3,2.44,17.83,1.345,49.26,0.765,0.0,0.0,0.0,0.0,80.93,0,0.154,healthy,0.0,none,99.38
1526,DESERT_PATROL,9703.3,23.8,0.811,0.743,4151.5,50.5,22.1,612.8,206.7,98.1,2.28,31.86,3.562,12.64,0.548,0.0,0.0,0.0,0.947,20.93,1,0.844,mechanical,0.95,none,15.0
1527,TRANSIT,4696.9,5.2,0.55,0.528,3430.0,69.9,25.1,391.6,132.4,76.9,2.18,18.17,1.818,87.48,0.712,0.0,0.0,0.0,0.231,67.41,0,0.12,mechanical,0.23,none,75.25
1528,ISR,2052.9,7.4,0.843,0.828,5005.7,73.1,38.5,640.4,207.2,91.5,3.05,34.15,0.813,13.45,0.65,0.429,0.0,0.0,0.0,44.83,1,0.408,injector,0.43,none,46.37
1529,TRANSIT,14764.5,-18.1,0.527,0.461,3446.6,53.0,19.1,358.8,109.9,59.7,2.53,13.76,1.178,110.05,0.765,0.0,0.0,0.0,0.0,83.68,0,0.227,healthy,0.0,none,94.67
1530,DESERT_PATROL,6444.1,18.6,0.677,0.64,4198.9,67.6,29.6,502.6,178.9,90.3,2.44,20.13,1.28,44.12,0.765,0.0,0.228,0.0,0.0,68.07,0,0.243,cooling,0.23,none,75.54
1531,LOITER,6267.2,1.7,0.537,0.508,3474.7,68.8,25.1,380.6,142.8,73.4,2.3,15.95,1.174,75.42,0.765,0.0,0.832,0.0,0.0,50.86,1,0.784,cooling,0.83,none,51.07
1532,ISR,1603.0,8.0,0.767,0.756,4640.1,85.9,41.8,543.0,180.6,89.0,2.82,24.33,1.006,38.71,0.765,0.0,0.0,0.0,0.0,84.52,0,0.044,healthy,0.0,none,96.98
1533,ISR,11238.7,-3.6,0.795,0.718,4765.4,62.6,31.3,567.4,181.0,80.4,3.2,22.17,0.977,38.98,0.765,0.0,0.0,0.0,0.0,83.08,0,0.152,healthy,0.0,none,93.43
1534,HIGH_ALTITUDE,19243.4,-23.6,0.929,0.776,5445.4,50.2,28.5,663.1,205.4,70.4,4.08,22.66,0.706,16.41,0.765,0.0,0.43,0.0,0.0,51.97,1,0.387,cooling,0.43,none,53.91
1535,HIGH_ALTITUDE,21519.7,-23.3,0.822,0.67,4875.2,44.7,22.9,594.2,173.3,85.6,1.59,18.95,0.879,47.07,0.765,0.0,0.0,0.985,0.0,49.89,1,0.803,lubrication,0.98,none,48.96
1536,DESERT_PATROL,12587.9,7.8,0.593,0.529,3740.8,53.9,21.2,432.2,152.3,78.1,2.44,16.1,1.285,68.77,0.765,0.0,0.319,0.0,0.0,64.19,1,0.259,cooling,0.32,none,69.89
1537,DESERT_PATROL,9881.0,22.3,0.689,0.631,4171.2,50.8,21.9,559.6,187.8,90.8,2.39,23.52,2.057,34.06,0.648,0.14,0.0,0.0,0.14,54.23,0,0.174,combustion,0.28,none,57.98
1538,TRANSIT,3861.6,6.4,0.612,0.592,3876.8,76.2,30.7,434.6,145.4,80.0,2.47,18.77,1.304,73.05,0.765,0.0,0.0,0.0,0.0,82.16,0,0.219,healthy,0.0,none,86.54
1539,TRANSIT,10402.8,-10.4,0.526,0.479,3443.5,61.1,21.9,361.2,115.0,65.1,2.45,14.74,1.19,104.7,0.765,0.0,0.0,0.0,0.0,86.65,0,0.038,healthy,0.0,none,104.28
1540,ISR,3993.8,4.0,0.507,0.49,2909.8,62.5,19.0,355.0,121.8,74.2,1.8,20.81,3.043,98.13,0.568,0.0,0.0,0.0,0.858,37.02,1,0.783,mechanical,0.86,none,32.84
1541,TRANSIT,15489.3,-10.8,0.68,0.59,4205.7,52.8,23.2,481.8,149.7,79.5,2.14,17.42,1.241,69.58,0.765,0.0,0.0,0.46,0.0,56.38,1,0.405,lubrication,0.46,none,55.18
1542,DESERT_PATROL,3697.7,33.8,0.622,0.602,3925.8,70.0,28.8,480.8,172.2,96.9,2.11,19.14,1.283,47.82,0.765,0.0,0.0,0.0,0.0,81.69,0,0.156,healthy,0.0,none,91.19
1543,LOITER,5210.3,2.4,0.526,0.502,3402.9,71.1,25.4,369.4,125.0,73.9,2.24,15.67,1.097,95.09,0.765,0.0,0.0,0.0,0.0,74.22,0,0.188,healthy,0.0,none,83.98
1544,DESERT_PATROL,5224.0,22.2,0.507,0.484,3326.4,53.4,18.6,418.9,148.5,86.0,1.94,20.87,1.132,71.23,0.621,0.536,0.0,0.0,0.0,54.12,1,0.507,injector,0.54,none,59.13
1545,ISR,7524.2,3.4,0.642,0.601,4021.7,67.7,28.6,462.6,152.4,79.0,2.6,18.88,1.287,67.94,0.765,0.0,0.0,0.0,0.0,84.85,0,0.187,healthy,0.0,none,95.6
1546,DESERT_PATROL,5340.7,22.5,0.725,0.691,4441.6,70.4,32.6,545.3,184.5,94.9,2.5,21.87,1.153,34.25,0.765,0.0,0.0,0.0,0.0,79.78,0,0.236,healthy,0.0,none,86.68
1547,HIGH_ALTITUDE,22497.4,-33.4,0.718,0.579,4396.1,43.6,20.1,487.4,140.0,56.1,3.46,16.32,1.218,78.95,0.765,0.0,0.0,0.0,0.0,90.78,0,0.124,healthy,0.0,none,105.43
1548,LOITER,6368.8,0.3,0.546,0.516,3313.9,44.4,15.4,454.2,147.8,73.8,2.16,29.19,3.37,73.46,0.462,0.402,0.0,0.0,0.402,34.13,1,0.741,combustion,0.8,none,24.19
1549,ISR,8007.6,-0.3,0.747,0.695,4541.5,69.4,33.0,536.6,171.2,80.8,2.97,21.51,1.073,47.83,0.765,0.0,0.0,0.0,0.0,88.87,0,0.034,healthy,0.0,none,104.91
1550,LOITER,6525.9,7.5,0.507,0.479,3323.9,65.9,22.8,364.4,125.4,88.5,1.29,14.88,1.126,94.45,0.765,0.0,0.0,0.617,0.0,55.13,1,0.523,lubrication,0.62,none,55.72
1551,TRANSIT,7981.6,-0.1,0.824,0.768,4916.6,70.5,36.6,591.8,189.8,85.2,3.13,24.06,0.834,30.5,0.765,0.0,0.0,0.0,0.0,75.94,0,0.211,healthy,0.0,none,82.89
1552,TRANSIT,13910.9,-13.6,0.505,0.445,3351.3,53.4,18.7,343.6,109.6,81.4,1.05,13.3,1.09,111.33,0.765,0.0,0.0,0.956,0.0,49.9,1,0.869,lubrication,0.96,none,47.2
1553,ISR,9795.5,-5.5,0.527,0.483,3426.8,61.5,22.3,368.3,118.8,68.3,2.36,14.77,1.155,100.41,0.765,0.0,0.0,0.0,0.0,87.54,0,0.092,healthy,0.0,none,99.9
1554,LOITER,5294.6,7.1,0.594,0.567,3765.5,71.6,28.5,425.8,144.4,79.3,2.41,17.97,1.239,76.09,0.765,0.0,0.0,0.0,0.0,83.34,0,0.117,healthy,0.0,none,94.63
1555,HIGH_ALTITUDE,22083.9,-30.9,0.722,0.586,4129.6,28.1,12.2,570.7,161.1,58.2,3.19,30.32,3.446,57.26,0.46,0.406,0.0,0.0,0.406,36.95,1,0.755,combustion,0.81,none,37.93
1556,ISR,9597.0,-6.1,0.842,0.773,5005.7,68.0,35.8,602.5,190.4,80.9,3.32,23.52,0.841,31.05,0.765,0.0,0.0,0.0,0.0,83.68,0,0.113,healthy,0.0,none,91.43
1557,DESERT_PATROL,1357.1,27.6,0.518,0.512,3387.4,74.8,26.4,387.6,141.3,90.9,1.91,16.61,1.149,76.38,0.765,0.0,0.0,0.0,0.0,87.47,0,0.077,healthy,0.0,none,103.7
1558,DESERT_PATROL,9263.4,20.3,0.644,0.593,4026.7,55.6,23.2,500.5,169.9,88.6,2.37,19.19,1.29,48.65,0.711,0.201,0.0,0.0,0.0,71.41,0,0.198,injector,0.2,none,74.62
1559,TRANSIT,6247.8,4.6,0.767,0.726,4471.6,58.8,27.6,597.7,193.1,85.5,2.8,30.42,2.202,28.54,0.595,0.209,0.0,0.0,0.209,41.21,1,0.31,combustion,0.42,none,38.03
1560,LOITER,7442.2,4.9,0.57,0.534,3641.5,65.9,25.3,415.8,138.2,76.3,2.32,16.53,1.295,82.6,0.765,0.0,0.0,0.0,0.0,85.7,0,0.193,healthy,0.0,none,97.0
1561,TRANSIT,15933.2,-16.7,0.534,0.461,3470.3,50.5,18.3,364.0,111.8,69.6,1.84,13.61,1.222,107.23,0.765,0.0,0.0,0.44,0.0,56.16,1,0.454,lubrication,0.44,none,59.42
1562,TRANSIT,3275.0,6.6,0.529,0.514,3427.0,75.3,27.3,382.8,128.3,77.3,2.21,16.39,1.189,91.36,0.765,0.0,0.0,0.0,0.0,80.68,0,0.129,healthy,0.0,none,92.39
1563,HIGH_ALTITUDE,24488.8,-31.2,0.715,0.565,4366.8,39.7,18.0,495.5,153.6,57.1,3.46,15.78,1.201,66.29,0.765,0.0,0.6,0.0,0.0,59.26,1,0.479,cooling,0.6,none,59.91
1564,ISR,3894.0,7.1,0.571,0.552,3669.0,64.7,24.7,439.2,148.1,79.5,2.31,21.92,1.268,73.36,0.662,0.385,0.0,0.0,0.0,58.63,1,0.278,injector,0.39,none,60.58
1565,TRANSIT,11340.1,-10.7,0.524,0.473,3425.2,50.8,18.1,393.8,122.9,64.7,2.42,18.18,1.148,96.87,0.659,0.396,0.0,0.0,0.0,57.63,1,0.392,injector,0.4,none,60.95
1566,TRANSIT,9004.5,-5.8,0.744,0.686,4523.0,68.1,32.1,530.9,168.0,78.2,3.11,21.09,1.124,52.91,0.765,0.0,0.0,0.0,0.0,88.23,0,0.135,healthy,0.0,none,101.39
1567,HIGH_ALTITUDE,16852.2,-20.7,0.751,0.643,4536.3,52.9,25.3,525.1,158.9,66.5,3.38,18.66,1.139,61.7,0.765,0.0,0.0,0.0,0.0,87.6,0,0.121,healthy,0.0,none,98.84
1568,HIGH_ALTITUDE,21903.8,-24.8,0.934,0.758,4928.8,40.1,20.6,681.4,197.8,68.3,3.76,26.54,2.532,23.05,0.612,0.0,0.0,0.0,0.666,38.46,1,0.576,mechanical,0.67,none,29.34
1569,TRANSIT,3071.3,5.2,0.546,0.532,3534.5,76.9,28.4,379.0,131.2,77.5,2.24,16.87,1.208,88.72,0.765,0.0,0.0,0.0,0.0,86.51,0,0.091,healthy,0.0,none,99.65
1570,ISR,1563.6,13.4,0.672,0.663,3859.7,47.3,19.2,568.9,184.9,87.5,2.28,44.06,4.023,33.67,0.406,0.493,0.0,0.0,0.493,23.93,1,0.918,combustion,0.99,none,21.39
1571,LOITER,3224.5,4.8,0.43,0.418,2939.6,72.1,22.3,301.2,105.4,71.6,1.88,13.47,0.889,114.52,0.765,0.0,0.0,0.0,0.0,88.23,0,0.125,healthy,0.0,none,101.03
1572,HIGH_ALTITUDE,15556.4,-14.2,0.9,0.78,5320.3,56.0,31.0,650.7,197.0,76.2,3.79,23.15,0.715,23.14,0.765,0.0,0.0,0.0,0.0,84.49,0,0.029,healthy,0.0,none,91.72
1573,ISR,12851.6,-9.6,0.731,0.65,4288.0,44.8,20.0,580.6,177.9,73.2,2.92,25.27,2.63,42.06,0.556,0.262,0.0,0.0,0.262,41.2,1,0.47,combustion,0.52,none,36.32
1574,DESERT_PATROL,13658.3,9.1,0.736,0.649,4488.7,53.6,25.2,548.3,181.0,84.3,2.83,19.48,1.16,40.77,0.765,0.0,0.0,0.0,0.0,74.71,0,0.155,healthy,0.0,none,79.75
1575,ISR,14873.1,-15.8,0.822,0.717,4886.3,57.1,29.2,579.3,179.2,72.0,3.59,21.44,0.871,42.18,0.765,0.0,0.0,0.0,0.0,84.64,0,0.198,healthy,0.0,none,97.51
1576,LOITER,6153.8,6.8,0.501,0.474,2826.9,55.2,16.4,358.4,123.5,75.2,1.7,21.09,3.28,96.62,0.539,0.0,0.0,0.0,0.987,34.84,1,0.924,mechanical,0.99,none,26.69
1577,ISR,7447.3,0.7,0.522,0.489,3399.7,65.6,23.3,364.1,123.3,72.1,2.26,15.06,1.17,96.77,0.765,0.0,0.0,0.0,0.0,86.96,0,0.161,healthy,0.0,none,104.47
1578,LOITER,6400.3,0.7,0.481,0.455,2872.1,59.2,17.9,341.2,114.1,71.6,1.83,18.24,2.563,106.01,0.607,0.0,0.0,0.0,0.69,42.76,1,0.638,mechanical,0.69,none,43.94
1579,TRANSIT,13415.8,-9.3,0.721,0.638,4412.9,45.0,20.7,562.2,173.4,73.6,3.14,27.59,1.155,46.45,0.596,0.631,0.0,0.0,0.0,54.18,1,0.534,injector,0.63,none,54.98
1580,DESERT_PATROL,3748.5,23.7,0.503,0.487,3306.3,68.9,24.0,382.0,158.6,85.9,1.94,15.37,1.139,62.04,0.765,0.0,0.918,0.0,0.0,51.26,1,0.719,cooling,0.92,none,49.66
1581,HIGH_ALTITUDE,19421.0,-21.5,0.864,0.72,5143.5,48.8,26.0,620.7,182.9,69.2,3.77,21.21,0.768,36.53,0.765,0.0,0.0,0.0,0.0,87.5,0,0.118,healthy,0.0,none,101.59
1582,DESERT_PATROL,5107.3,27.4,0.845,0.808,4999.9,71.7,37.7,632.7,217.7,122.4,1.05,25.59,0.817,3.77,0.765,0.0,0.0,0.965,0.0,31.79,1,0.893,lubrication,0.97,none,26.97
1583,LOITER,4857.9,6.4,0.439,0.421,2989.8,67.9,21.3,309.4,108.6,73.1,1.91,13.25,0.891,110.85,0.765,0.0,0.0,0.0,0.0,60.84,1,0.416,sensor,0.49,spike,64.71
1584,HIGH_ALTITUDE,15357.4,-16.2,0.892,0.774,5242.2,56.8,31.4,635.9,205.2,75.1,3.75,23.19,0.74,14.92,0.765,0.0,0.635,0.0,0.0,45.88,1,0.669,cooling,0.64,none,44.04
1585,DESERT_PATROL,14722.2,-0.8,0.841,0.735,5016.8,54.5,28.6,625.1,200.2,83.5,3.35,21.77,0.849,21.69,0.765,0.0,0.239,0.0,0.0,64.82,0,0.18,cooling,0.24,none,69.04
1586,ISR,4146.1,8.2,0.615,0.593,3863.3,75.0,30.5,443.3,148.4,81.8,2.44,18.97,1.262,70.85,0.765,0.0,0.0,0.0,0.0,62.92,1,0.261,sensor,0.38,freeze,68.68
1587,ISR,12491.2,-11.7,0.656,0.586,3934.3,57.1,23.5,466.3,143.2,69.5,2.78,19.11,1.984,76.38,0.71,0.0,0.0,0.0,0.24,66.89,0,0.115,mechanical,0.24,none,69.59
1588,ISR,14279.2,-13.2,0.627,0.55,3954.9,55.1,22.7,436.5,134.6,75.7,2.0,16.2,1.291,83.82,0.765,0.0,0.0,0.458,0.0,56.12,1,0.395,lubrication,0.46,none,57.75
1589,TRANSIT,6675.3,0.2,0.801,0.755,4735.7,66.2,32.9,591.1,191.2,84.7,3.06,26.31,1.529,29.97,0.676,0.105,0.0,0.0,0.105,63.96,0,0.168,combustion,0.21,none,64.33
1590,LOITER,4043.3,10.3,0.499,0.482,3299.2,71.3,24.7,357.6,125.4,77.7,2.05,15.44,1.097,94.47,0.765,0.0,0.0,0.0,0.0,86.33,0,0.103,healthy,0.0,none,98.56
1591,LOITER,5201.8,8.5,0.428,0.409,2938.0,49.6,15.2,361.7,123.4,74.2,1.87,19.83,0.886,96.48,0.575,0.71,0.0,0.0,0.0,52.93,1,0.568,injector,0.71,none,53.87
1592,DESERT_PATROL,6022.8,18.9,0.822,0.779,4897.6,71.0,36.7,619.6,210.3,96.6,2.77,24.54,0.897,7.26,0.765,0.0,0.483,0.0,0.0,41.39,1,0.479,cooling,0.48,none,45.44
1593,HIGH_ALTITUDE,18077.5,-19.0,0.732,0.618,4313.8,40.2,18.1,561.9,168.5,66.6,3.19,22.01,2.374,52.64,0.6,0.203,0.0,0.0,0.203,50.47,1,0.363,combustion,0.41,none,41.55
1594,ISR,7876.1,1.1,0.797,0.743,4793.7,70.1,35.1,571.4,182.6,84.7,3.05,23.1,0.945,35.56,0.765,0.0,0.0,0.0,0.0,84.86,0,0.1,healthy,0.0,none,101.22
1595,HIGH_ALTITUDE,23892.9,-36.1,0.893,0.71,4965.9,28.4,14.8,715.9,199.6,61.0,3.91,33.99,3.047,19.54,0.476,0.38,0.0,0.0,0.38,29.32,1,0.666,combustion,0.76,none,21.94
1596,ISR,3110.4,3.1,0.577,0.562,3689.2,78.3,30.5,406.9,136.5,76.8,2.41,18.1,1.302,83.79,0.765,0.0,0.0,0.0,0.0,67.06,0,0.331,sensor,0.29,freeze,70.15
1597,ISR,1684.0,12.6,0.648,0.639,3835.9,54.5,21.8,522.9,175.4,86.2,2.28,30.55,3.348,44.98,0.482,0.371,0.0,0.0,0.371,32.98,1,0.723,combustion,0.74,none,24.95
1598,HIGH_ALTITUDE,24892.1,-32.4,0.799,0.629,4793.2,39.9,20.2,556.2,160.4,67.6,2.86,17.48,0.91,59.33,0.765,0.0,0.0,0.442,0.0,60.23,1,0.367,lubrication,0.44,none,56.99
1599,TRANSIT,13619.6,-10.9,0.737,0.651,4483.3,57.8,27.3,521.4,161.5,93.3,1.34,19.27,1.139,57.39,0.765,0.0,0.0,0.982,0.0,48.29,1,0.977,lubrication,0.98,none,48.98
1600,DESERT_PATROL,6540.0,16.6,0.811,0.766,4842.2,70.0,35.6,596.9,198.9,95.1,2.82,23.71,0.922,19.81,0.765,0.0,0.0,0.0,0.0,46.92,1,0.739,sensor,0.87,freeze,45.88
1601,LOITER,6335.4,2.9,0.515,0.487,3364.2,67.7,23.9,361.1,124.2,73.7,2.21,15.34,1.142,96.77,0.765,0.0,0.0,0.0,0.0,80.54,0,0.092,healthy,0.0,none,84.61
1602,LOITER,6193.6,5.0,0.506,0.48,3343.9,67.3,23.4,364.6,143.7,74.5,2.17,15.31,1.151,75.04,0.765,0.0,0.96,0.0,0.0,49.07,1,0.903,cooling,0.96,none,47.37
1603,DESERT_PATROL,13335.5,11.3,0.691,0.612,4256.7,53.3,23.7,522.1,172.1,83.8,2.69,18.56,1.237,48.89,0.765,0.0,0.0,0.0,0.0,58.67,1,0.492,sensor,0.48,noise,59.73
1604,HIGH_ALTITUDE,21845.4,-30.2,0.754,0.613,4580.8,44.7,21.2,524.4,150.9,59.4,3.63,17.36,1.084,68.07,0.765,0.0,0.0,0.0,0.0,64.01,1,0.526,sensor,0.52,noise,67.7
1605,HIGH_ALTITUDE,18902.0,-25.9,0.825,0.691,4648.9,34.4,16.8,636.6,190.5,65.8,3.55,33.35,3.008,30.86,0.495,0.351,0.0,0.0,0.351,33.2,1,0.635,combustion,0.7,none,26.73
1606,LOITER,5025.6,3.8,0.575,0.55,3667.9,72.6,28.3,408.7,155.7,77.0,2.42,17.47,1.272,65.77,0.765,0.0,0.832,0.0,0.0,50.48,1,0.749,cooling,0.83,none,47.93
1607,LOITER,6378.1,-0.7,0.557,0.527,3604.9,69.7,26.0,388.4,131.6,73.3,2.39,16.27,1.241,90.4,0.765,0.0,0.0,0.0,0.0,63.67,1,0.336,sensor,0.35,freeze,68.0
1608,DESERT_PATROL,5537.6,21.7,0.546,0.52,3518.3,66.2,24.5,417.1,159.2,87.4,2.05,16.64,1.167,61.38,0.765,0.0,0.667,0.0,0.0,53.98,1,0.576,cooling,0.67,none,49.5
1609,ISR,8590.1,-5.8,0.69,0.639,4245.8,68.2,30.4,484.2,172.0,74.8,2.9,19.84,1.268,46.91,0.765,0.0,0.846,0.0,0.0,50.74,1,0.766,cooling,0.85,none,50.65
1610,DESERT_PATROL,9257.4,17.7,0.608,0.559,3820.7,59.6,23.9,455.4,175.3,85.9,2.29,17.39,1.281,45.52,0.765,0.0,0.834,0.0,0.0,48.53,1,0.756,cooling,0.83,none,47.58
1611,TRANSIT,6581.8,1.8,0.713,0.673,4367.1,72.1,33.1,507.7,165.5,80.9,2.83,21.31,1.197,53.83,0.765,0.0,0.0,0.0,0.0,84.9,0,0.055,healthy,0.0,none,97.25
1612,TRANSIT,15540.0,-18.7,0.544,0.471,3512.9,51.9,19.3,364.2,112.5,59.8,2.59,14.08,1.229,106.74,0.765,0.0,0.0,0.0,0.0,83.0,0,0.145,healthy,0.0,none,96.59
1613,DESERT_PATROL,10838.8,10.1,0.824,0.747,4259.5,51.1,22.6,619.4,198.7,89.9,2.55,31.54,3.538,20.98,0.553,0.0,0.0,0.0,0.922,25.58,1,0.749,mechanical,0.92,none,25.41
1614,ISR,14089.2,-13.3,0.605,0.532,3828.3,55.1,22.1,418.8,146.1,66.1,2.73,16.03,1.307,72.84,0.765,0.0,0.779,0.0,0.0,52.07,1,0.694,cooling,0.78,none,51.56
1615,ISR,1576.5,10.7,0.699,0.689,4279.1,83.8,37.9,503.9,169.0,87.6,2.63,22.2,1.185,51.25,0.765,0.0,0.0,0.0,0.0,73.52,0,0.137,healthy,0.0,none,85.75
1616,TRANSIT,1978.8,12.4,0.801,0.787,4796.3,84.0,42.2,579.9,203.7,93.4,2.82,25.12,0.92,18.04,0.765,0.0,0.528,0.0,0.0,45.44,1,0.499,cooling,0.53,none,46.05
1617,ISR,8195.5,-0.6,0.801,0.744,4792.6,69.8,35.1,571.8,183.1,82.9,3.13,22.89,0.966,36.09,0.765,0.0,0.0,0.0,0.0,79.69,0,0.19,healthy,0.0,none,92.28
1618,TRANSIT,8854.9,-3.9,0.688,0.636,4023.9,44.8,18.8,554.6,171.7,76.1,2.65,33.23,3.329,47.76,0.483,0.37,0.0,0.0,0.37,36.29,1,0.571,combustion,0.74,none,33.7
1619,HIGH_ALTITUDE,24742.9,-35.3,0.798,0.628,4784.2,35.7,18.0,582.7,164.4,57.0,3.81,18.58,0.955,54.88,0.671,0.351,0.0,0.0,0.0,67.66,1,0.382,injector,0.35,none,73.85
1620,LOITER,3355.9,10.9,0.512,0.497,3287.5,63.6,21.9,399.6,136.3,79.3,2.03,19.25,1.845,83.46,0.649,0.139,0.0,0.0,0.139,61.8,0,0.224,combustion,0.28,none,63.35
1621,TRANSIT,1253.9,14.2,0.683,0.675,4213.0,83.4,36.4,490.9,168.9,89.3,2.56,21.8,1.269,51.95,0.765,0.0,0.0,0.0,0.0,87.35,0,0.091,healthy,0.0,none,98.46
1622,LOITER,5411.1,-0.3,0.497,0.474,3275.2,49.5,17.0,414.0,133.4,70.9,2.16,24.98,1.065,86.06,0.539,0.843,0.0,0.0,0.0,48.78,1,0.814,injector,0.84,none,38.8
1623,LOITER,6508.0,6.6,0.487,0.46,3242.6,65.5,22.2,351.0,118.7,75.0,2.05,14.46,1.036,99.78,0.765,0.0,0.0,0.0,0.0,87.47,0,0.072,healthy,0.0,none,99.42
1624,ISR,10709.8,-1.4,0.586,0.532,3524.1,56.3,20.7,416.3,136.2,72.6,2.37,18.37,2.093,83.58,0.68,0.0,0.0,0.0,0.372,54.33,1,0.289,mechanical,0.37,none,52.25
1625,ISR,11948.1,-8.2,0.762,0.684,4624.1,61.5,29.5,538.0,171.4,75.8,3.16,20.68,1.097,49.89,0.765,0.0,0.0,0.0,0.0,87.57,0,0.218,healthy,0.0,none,106.98
1626,ISR,13936.3,-12.5,0.575,0.506,3683.1,54.7,21.0,399.4,124.4,65.6,2.67,15.19,1.247,94.9,0.765,0.0,0.0,0.0,0.0,86.9,0,0.055,healthy,0.0,none,97.05
1627,TRANSIT,12116.2,-11.3,0.611,0.547,3868.5,48.2,19.3,474.0,144.6,68.0,2.78,18.5,1.337,75.15,0.622,0.532,0.0,0.0,0.0,53.39,1,0.551,injector,0.53,none,50.98
1628,ISR,3990.1,6.4,0.788,0.761,4732.2,55.7,27.6,642.7,205.6,87.7,2.93,40.31,0.98,16.7,0.536,0.855,0.0,0.0,0.0,38.17,1,0.768,injector,0.86,none,35.36
1629,ISR,15121.4,-19.0,0.673,0.586,4153.4,55.2,23.9,456.6,140.3,64.7,3.08,17.43,1.239,78.16,0.765,0.0,0.0,0.0,0.0,82.27,0,0.084,healthy,0.0,none,91.15
1630,DESERT_PATROL,2110.8,32.1,0.669,0.657,4129.2,75.7,33.0,506.3,179.7,99.2,2.19,21.12,1.259,39.52,0.765,0.0,0.0,0.0,0.0,81.25,0,0.111,healthy,0.0,none,93.93
1631,LOITER,3686.1,8.2,0.432,0.418,2969.8,70.1,21.7,304.0,108.9,73.5,1.82,13.36,0.925,111.08,0.765,0.0,0.0,0.0,0.0,87.29,0,0.185,healthy,0.0,none,99.94
1632,LOITER,4386.7,10.4,0.51,0.491,3337.8,70.7,24.7,363.6,127.4,78.1,2.08,15.59,1.085,91.92,0.765,0.0,0.0,0.0,0.0,77.76,0,0.087,healthy,0.0,none,85.85
1633,LOITER,3591.6,9.5,0.556,0.539,3566.2,74.5,28.0,398.1,137.5,79.7,2.25,17.02,1.253,82.76,0.765,0.0,0.0,0.0,0.0,81.73,0,0.138,healthy,0.0,none,93.56
1634,DESERT_PATROL,1985.2,32.5,0.587,0.577,3748.5,74.0,29.1,448.5,162.3,96.1,2.06,18.53,1.275,57.0,0.765,0.0,0.0,0.0,0.0,86.13,0,0.073,healthy,0.0,none,99.52
1635,DESERT_PATROL,8538.0,11.6,0.696,0.645,4289.9,64.3,28.7,517.1,170.6,86.2,2.65,19.82,1.203,48.73,0.765,0.0,0.0,0.0,0.0,75.86,0,0.198,healthy,0.0,none,82.55
1636,LOITER,4205.6,9.8,0.444,0.428,3031.1,68.9,21.7,320.7,113.5,75.3,1.88,13.69,0.938,106.86,0.765,0.0,0.0,0.0,0.0,56.88,1,0.812,sensor,0.91,spike,55.79
1637,TRANSIT,7281.3,0.4,0.646,0.606,3478.5,58.5,21.4,463.7,152.1,76.7,2.26,25.94,3.507,69.63,0.559,0.0,0.0,0.0,0.898,36.79,1,0.782,mechanical,0.9,none,30.18
1638,LOITER,4942.0,4.1,0.501,0.479,3305.3,70.5,24.3,349.4,120.7,79.9,1.73,15.28,1.094,99.23,0.765,0.0,0.0,0.283,0.0,67.41,0,0.321,lubrication,0.28,none,70.21
1639,HIGH_ALTITUDE,18322.3,-25.7,0.803,0.677,4808.5,51.4,25.7,562.5,163.7,64.8,3.62,19.6,0.962,54.02,0.765,0.0,0.0,0.0,0.0,93.24,0,0.149,healthy,0.0,none,109.46
1640,DESERT_PATROL,13777.6,6.0,0.626,0.552,3965.3,52.3,21.6,467.7,152.4,78.8,2.53,16.35,1.301,67.72,0.765,0.0,0.0,0.0,0.0,58.81,1,0.405,sensor,0.5,spike,59.24
1641,HIGH_ALTITUDE,22690.2,-28.9,0.867,0.698,5137.7,34.9,18.7,661.2,190.5,64.0,3.99,21.96,0.779,29.34,0.609,0.582,0.0,0.0,0.0,53.43,1,0.455,injector,0.58,none,53.8
1642,ISR,12374.6,-12.9,0.728,0.651,4213.4,57.6,25.5,514.4,157.5,71.6,2.94,22.07,2.113,61.38,0.683,0.0,0.0,0.0,0.358,56.26,1,0.364,mechanical,0.36,none,56.47
1643,HIGH_ALTITUDE,17566.3,-17.4,0.868,0.737,5155.1,47.3,25.5,640.1,192.1,73.4,3.73,22.22,0.79,27.29,0.697,0.254,0.0,0.0,0.0,65.92,0,0.284,injector,0.25,none,69.52
1644,ISR,11660.3,-5.8,0.791,0.712,4510.2,58.7,27.8,566.9,180.3,77.9,3.01,23.95,1.895,41.64,0.686,0.0,0.0,0.0,0.345,56.17,1,0.323,mechanical,0.35,none,50.96
1645,TRANSIT,10815.9,-5.1,0.671,0.608,4164.4,62.1,27.0,477.8,152.7,74.2,2.83,18.61,1.293,67.94,0.765,0.0,0.0,0.0,0.0,82.96,0,0.238,healthy,0.0,none,97.82
1646,ISR,8077.6,0.3,0.804,0.748,4803.1,69.9,35.4,579.1,184.7,83.8,3.12,23.19,0.941,34.58,0.765,0.0,0.0,0.0,0.0,83.39,0,0.025,healthy,0.0,none,96.03
1647,HIGH_ALTITUDE,20826.0,-29.3,0.736,0.604,4489.3,46.3,21.8,515.5,147.5,59.2,3.53,17.43,1.151,71.65,0.765,0.0,0.0,0.0,0.0,90.37,0,0.134,healthy,0.0,none,106.21
1648,DESERT_PATROL,1784.6,29.5,0.76,0.748,4617.2,79.1,38.2,572.3,196.0,101.8,2.44,24.27,1.088,21.87,0.765,0.0,0.0,0.0,0.0,73.65,0,0.219,healthy,0.0,none,79.76
1649,DESERT_PATROL,4596.2,25.3,0.535,0.514,3473.5,67.4,24.5,401.1,146.9,89.0,1.96,16.24,1.165,73.75,0.765,0.0,0.0,0.0,0.0,84.64,0,0.052,healthy,0.0,none,98.27
1650,TRANSIT,8844.8,-6.5,0.515,0.476,3371.2,63.7,22.7,357.1,116.8,67.9,2.3,14.89,1.169,104.1,0.765,0.0,0.0,0.0,0.0,87.33,0,0.11,healthy,0.0,none,99.54
1651,LOITER,3595.8,14.0,0.449,0.435,3038.1,69.7,22.2,324.2,116.6,78.0,1.86,14.06,0.933,102.49,0.765,0.0,0.0,0.0,0.0,83.31,0,0.051,healthy,0.0,none,89.51
1652,HIGH_ALTITUDE,15763.4,-13.1,0.864,0.747,5109.4,54.9,29.3,624.2,190.2,84.7,2.6,22.22,0.791,30.3,0.765,0.0,0.0,0.443,0.0,49.96,1,0.494,lubrication,0.44,none,50.69
1653,HIGH_ALTITUDE,24934.2,-33.2,0.8,0.629,4804.2,40.0,20.1,557.5,160.5,58.5,3.88,17.38,0.973,59.77,0.765,0.0,0.0,0.0,0.0,92.71,0,0.049,healthy,0.0,none,107.48
1654,LOITER,5790.7,3.5,0.489,0.465,3240.7,68.1,23.2,342.4,122.6,73.2,2.15,14.47,1.042,95.93,0.765,0.0,0.373,0.0,0.0,62.07,1,0.297,cooling,0.37,none,66.08
1655,TRANSIT,2645.0,12.7,0.612,0.598,3867.7,77.9,31.7,441.9,151.1,84.4,2.3,19.05,1.322,68.24,0.765,0.0,0.0,0.0,0.0,85.16,0,0.046,healthy,0.0,none,91.41
1656,ISR,10632.7,-8.5,0.833,0.757,4970.7,65.8,34.0,582.5,184.4,79.5,3.45,23.41,0.851,34.8,0.765,0.0,0.0,0.0,0.0,81.46,0,0.191,healthy,0.0,none,94.79
1657,TRANSIT,1434.9,12.1,0.77,0.76,4649.0,85.2,41.3,560.8,185.7,91.5,2.77,24.71,1.051,34.62,0.765,0.0,0.0,0.0,0.0,83.69,0,0.083,healthy,0.0,none,97.57
1658,TRANSIT,2717.0,7.9,0.542,0.529,3524.2,77.0,28.1,380.2,134.0,92.7,1.18,17.15,1.201,87.5,0.765,0.0,0.0,0.751,0.0,52.31,1,0.668,lubrication,0.75,none,49.98
1659,DESERT_PATROL,11571.8,15.6,0.798,0.719,4089.8,47.8,20.5,599.8,197.2,91.7,2.34,31.48,3.702,21.91,0.541,0.0,0.0,0.0,0.974,24.13,1,0.879,mechanical,0.97,none,15.43
1660,DESERT_PATROL,5954.0,26.4,0.544,0.516,3538.8,64.1,23.5,411.0,149.8,96.1,1.5,16.16,1.214,70.56,0.765,0.0,0.0,0.357,0.0,60.95,1,0.39,lubrication,0.36,none,64.23
1661,ISR,15973.7,-15.0,0.669,0.577,4165.8,52.5,22.8,470.4,150.8,66.7,3.02,17.02,1.276,67.61,0.765,0.0,0.461,0.0,0.0,58.01,1,0.442,cooling,0.46,none,59.74
1662,LOITER,5798.1,-2.0,0.433,0.412,2966.2,67.3,20.9,294.0,101.8,67.7,1.96,12.96,0.908,119.01,0.765,0.0,0.0,0.0,0.0,86.4,0,0.084,healthy,0.0,none,100.59
1663,ISR,9276.7,-5.1,0.843,0.776,5022.0,68.6,36.0,606.5,191.7,81.5,3.35,23.98,0.831,30.21,0.765,0.0,0.0,0.0,0.0,83.75,0,0.076,healthy,0.0,none,93.3
1664,DESERT_PATROL,4033.2,24.3,0.69,0.666,4252.9,72.9,32.2,520.6,180.7,101.2,1.82,21.17,1.225,40.82,0.765,0.0,0.0,0.354,0.0,59.38,1,0.192,lubrication,0.35,none,60.04
1665,ISR,15926.4,-19.6,0.562,0.485,3369.5,31.5,11.2,477.3,141.8,60.5,2.46,22.73,3.564,78.64,0.436,0.443,0.0,0.0,0.443,32.66,1,0.804,combustion,0.89,none,28.14
1666,TRANSIT,2464.1,8.0,0.584,0.572,3728.0,79.0,30.7,419.6,139.4,80.7,2.36,18.37,1.258,78.24,0.765,0.0,0.0,0.0,0.0,78.17,0,0.236,healthy,0.0,none,85.9
1667,DESERT_PATROL,9179.5,14.2,0.648,0.597,3861.6,45.2,18.3,535.6,178.6,84.9,2.31,27.89,2.857,42.84,0.54,0.285,0.0,0.0,0.285,37.12,1,0.509,combustion,0.57,none,30.25
1668,TRANSIT,15686.3,-11.9,0.778,0.673,4690.7,53.9,26.4,553.9,172.0,72.8,3.33,19.58,1.039,48.63,0.765,0.0,0.0,0.0,0.0,63.13,1,0.464,sensor,0.54,spike,64.16
1669,ISR,6436.9,4.6,0.553,0.523,3570.9,68.1,25.3,396.6,133.2,76.4,2.29,16.26,1.223,86.84,0.765,0.0,0.0,0.0,0.0,84.12,0,0.093,healthy,0.0,none,97.03
1670,TRANSIT,12744.8,-10.0,0.563,0.502,3620.4,56.5,21.3,389.7,124.2,72.7,2.06,15.18,1.246,95.52,0.765,0.0,0.0,0.303,0.0,64.37,1,0.381,lubrication,0.3,none,67.64
1671,DESERT_PATROL,7990.1,17.6,0.723,0.673,4409.2,64.7,30.1,543.1,181.6,91.4,2.61,21.17,1.195,37.91,0.765,0.0,0.0,0.0,0.0,83.67,0,0.02,healthy,0.0,none,93.45
1672,HIGH_ALTITUDE,24542.4,-31.4,0.929,0.734,5446.1,41.3,23.3,668.3,205.4,64.4,4.25,20.81,0.691,14.95,0.765,0.0,0.72,0.0,0.0,48.13,1,0.614,cooling,0.72,none,47.37
1673,TRANSIT,10229.5,-5.6,0.631,0.576,3927.7,62.9,26.2,441.5,145.3,72.4,2.69,17.67,1.276,77.21,0.765,0.0,0.0,0.0,0.0,85.43,0,0.04,healthy,0.0,none,95.93
1674,ISR,15968.3,-12.1,0.622,0.537,3628.9,30.7,11.7,544.3,161.7,66.8,2.57,25.69,3.712,58.82,0.427,0.458,0.0,0.0,0.458,32.68,1,0.801,combustion,0.92,none,29.87
1675,LOITER,7501.9,-4.0,0.444,0.415,2913.2,52.4,16.1,335.8,111.8,66.2,1.94,15.81,1.9,108.9,0.608,0.191,0.0,0.0,0.191,52.03,1,0.424,combustion,0.38,none,55.95
1676,DESERT_PATROL,9212.3,12.5,0.622,0.573,3916.7,61.1,25.2,459.4,155.5,83.6,2.45,17.66,1.288,64.21,0.765,0.0,0.0,0.0,0.0,84.86,0,0.145,healthy,0.0,none,97.44
1677,TRANSIT,3569.2,3.8,0.793,0.769,4761.2,81.6,40.7,562.0,185.7,87.0,2.98,24.61,0.974,35.64,0.765,0.0,0.0,0.0,0.0,83.42,0,0.194,healthy,0.0,none,98.97
1678,LOITER,4848.4,6.7,0.443,0.424,3017.9,52.7,16.7,369.4,123.6,73.3,1.92,19.76,0.941,96.43,0.593,0.643,0.0,0.0,0.0,53.95,1,0.526,injector,0.64,none,55.17
1679,ISR,5154.8,1.4,0.617,0.59,3881.2,74.1,30.2,435.4,144.0,77.2,2.5,18.89,1.272,75.76,0.765,0.0,0.0,0.0,0.0,57.12,1,0.584,sensor,0.62,drift,52.15
1680,TRANSIT,6905.0,-1.4,0.595,0.56,3784.2,69.5,27.6,416.2,136.4,74.4,2.51,17.46,1.291,82.49,0.765,0.0,0.0,0.0,0.0,80.98,0,0.212,healthy,0.0,none,94.92
1681,HIGH_ALTITUDE,21282.6,-33.2,0.813,0.664,4848.9,46.9,24.1,564.0,163.0,60.4,3.86,18.92,0.932,57.56,0.765,0.0,0.0,0.0,0.0,91.24,0,0.052,healthy,0.0,none,102.08
1682,TRANSIT,8693.9,-1.7,0.687,0.635,4139.6,57.0,24.6,514.3,164.2,77.7,2.79,24.12,2.188,54.97,0.637,0.155,0.0,0.0,0.155,57.85,1,0.272,combustion,0.31,none,58.88
1683,ISR,3213.4,6.6,0.666,0.647,4132.7,64.9,27.9,514.9,170.3,83.0,2.62,27.92,1.298,50.59,0.626,0.518,0.0,0.0,0.0,53.51,1,0.511,injector,0.52,none,55.47
1684,LOITER,4002.5,6.7,0.578,0.558,3673.3,74.8,28.7,411.7,138.2,78.8,2.32,18.0,1.242,80.34,0.765,0.0,0.0,0.0,0.0,86.0,0,0.214,healthy,0.0,none,99.14
1685,HIGH_ALTITUDE,22167.8,-27.4,0.708,0.574,4362.7,43.1,19.6,491.5,143.8,59.7,3.43,16.33,1.189,76.12,0.765,0.0,0.0,0.0,0.0,87.47,0,0.14,healthy,0.0,none,98.29
1686,TRANSIT,14804.1,-15.6,0.65,0.567,4040.5,54.8,23.2,457.8,140.7,66.3,2.91,16.73,1.274,80.6,0.765,0.0,0.0,0.0,0.0,82.22,0,0.142,healthy,0.0,none,96.04
1687,ISR,8484.8,2.7,0.778,0.721,4573.4,55.0,26.2,603.2,192.1,83.7,2.86,29.29,2.124,28.16,0.602,0.2,0.0,0.0,0.2,43.01,1,0.315,combustion,0.4,none,43.04
1688,HIGH_ALTITUDE,18562.3,-21.5,0.731,0.615,4442.3,49.2,23.1,513.1,155.0,65.4,3.4,17.84,1.165,66.58,0.765,0.0,0.0,0.0,0.0,91.28,0,0.1,healthy,0.0,none,104.72
1689,LOITER,5002.2,8.6,0.426,0.408,2943.4,66.4,20.4,303.2,107.8,73.4,1.83,12.81,0.872,111.8,0.765,0.0,0.0,0.0,0.0,58.39,1,0.661,sensor,0.77,noise,56.34
1690,LOITER,3344.7,9.5,0.573,0.556,3668.7,75.7,29.2,410.0,141.5,81.2,2.32,17.88,1.283,79.16,0.765,0.0,0.0,0.0,0.0,81.84,0,0.245,healthy,0.0,none,97.16
1691,ISR,6877.3,3.4,0.628,0.591,3953.8,69.1,28.7,448.9,147.8,93.7,1.36,18.59,1.282,71.3,0.765,0.0,0.0,0.761,0.0,51.45,1,0.687,lubrication,0.76,none,46.9
1692,LOITER,7146.6,1.6,0.407,0.382,2729.8,47.9,13.7,318.2,107.1,67.9,1.72,15.26,2.094,111.95,0.57,0.244,0.0,0.0,0.244,47.35,1,0.434,combustion,0.49,none,40.84
1693,ISR,9593.0,-2.8,0.558,0.512,3602.2,62.2,23.5,398.0,148.3,71.4,2.43,15.84,1.245,71.83,0.765,0.0,0.893,0.0,0.0,50.4,1,0.741,cooling,0.89,none,49.79
1694,ISR,6655.5,3.9,0.818,0.772,4887.6,73.0,37.1,591.8,204.3,86.6,3.04,24.36,0.882,15.66,0.765,0.0,0.689,0.0,0.0,42.88,1,0.659,cooling,0.69,none,37.58
1695,LOITER,3347.5,8.7,0.502,0.487,3313.1,73.6,25.4,357.6,123.8,77.1,2.1,15.4,1.064,95.45,0.765,0.0,0.0,0.0,0.0,83.07,0,0.146,healthy,0.0,none,90.36
1696,ISR,2417.0,11.7,0.567,0.555,3628.4,77.6,29.3,409.9,142.1,82.1,2.25,17.91,1.25,78.98,0.765,0.0,0.0,0.0,0.0,86.41,0,0.096,healthy,0.0,none,101.73
1697,HIGH_ALTITUDE,19985.9,-24.3,0.748,0.62,4299.4,32.3,14.5,580.2,167.8,63.3,3.24,25.33,3.096,50.52,0.497,0.348,0.0,0.0,0.348,40.35,1,0.558,combustion,0.7,none,36.33
1698,DESERT_PATROL,1396.8,33.5,0.52,0.514,3033.6,64.5,20.7,404.2,148.7,93.1,1.6,20.96,2.802,70.88,0.6,0.0,0.0,0.0,0.718,40.0,1,0.717,mechanical,0.72,none,37.45
1699,HIGH_ALTITUDE,16861.3,-22.9,0.773,0.661,4685.0,40.3,19.6,595.5,175.2,65.9,3.51,29.34,1.051,43.9,0.574,0.712,0.0,0.0,0.0,54.68,1,0.549,injector,0.71,none,55.47
1700,LOITER,4450.3,7.9,0.598,0.575,3775.0,73.8,29.4,429.4,144.2,80.2,2.39,18.46,1.3,74.65,0.765,0.0,0.0,0.0,0.0,76.93,0,0.202,healthy,0.0,none,87.97
1701,DESERT_PATROL,12963.5,9.9,0.748,0.665,4553.0,44.2,20.9,601.1,195.5,86.4,2.82,22.05,1.088,25.61,0.614,0.565,0.0,0.0,0.0,44.35,1,0.656,injector,0.57,none,39.88
1702,LOITER,5733.2,1.8,0.584,0.555,3734.5,71.5,27.7,409.4,148.2,75.9,2.49,17.42,1.271,73.13,0.765,0.0,0.533,0.0,0.0,55.08,1,0.469,cooling,0.53,none,55.0
1703,LOITER,6328.8,2.8,0.474,0.449,3184.1,66.4,22.1,335.4,126.0,71.4,2.07,13.99,0.991,94.88,0.765,0.0,0.593,0.0,0.0,55.98,1,0.547,cooling,0.59,none,54.55
1704,ISR,7409.9,-0.6,0.771,0.722,4664.8,48.5,23.4,628.7,198.2,81.6,3.09,27.52,1.027,23.81,0.519,0.917,0.0,0.0,0.0,41.13,1,0.75,injector,0.92,none,38.25
1705,DESERT_PATROL,3797.8,21.4,0.825,0.798,4918.6,76.6,39.5,622.0,206.3,98.5,2.71,25.22,0.891,13.7,0.765,0.0,0.0,0.0,0.0,46.23,1,0.518,sensor,0.56,noise,49.9
1706,ISR,2500.2,8.0,0.669,0.654,4151.8,81.1,35.1,480.5,159.9,83.8,2.57,20.83,1.295,59.78,0.765,0.0,0.0,0.0,0.0,84.69,0,0.078,healthy,0.0,none,96.1
1707,TRANSIT,9263.7,-1.0,0.539,0.496,3495.2,62.0,22.8,379.9,124.9,71.8,2.34,15.42,1.177,94.09,0.765,0.0,0.0,0.0,0.0,86.69,0,0.111,healthy,0.0,none,103.04
1708,ISR,1054.1,17.7,0.715,0.709,4380.2,83.7,38.2,524.3,178.8,93.4,2.55,23.15,1.186,41.91,0.765,0.0,0.0,0.0,0.0,84.19,0,0.088,healthy,0.0,none,101.62
1709,TRANSIT,6119.6,5.4,0.838,0.794,4833.6,71.7,36.2,601.0,197.6,89.2,2.99,26.79,1.503,23.43,0.711,0.0,0.0,0.0,0.235,59.15,0,0.304,mechanical,0.24,none,61.59
1710,TRANSIT,11288.1,-1.1,0.738,0.667,4475.1,61.2,28.9,541.5,182.0,78.9,2.99,20.52,1.079,36.95,0.765,0.0,0.656,0.0,0.0,50.61,1,0.676,cooling,0.66,none,42.83
1711,TRANSIT,7425.1,6.0,0.686,0.642,4233.3,68.2,30.3,494.0,166.2,82.5,2.68,20.0,1.249,56.1,0.765,0.0,0.0,0.0,0.0,77.79,0,0.133,healthy,0.0,none,86.31
1712,DESERT_PATROL,10131.0,22.5,0.807,0.737,4833.4,59.8,30.2,607.0,204.9,96.9,2.72,22.73,0.929,14.59,0.765,0.0,0.0,0.0,0.0,73.42,0,0.127,healthy,0.0,none,79.21
1713,LOITER,6167.2,2.6,0.433,0.41,2950.1,65.3,20.3,301.5,105.8,70.6,1.96,12.91,0.905,115.09,0.765,0.0,0.0,0.0,0.0,80.81,0,0.058,healthy,0.0,none,87.67
1714,DESERT_PATROL,9109.3,19.8,0.702,0.647,4110.7,58.2,24.9,534.1,180.2,91.2,2.37,22.02,2.046,40.34,0.693,0.0,0.0,0.0,0.315,55.06,1,0.247,mechanical,0.31,none,57.55
1715,TRANSIT,4021.7,6.2,0.515,0.497,3369.3,72.9,25.9,364.3,125.5,76.3,2.16,15.81,1.113,94.59,0.765,0.0,0.0,0.0,0.0,83.89,0,0.185,healthy,0.0,none,88.79
1716,ISR,11423.3,-9.1,0.786,0.709,4724.6,63.3,31.4,558.0,173.6,95.2,1.41,21.54,1.002,45.48,0.765,0.0,0.0,0.949,0.0,48.92,1,0.856,lubrication,0.95,none,42.92
1717,ISR,8904.8,-7.6,0.631,0.583,3978.5,56.8,23.7,476.2,150.0,71.5,2.77,22.82,1.261,70.55,0.652,0.422,0.0,0.0,0.0,56.41,1,0.4,injector,0.42,none,53.07
1718,HIGH_ALTITUDE,22597.1,-30.6,0.89,0.718,5237.9,31.6,17.5,702.0,201.4,64.1,4.19,23.86,0.768,20.41,0.543,0.827,0.0,0.0,0.0,45.84,1,0.723,injector,0.83,none,46.08
1719,TRANSIT,5279.0,0.7,0.682,0.651,4211.5,75.4,33.2,482.2,157.6,91.7,1.66,20.38,1.19,62.08,0.765,0.0,0.0,0.639,0.0,53.99,1,0.575,lubrication,0.64,none,52.92
1720,HIGH_ALTITUDE,16192.4,-22.8,0.802,0.691,4798.9,55.4,28.0,547.5,166.8,67.3,3.6,20.46,0.967,52.21,0.765,0.0,0.0,0.0,0.0,89.98,0,0.146,healthy,0.0,none,99.84
1721,DESERT_PATROL,4490.6,27.5,0.512,0.492,3372.1,66.5,23.2,389.2,143.5,89.1,1.89,15.56,1.139,76.93,0.765,0.0,0.0,0.0,0.0,84.39,0,0.059,healthy,0.0,none,100.2
1722,TRANSIT,12073.3,-9.0,0.641,0.574,3995.0,59.4,24.8,452.2,142.6,70.8,2.79,17.27,1.31,77.62,0.765,0.0,0.0,0.0,0.0,63.48,1,0.304,sensor,0.37,drift,64.98
1723,HIGH_ALTITUDE,19749.3,-27.4,0.85,0.706,4418.9,42.5,19.7,599.3,177.3,65.0,3.38,26.79,3.044,44.56,0.581,0.0,0.0,0.0,0.801,40.07,1,0.679,mechanical,0.8,none,30.95
1724,TRANSIT,9100.0,-0.1,0.747,0.688,4529.3,66.4,31.6,538.7,175.0,80.4,2.97,21.12,1.077,47.27,0.765,0.0,0.0,0.0,0.0,82.39,0,0.118,healthy,0.0,none,98.01
1725,ISR,7852.2,-3.4,0.789,0.736,4719.4,71.2,35.3,561.6,177.4,100.8,1.31,23.0,0.984,41.14,0.765,0.0,0.0,0.989,0.0,47.4,1,0.813,lubrication,0.99,none,43.65
1726,ISR,5388.9,10.4,0.693,0.661,4272.8,72.7,32.6,506.0,168.5,86.1,2.6,20.78,1.251,51.38,0.765,0.0,0.0,0.0,0.0,87.38,0,0.062,healthy,0.0,none,104.75
1727,DESERT_PATROL,7809.1,26.9,0.529,0.494,3461.3,59.3,21.6,410.5,146.8,87.8,1.99,15.47,1.214,72.96,0.765,0.0,0.0,0.0,0.0,81.36,0,0.23,healthy,0.0,none,89.53
1728,LOITER,6213.7,1.8,0.407,0.385,2822.3,64.2,19.1,276.2,103.7,68.7,1.82,11.99,0.825,116.94,0.765,0.0,0.29,0.0,0.0,67.54,0,0.331,cooling,0.29,none,74.34
1729,HIGH_ALTITUDE,21459.3,-29.9,0.809,0.66,4849.6,45.9,23.4,568.8,164.4,62.2,3.85,18.65,0.947,55.51,0.765,0.0,0.0,0.0,0.0,81.83,0,0.204,healthy,0.0,none,88.89
1730,ISR,3997.3,5.8,0.784,0.757,4723.3,79.6,39.1,569.0,182.0,88.1,2.92,24.35,0.998,35.87,0.765,0.0,0.0,0.0,0.0,77.71,0,0.05,healthy,0.0,none,84.94
1731,DESERT_PATROL,10732.7,14.4,0.717,0.651,4397.0,58.8,27.4,535.9,178.0,87.7,2.69,20.18,1.133,41.19,0.765,0.0,0.0,0.0,0.0,79.42,0,0.241,healthy,0.0,none,90.25
1732,ISR,5669.5,1.2,0.704,0.67,4153.1,57.3,25.0,554.5,177.6,80.5,2.66,27.42,2.557,42.62,0.566,0.249,0.0,0.0,0.249,40.74,1,0.512,combustion,0.5,none,40.84
1733,ISR,1973.1,14.1,0.567,0.558,3626.0,78.2,29.8,417.1,142.1,83.1,2.21,17.9,1.251,76.97,0.765,0.0,0.0,0.0,0.0,78.5,0,0.202,healthy,0.0,none,85.19
1734,HIGH_ALTITUDE,23128.2,-30.4,0.847,0.679,5031.8,43.1,22.9,593.5,173.6,62.3,3.97,19.37,0.818,47.13,0.765,0.0,0.0,0.0,0.0,77.41,0,0.232,sensor,0.26,spike,89.43
1735,DESERT_PATROL,2915.0,31.9,0.781,0.761,4722.6,75.7,37.3,595.0,205.1,108.4,2.0,24.02,1.019,14.88,0.765,0.0,0.0,0.254,0.0,56.69,0,0.236,lubrication,0.25,none,56.78
1736,LOITER,4828.2,1.0,0.409,0.392,2844.5,67.9,20.2,283.3,97.1,67.8,1.79,12.43,0.82,121.98,0.765,0.0,0.0,0.0,0.0,74.49,0,0.194,sensor,0.23,spike,78.36
1737,ISR,10931.9,-7.2,0.555,0.503,3571.8,59.9,22.4,382.7,126.9,68.3,2.46,15.28,1.225,95.35,0.765,0.0,0.0,0.0,0.0,79.92,0,0.125,healthy,0.0,none,90.52
1738,LOITER,4632.5,2.3,0.587,0.564,3757.3,57.5,22.5,464.6,152.3,77.2,2.47,20.39,1.272,68.2,0.591,0.651,0.0,0.0,0.0,52.27,1,0.483,injector,0.65,none,47.78
1739,LOITER,3816.1,3.9,0.566,0.548,3628.1,75.7,28.7,402.8,135.6,77.0,2.39,17.43,1.231,85.27,0.765,0.0,0.0,0.0,0.0,84.46,0,0.177,healthy,0.0,none,100.19
1740,LOITER,3166.4,4.4,0.501,0.487,3309.0,75.3,26.0,351.9,121.1,74.4,2.12,15.34,1.103,99.44,0.765,0.0,0.0,0.0,0.0,86.55,0,0.193,healthy,0.0,none,101.38
1741,HIGH_ALTITUDE,16330.0,-20.4,0.741,0.637,4502.9,53.8,25.4,517.0,158.1,66.1,3.38,18.63,1.109,63.86,0.765,0.0,0.0,0.0,0.0,88.37,0,0.156,healthy,0.0,none,107.32
1742,DESERT_PATROL,6965.2,24.8,0.738,0.694,4490.4,65.9,31.0,561.0,190.6,96.5,2.51,21.71,1.137,28.79,0.765,0.0,0.0,0.0,0.0,79.31,0,0.095,healthy,0.0,none,86.47
1743,TRANSIT,8351.9,-4.2,0.55,0.511,3553.3,65.3,24.0,385.1,125.2,70.1,2.38,15.64,1.262,94.51,0.765,0.0,0.0,0.0,0.0,83.58,0,0.077,healthy,0.0,none,93.61
1744,LOITER,3523.8,7.9,0.567,0.55,3627.4,75.5,28.5,408.9,136.1,79.4,2.33,17.7,1.242,81.73,0.765,0.0,0.0,0.0,0.0,85.52,0,0.152,healthy,0.0,none,99.48
1745,DESERT_PATROL,14922.0,6.5,0.583,0.509,3732.2,49.2,19.2,430.7,143.3,76.9,2.39,15.19,1.263,76.68,0.765,0.0,0.0,0.0,0.0,79.54,0,0.056,healthy,0.0,none,87.9
1746,HIGH_ALTITUDE,15477.5,-13.1,0.772,0.67,4638.4,54.6,26.6,548.3,173.3,72.4,3.34,20.0,1.027,47.51,0.765,0.0,0.22,0.0,0.0,76.14,0,0.178,cooling,0.22,none,83.95
1747,ISR,6701.8,4.8,0.698,0.658,3869.4,62.8,25.7,504.0,164.7,81.9,2.43,25.69,2.98,54.62,0.611,0.0,0.0,0.0,0.671,39.64,1,0.648,mechanical,0.67,none,34.75
1748,TRANSIT,1367.5,10.4,0.828,0.818,4248.0,72.4,32.1,590.6,197.9,93.0,2.43,37.8,3.624,23.56,0.545,0.0,0.0,0.0,0.959,25.21,1,0.846,mechanical,0.96,none,17.68
1749,ISR,4061.0,7.6,0.831,0.802,4968.5,79.6,41.3,596.0,197.5,89.9,3.03,25.44,0.873,23.95,0.765,0.0,0.0,0.0,0.0,80.37,0,0.071,healthy,0.0,none,91.62
1750,LOITER,4807.4,-1.7,0.509,0.488,3341.0,72.7,25.5,349.2,131.2,70.6,2.22,15.53,1.155,89.53,0.765,0.0,0.667,0.0,0.0,53.95,1,0.588,cooling,0.67,none,52.6
1751,LOITER,6503.7,1.8,0.571,0.539,3564.0,60.7,22.8,426.7,141.2,75.1,2.31,19.29,1.938,78.38,0.659,0.126,0.0,0.0,0.126,62.34,0,0.28,combustion,0.25,none,65.97
1752,ISR,14052.1,-11.7,0.812,0.715,4862.9,58.0,29.7,582.5,178.6,75.3,3.4,21.4,0.933,41.06,0.765,0.0,0.0,0.0,0.0,74.73,0,0.094,healthy,0.0,none,88.72
1753,DESERT_PATROL,8979.7,19.2,0.713,0.658,4368.6,61.8,28.5,537.4,181.0,103.3,1.47,20.32,1.19,38.47,0.765,0.0,0.0,0.655,0.0,49.19,1,0.584,lubrication,0.65,none,48.6
1754,LOITER,3022.0,10.4,0.4,0.39,2794.6,69.8,20.6,287.5,103.3,74.0,1.72,12.63,0.803,116.36,0.765,0.0,0.0,0.0,0.0,59.45,1,0.555,sensor,0.62,freeze,56.48
1755,HIGH_ALTITUDE,20220.5,-25.4,0.795,0.657,4793.5,47.3,23.8,558.9,164.8,63.7,3.67,19.1,0.954,55.15,0.765,0.0,0.0,0.0,0.0,77.17,0,0.068,healthy,0.0,none,84.66
1756,ISR,15809.7,-10.5,0.777,0.672,4701.0,53.4,26.5,558.9,171.4,73.9,3.37,19.96,1.013,47.5,0.765,0.0,0.0,0.0,0.0,88.43,0,0.206,healthy,0.0,none,101.97
1757,TRANSIT,10895.5,-8.1,0.728,0.66,4452.8,63.6,29.5,517.2,163.2,75.1,3.01,20.23,1.151,57.61,0.765,0.0,0.0,0.0,0.0,78.67,0,0.036,healthy,0.0,none,85.76
1758,LOITER,6751.6,5.2,0.51,0.48,3273.8,58.7,20.4,385.0,129.0,73.8,2.1,17.69,1.697,91.38,0.67,0.112,0.0,0.0,0.112,67.15,0,0.179,combustion,0.22,none,72.12
1759,LOITER,7315.9,-2.9,0.472,0.442,3147.1,65.2,21.6,325.6,108.7,82.7,1.13,13.73,0.998,110.94,0.765,0.0,0.0,0.756,0.0,53.22,1,0.724,lubrication,0.76,none,50.08
1760,TRANSIT,12363.8,-5.4,0.684,0.611,4226.4,58.7,25.6,491.4,154.8,78.9,2.48,18.44,1.297,64.88,0.765,0.0,0.0,0.219,0.0,71.04,0,0.229,lubrication,0.22,none,80.24
1761,ISR,13600.4,-13.4,0.838,0.74,4995.2,59.7,31.4,595.1,181.2,74.9,3.5,22.38,0.863,36.91,0.765,0.0,0.0,0.0,0.0,84.38,0,0.165,healthy,0.0,none,96.06
1762,LOITER,3315.8,8.7,0.454,0.441,3055.2,71.9,23.0,319.1,128.7,75.2,1.92,14.14,0.955,92.46,0.765,0.0,0.697,0.0,0.0,54.71,1,0.611,cooling,0.7,none,57.28
1763,HIGH_ALTITUDE,21421.3,-28.2,0.804,0.656,4815.6,45.6,23.0,558.4,165.3,62.5,3.79,18.69,0.954,55.32,0.765,0.0,0.0,0.0,0.0,92.76,0,0.225,healthy,0.0,none,111.1
1764,DESERT_PATROL,12351.7,15.1,0.793,0.709,4769.2,56.0,27.9,599.7,215.7,91.4,2.85,21.57,0.935,5.03,0.765,0.0,0.854,0.0,0.0,35.6,1,0.779,cooling,0.85,none,31.7
1765,TRANSIT,14195.6,-9.9,0.843,0.74,5036.4,57.6,30.1,605.2,188.1,83.1,2.74,21.99,0.871,32.66,0.765,0.0,0.0,0.322,0.0,58.74,1,0.412,lubrication,0.32,none,62.26
1766,DESERT_PATROL,1671.6,33.7,0.69,0.68,4250.4,77.0,34.4,518.4,185.6,101.0,2.23,21.59,1.226,33.73,0.765,0.0,0.0,0.0,0.0,80.04,0,0.112,healthy,0.0,none,83.75
1767,HIGH_ALTITUDE,18379.0,-21.9,0.95,0.8,5568.0,51.8,30.2,673.9,203.9,72.8,4.16,23.28,0.673,17.87,0.765,0.0,0.0,0.0,0.0,81.23,0,0.211,healthy,0.0,none,93.1
1768,ISR,1211.3,14.8,0.817,0.809,4864.4,70.8,36.2,639.7,207.6,96.0,2.8,28.43,0.922,11.63,0.63,0.504,0.0,0.0,0.0,42.38,1,0.405,injector,0.5,none,38.93
1769,TRANSIT,10778.7,-3.7,0.602,0.546,3793.9,60.5,24.3,424.8,144.3,71.9,2.59,16.64,1.293,76.15,0.765,0.0,0.365,0.0,0.0,62.16,1,0.196,cooling,0.36,none,62.01
1770,TRANSIT,15170.6,-19.1,0.539,0.469,3489.5,52.7,19.4,372.6,114.7,59.6,2.58,13.91,1.197,104.97,0.765,0.0,0.21,0.0,0.0,73.24,0,0.178,cooling,0.21,none,81.6
1771,TRANSIT,9367.8,-3.4,0.698,0.642,4303.9,65.8,29.5,500.7,159.4,77.0,2.93,19.62,1.286,60.84,0.765,0.0,0.0,0.0,0.0,85.23,0,0.121,healthy,0.0,none,96.27
1772,TRANSIT,3967.8,6.6,0.69,0.666,4071.4,59.2,25.6,539.6,177.8,83.7,2.56,30.5,2.743,45.01,0.561,0.255,0.0,0.0,0.255,39.64,1,0.519,combustion,0.51,none,35.19
1773,TRANSIT,4439.8,6.7,0.646,0.622,4029.4,75.3,32.0,465.0,155.6,82.0,2.53,19.65,1.323,65.07,0.765,0.0,0.0,0.0,0.0,85.83,0,0.07,healthy,0.0,none,102.58
1774,DESERT_PATROL,15959.8,-0.3,0.599,0.517,3796.8,48.6,19.3,440.2,139.5,72.9,2.62,15.32,1.26,78.77,0.765,0.0,0.0,0.0,0.0,79.03,0,0.229,healthy,0.0,none,94.94
1775,LOITER,6958.6,-2.2,0.577,0.542,3655.6,69.1,26.6,404.7,132.4,72.5,2.48,16.96,1.265,87.23,0.765,0.0,0.0,0.0,0.0,84.09,0,0.212,healthy,0.0,none,98.51
1776,TRANSIT,9391.0,-3.0,0.516,0.474,3365.4,61.6,21.9,359.3,119.9,86.0,1.16,14.51,1.129,100.86,0.765,0.0,0.0,0.82,0.0,51.42,1,0.769,lubrication,0.82,none,47.04
1777,HIGH_ALTITUDE,20837.4,-25.9,0.918,0.754,5380.6,47.3,26.7,640.4,191.3,68.2,4.07,21.51,0.719,27.77,0.765,0.0,0.0,0.0,0.0,85.97,0,0.149,healthy,0.0,none,99.79
1778,TRANSIT,5341.7,0.9,0.741,0.707,4485.9,76.3,36.2,525.4,168.8,82.2,2.89,22.6,1.129,48.87,0.765,0.0,0.0,0.0,0.0,76.96,0,0.043,healthy,0.0,none,77.03
1779,LOITER,3197.3,8.4,0.521,0.506,3392.3,74.8,26.6,368.0,128.6,78.5,2.15,16.18,1.145,91.63,0.765,0.0,0.0,0.0,0.0,83.88,0,0.239,healthy,0.0,none,98.18
1780,ISR,5873.3,7.9,0.681,0.647,4220.4,71.8,31.8,493.7,164.1,84.0,2.66,20.32,1.234,56.05,0.765,0.0,0.0,0.0,0.0,77.5,0,0.053,healthy,0.0,none,85.15
1781,LOITER,6597.4,2.9,0.456,0.43,3018.4,54.7,17.3,360.4,120.5,72.2,1.93,16.85,1.82,99.84,0.628,0.166,0.0,0.0,0.166,57.0,1,0.345,combustion,0.33,none,61.94
1782,LOITER,6672.2,-3.0,0.5,0.472,3293.6,67.8,23.3,349.0,114.9,69.4,2.24,14.71,1.062,104.89,0.765,0.0,0.0,0.0,0.0,85.39,0,0.121,healthy,0.0,none,100.25
1783,LOITER,3849.4,10.0,0.571,0.552,3655.8,74.1,28.2,408.6,139.8,80.7,2.31,17.49,1.239,79.1,0.765,0.0,0.0,0.0,0.0,84.39,0,0.188,healthy,0.0,none,91.28
1784,TRANSIT,1774.6,10.3,0.849,0.836,5048.5,86.1,46.0,619.8,201.5,93.8,3.0,27.17,0.806,18.8,0.765,0.0,0.0,0.0,0.0,73.71,0,0.121,healthy,0.0,none,81.39
1785,LOITER,6292.1,-2.8,0.521,0.493,3405.7,69.4,24.9,362.3,119.9,86.0,1.24,15.58,1.154,100.36,0.765,0.0,0.0,0.746,0.0,53.28,1,0.61,lubrication,0.75,none,49.55
1786,ISR,14983.4,-19.3,0.595,0.519,3771.4,54.2,21.4,408.9,130.5,61.5,2.85,15.52,1.284,89.82,0.765,0.0,0.37,0.0,0.0,62.34,1,0.267,cooling,0.37,none,65.31
1787,DESERT_PATROL,10243.8,18.6,0.818,0.746,4898.1,60.4,31.0,609.2,205.1,95.0,2.77,22.91,0.909,15.42,0.765,0.0,0.0,0.0,0.0,42.84,1,0.949,sensor,0.99,drift,41.84
1788,TRANSIT,3936.8,10.0,0.785,0.758,4065.1,66.0,28.2,562.9,185.4,90.6,2.4,33.76,3.543,32.18,0.553,0.0,0.0,0.0,0.923,29.16,1,0.818,mechanical,0.92,none,22.95
1789,HIGH_ALTITUDE,21737.1,-30.6,0.778,0.633,4679.4,45.2,22.1,542.0,157.7,60.6,3.72,17.9,0.994,63.03,0.765,0.0,0.0,0.0,0.0,92.42,0,0.223,healthy,0.0,none,112.93
1790,TRANSIT,3240.2,14.0,0.629,0.612,3954.0,76.3,31.4,461.9,156.6,85.9,2.41,19.51,1.292,63.12,0.765,0.0,0.0,0.0,0.0,59.35,1,0.346,sensor,0.45,noise,60.94
1791,DESERT_PATROL,1616.5,22.7,0.673,0.664,4168.0,79.7,34.7,495.3,194.5,93.7,2.36,21.35,1.269,25.9,0.765,0.0,0.929,0.0,0.0,39.51,1,0.826,cooling,0.93,none,36.76
1792,HIGH_ALTITUDE,15064.9,-10.9,0.877,0.764,5164.1,42.8,23.2,698.4,208.3,78.0,3.58,25.98,0.755,11.54,0.583,0.681,0.0,0.0,0.0,41.69,1,0.65,injector,0.68,none,40.45
1793,DESERT_PATROL,6545.5,16.2,0.558,0.527,3475.1,51.4,18.8,458.4,155.4,83.1,2.07,20.67,2.448,64.59,0.583,0.226,0.0,0.0,0.226,45.34,1,0.405,combustion,0.45,none,43.9
1794,DESERT_PATROL,1240.5,37.4,0.697,0.689,4284.3,77.5,34.7,536.0,190.6,102.6,2.18,22.29,1.201,29.17,0.765,0.0,0.0,0.0,0.0,75.87,0,0.1,healthy,0.0,none,85.56
1795,LOITER,4302.4,6.2,0.572,0.55,3645.1,73.9,28.3,404.9,139.5,77.9,2.33,17.36,1.239,81.99,0.765,0.0,0.0,0.0,0.0,83.44,0,0.079,healthy,0.0,none,94.77
1796,HIGH_ALTITUDE,15567.2,-17.3,0.847,0.734,5043.8,56.1,29.7,608.2,183.4,73.0,3.6,21.71,0.827,37.7,0.765,0.0,0.0,0.0,0.0,88.87,0,0.066,healthy,0.0,none,107.39
1797,ISR,12453.1,-10.9,0.82,0.733,4917.2,61.7,31.7,588.4,184.3,76.5,3.41,22.19,0.873,39.07,0.765,0.0,0.0,0.0,0.0,86.79,0,0.051,healthy,0.0,none,95.29
1798,TRANSIT,12019.3,-11.0,0.694,0.622,4261.6,60.9,27.3,487.4,153.5,71.8,3.0,19.18,1.236,67.49,0.765,0.0,0.0,0.0,0.0,63.34,1,0.298,sensor,0.4,freeze,66.02
1799,DESERT_PATROL,7195.8,24.0,0.669,0.628,3992.6,48.6,20.4,556.3,187.9,92.7,2.22,28.46,2.829,32.25,0.555,0.264,0.0,0.0,0.264,33.11,1,0.552,combustion,0.53,none,25.92
1800,DESERT_PATROL,6071.3,21.9,0.606,0.574,3847.6,66.3,26.5,451.7,158.2,89.8,2.25,18.04,1.293,60.69,0.765,0.0,0.0,0.0,0.0,83.91,0,0.055,healthy,0.0,none,98.82
1801,DESERT_PATROL,5404.2,26.1,0.713,0.68,4107.9,45.0,19.6,614.3,207.6,96.0,2.23,32.66,3.582,12.82,0.469,0.391,0.0,0.0,0.391,21.03,1,0.588,combustion,0.78,none,19.72
1802,ISR,4676.5,2.2,0.75,0.72,4549.8,67.2,31.9,567.1,181.6,84.3,2.86,28.6,1.113,37.83,0.659,0.397,0.0,0.0,0.0,54.83,1,0.361,injector,0.4,none,52.77
1803,ISR,9954.4,-2.1,0.602,0.55,3815.8,62.1,24.7,432.7,137.9,73.0,2.55,16.7,1.254,80.88,0.765,0.0,0.0,0.0,0.0,85.26,0,0.172,healthy,0.0,none,99.39
1804,TRANSIT,11882.6,-10.6,0.824,0.74,4914.7,63.1,32.5,586.2,180.5,77.2,3.48,22.3,0.91,38.24,0.765,0.0,0.0,0.0,0.0,84.76,0,0.221,healthy,0.0,none,93.69
1805,DESERT_PATROL,2397.8,35.1,0.828,0.811,4947.1,77.1,39.7,631.2,220.8,107.9,2.48,26.04,0.882,2.0,0.765,0.0,0.0,0.0,0.0,63.21,0,0.056,healthy,0.0,none,66.82
1806,LOITER,6592.7,2.6,0.431,0.407,2981.7,64.1,19.8,296.3,104.8,70.0,1.9,12.75,0.893,115.39,0.765,0.0,0.0,0.0,0.0,88.96,0,0.054,healthy,0.0,none,105.03
1807,DESERT_PATROL,13567.4,0.8,0.559,0.494,3450.5,37.6,13.4,460.9,148.4,72.5,2.29,23.2,2.891,72.21,0.523,0.31,0.0,0.0,0.31,38.37,1,0.594,combustion,0.62,none,36.27
1808,TRANSIT,6669.8,4.0,0.785,0.741,4751.3,72.5,35.8,562.8,184.7,85.3,3.02,23.1,0.972,36.08,0.765,0.0,0.0,0.0,0.0,85.44,0,0.096,healthy,0.0,none,101.69
1809,TRANSIT,6309.6,-4.4,0.754,0.713,4573.5,75.2,36.0,531.0,168.4,79.4,3.02,22.52,1.103,50.34,0.765,0.0,0.0,0.0,0.0,90.41,0,0.107,healthy,0.0,none,103.23
1810,HIGH_ALTITUDE,24868.8,-32.9,0.776,0.61,4702.4,39.8,19.4,540.0,153.9,57.9,3.68,16.98,1.009,65.06,0.765,0.0,0.0,0.0,0.0,93.28,0,0.111,healthy,0.0,none,107.72
1811,DESERT_PATROL,10757.3,9.6,0.736,0.668,4490.0,60.0,27.8,549.4,190.7,86.0,2.79,20.03,1.144,30.56,0.765,0.0,0.577,0.0,0.0,48.86,1,0.51,cooling,0.58,none,51.51
1812,DESERT_PATROL,4585.4,17.8,0.629,0.604,3943.9,71.6,29.8,466.4,160.1,88.6,2.36,19.17,1.336,59.43,0.765,0.0,0.0,0.0,0.0,78.32,0,0.121,healthy,0.0,none,90.57
1813,TRANSIT,8065.4,-5.2,0.661,0.615,4094.5,68.9,29.3,462.2,147.6,74.6,2.77,19.08,1.288,70.92,0.765,0.0,0.0,0.0,0.0,58.65,1,0.537,sensor,0.56,spike,61.5
1814,HIGH_ALTITUDE,17745.7,-21.9,0.802,0.68,4801.4,51.8,26.1,564.7,168.3,67.4,3.59,19.63,0.933,51.15,0.765,0.0,0.0,0.0,0.0,64.21,1,0.554,sensor,0.55,drift,68.98
1815,TRANSIT,7140.1,-3.2,0.732,0.687,4389.4,64.4,29.6,543.2,171.2,78.4,2.95,23.99,1.757,48.02,0.672,0.111,0.0,0.0,0.111,67.17,0,0.275,combustion,0.22,none,76.26
1816,LOITER,6257.4,1.7,0.503,0.476,3319.2,53.0,18.4,407.1,131.5,72.4,2.17,16.81,1.138,87.39,0.598,0.622,0.0,0.0,0.0,52.63,1,0.573,injector,0.62,none,46.04
1817,ISR,2950.1,9.8,0.743,0.724,4497.6,80.8,38.3,541.7,178.8,88.7,2.74,23.29,1.094,41.85,0.765,0.0,0.0,0.0,0.0,84.96,0,0.021,healthy,0.0,none,98.29
1818,LOITER,6137.2,5.2,0.4,0.379,2797.2,63.3,18.7,280.8,97.6,70.0,1.75,11.91,0.811,120.16,0.765,0.0,0.0,0.0,0.0,67.2,1,0.334,sensor,0.32,drift,78.78
1819,HIGH_ALTITUDE,18955.8,-20.9,0.949,0.795,5554.3,34.2,20.0,760.0,222.8,73.3,4.1,27.17,0.731,-2.12,0.52,0.917,0.0,0.0,0.0,35.7,1,0.802,injector,0.92,none,32.32
1820,TRANSIT,5535.5,4.3,0.754,0.718,4548.3,75.0,35.9,545.9,175.9,85.1,2.86,23.08,1.054,43.23,0.765,0.0,0.0,0.0,0.0,81.61,0,0.022,healthy,0.0,none,88.36
1821,DESERT_PATROL,13268.1,5.7,0.631,0.559,3954.6,53.5,22.1,463.2,154.2,78.4,2.61,16.69,1.292,67.04,0.765,0.0,0.0,0.0,0.0,85.5,0,0.107,healthy,0.0,none,98.65
1822,DESERT_PATROL,15735.4,9.9,0.729,0.63,3972.5,43.2,17.8,551.4,179.2,84.6,2.43,23.82,3.181,41.1,0.601,0.0,0.0,0.0,0.713,35.5,1,0.666,mechanical,0.71,none,29.75
1823,HIGH_ALTITUDE,19150.5,-18.8,0.754,0.63,4337.3,45.1,20.3,540.7,161.8,67.1,3.21,20.26,2.068,59.02,0.685,0.0,0.0,0.0,0.35,58.3,1,0.365,mechanical,0.35,none,59.29
1824,ISR,7207.7,-1.6,0.702,0.659,4317.5,71.1,32.1,494.6,161.3,79.1,2.9,20.45,1.139,58.98,0.765,0.0,0.0,0.0,0.0,85.69,0,0.18,healthy,0.0,none,94.31
1825,HIGH_ALTITUDE,24504.4,-34.5,0.845,0.668,5035.8,41.3,21.9,596.8,170.6,59.9,4.11,18.91,0.846,50.69,0.765,0.0,0.0,0.0,0.0,65.42,1,0.657,sensor,0.66,spike,71.86
1826,LOITER,4358.0,7.5,0.429,0.413,2934.1,68.4,21.1,310.6,112.2,73.5,1.83,13.25,0.842,107.82,0.765,0.0,0.277,0.0,0.0,69.07,0,0.267,cooling,0.28,none,66.76
1827,ISR,3139.7,10.1,0.784,0.763,4425.5,49.7,22.8,653.6,212.8,90.9,2.69,46.6,3.547,8.13,0.439,0.438,0.0,0.0,0.438,16.61,1,0.825,combustion,0.88,none,8.67
1828,ISR,13915.6,-24.6,0.575,0.507,3685.6,57.4,22.2,383.1,113.7,57.8,2.78,15.23,1.214,104.97,0.765,0.0,0.0,0.0,0.0,86.26,0,0.225,healthy,0.0,none,99.34
1829,HIGH_ALTITUDE,21053.9,-24.7,0.854,0.7,5091.0,46.1,24.5,607.9,178.3,67.0,3.89,20.22,0.804,41.07,0.765,0.0,0.0,0.0,0.0,86.9,0,0.124,healthy,0.0,none,98.49
1830,HIGH_ALTITUDE,16456.5,-17.5,0.917,0.788,5390.6,54.8,31.0,665.6,197.4,87.6,2.36,22.83,0.71,21.89,0.765,0.0,0.0,0.618,0.0,45.2,1,0.485,lubrication,0.62,none,47.54
1831,TRANSIT,11775.4,-13.4,0.622,0.559,3710.6,41.8,16.1,484.9,147.5,66.7,2.63,28.01,3.2,71.62,0.498,0.346,0.0,0.0,0.346,36.67,1,0.662,combustion,0.69,none,38.23
1832,TRANSIT,12290.1,-13.0,0.56,0.501,3398.2,39.8,14.2,464.4,143.0,64.3,2.44,25.39,3.068,78.3,0.495,0.351,0.0,0.0,0.351,36.78,1,0.586,combustion,0.7,none,30.25
1833,HIGH_ALTITUDE,23390.1,-27.0,0.882,0.705,4854.4,26.8,13.7,709.1,205.4,65.8,3.72,30.56,3.229,15.29,0.455,0.413,0.0,0.0,0.413,25.93,1,0.681,combustion,0.83,none,22.28
1834,ISR,1873.0,9.5,0.806,0.793,4845.9,85.3,42.9,576.4,192.6,90.8,2.89,25.71,0.93,28.82,0.765,0.0,0.0,0.0,0.0,81.27,0,0.067,healthy,0.0,none,96.74
1835,ISR,12091.2,-17.7,0.527,0.472,3263.8,41.0,14.0,439.3,131.8,60.8,2.34,23.16,2.993,89.04,0.506,0.334,0.0,0.0,0.334,37.73,1,0.531,combustion,0.67,none,33.83
1836,HIGH_ALTITUDE,19932.6,-27.1,0.929,0.77,5420.7,49.4,28.3,651.1,194.9,68.1,4.24,22.42,0.724,26.43,0.765,0.0,0.0,0.0,0.0,85.05,0,0.092,healthy,0.0,none,94.91
1837,TRANSIT,4489.4,5.8,0.719,0.692,4208.6,54.9,24.1,555.6,184.4,84.9,2.61,34.47,3.01,37.65,0.52,0.313,0.0,0.0,0.313,32.63,1,0.634,combustion,0.63,none,26.15
1838,DESERT_PATROL,5803.8,21.1,0.661,0.628,4123.4,68.4,29.3,496.3,170.1,91.5,2.34,19.89,1.3,49.22,0.765,0.0,0.0,0.0,0.0,81.14,0,0.066,healthy,0.0,none,90.44
1839,HIGH_ALTITUDE,16973.4,-14.5,0.723,0.618,4415.9,51.0,23.6,511.3,158.4,68.8,3.25,17.86,1.174,62.68,0.765,0.0,0.0,0.0,0.0,83.96,0,0.121,healthy,0.0,none,96.25
1840,HIGH_ALTITUDE,18727.5,-21.3,0.886,0.744,4681.8,44.4,21.7,631.8,189.9,70.9,3.42,27.48,2.763,31.46,0.603,0.0,0.0,0.0,0.707,37.3,1,0.681,mechanical,0.71,none,32.8
1841,DESERT_PATROL,11891.2,13.2,0.667,0.599,4134.4,55.7,24.0,504.5,167.2,85.1,2.53,18.32,1.259,52.91,0.765,0.0,0.0,0.0,0.0,81.98,0,0.094,healthy,0.0,none,96.32
1842,DESERT_PATROL,4610.3,33.2,0.766,0.736,4639.2,70.5,34.2,590.9,226.7,103.0,2.4,23.52,1.073,-6.02,0.765,0.0,0.976,0.0,0.0,29.7,1,0.889,cooling,0.98,none,24.17
1843,LOITER,5001.6,2.4,0.473,0.452,3161.9,69.8,23.1,327.0,122.8,71.2,2.05,14.31,1.027,95.72,0.765,0.0,0.599,0.0,0.0,54.5,1,0.67,cooling,0.6,none,54.01
1844,DESERT_PATROL,10196.6,10.5,0.807,0.737,4837.5,62.1,31.6,598.6,199.0,90.1,2.92,22.66,0.923,20.16,0.765,0.0,0.276,0.0,0.0,58.91,0,0.276,cooling,0.28,none,55.64
1845,LOITER,4551.2,8.1,0.501,0.482,3304.0,49.3,17.1,432.4,142.2,77.3,2.09,25.72,1.094,77.81,0.534,0.862,0.0,0.0,0.0,48.61,1,0.792,injector,0.86,none,47.7
1846,DESERT_PATROL,13492.0,13.3,0.62,0.548,3900.6,51.5,21.1,466.8,177.9,82.8,2.45,16.48,1.34,42.49,0.765,0.0,0.925,0.0,0.0,46.21,1,0.769,cooling,0.92,none,47.62
1847,ISR,7100.2,-4.5,0.686,0.644,4229.2,71.8,31.9,485.6,154.1,94.0,1.37,20.22,1.24,65.12,0.765,0.0,0.0,0.854,0.0,50.32,1,0.775,lubrication,0.85,none,44.8
1848,LOITER,6424.3,-0.1,0.59,0.558,3741.2,70.3,27.7,415.0,138.8,75.2,2.46,17.67,1.259,82.67,0.765,0.0,0.0,0.0,0.0,82.14,0,0.036,healthy,0.0,none,92.52
1849,TRANSIT,9871.1,-1.0,0.51,0.467,3369.4,45.7,16.0,411.6,134.3,70.9,2.23,21.23,1.115,86.26,0.584,0.677,0.0,0.0,0.0,51.83,1,0.622,injector,0.68,none,54.36
1850,DESERT_PATROL,13756.8,7.6,0.789,0.696,4148.7,46.5,20.1,580.7,191.6,86.1,2.59,28.09,3.365,30.12,0.571,0.0,0.0,0.0,0.845,30.4,1,0.698,mechanical,0.85,none,29.08
1851,ISR,14455.9,-13.2,0.506,0.443,3329.7,52.2,18.1,349.7,108.6,62.7,2.42,13.21,1.15,110.71,0.765,0.0,0.0,0.0,0.0,55.61,1,0.826,sensor,0.91,freeze,54.65
1852,DESERT_PATROL,5028.3,18.6,0.651,0.623,4039.4,70.8,30.1,490.4,164.2,103.9,1.22,19.95,1.315,53.87,0.765,0.0,0.0,0.774,0.0,51.0,1,0.7,lubrication,0.77,none,48.24
1853,LOITER,3079.7,15.9,0.571,0.556,3651.8,74.7,28.6,418.8,147.3,84.4,2.18,17.88,1.275,74.36,0.765,0.0,0.0,0.0,0.0,85.09,0,0.072,healthy,0.0,none,98.49
1854,LOITER,7938.6,3.8,0.553,0.515,3561.0,64.5,24.1,396.1,133.1,75.6,2.36,16.07,1.217,87.24,0.765,0.0,0.0,0.0,0.0,85.42,0,0.171,healthy,0.0,none,99.08
1855,TRANSIT,4809.5,6.9,0.581,0.557,3711.3,72.6,28.2,418.0,139.3,78.2,2.39,17.72,1.27,79.27,0.765,0.0,0.0,0.0,0.0,79.51,0,0.182,healthy,0.0,none,96.22
1856,HIGH_ALTITUDE,20844.5,-23.1,0.852,0.699,5079.6,46.2,24.6,611.4,178.6,67.4,3.75,20.13,0.827,40.33,0.765,0.0,0.0,0.0,0.0,88.29,0,0.155,healthy,0.0,none,103.15
1857,DESERT_PATROL,6337.5,17.8,0.739,0.699,3843.5,57.5,23.1,546.9,184.1,92.0,2.15,31.3,3.605,34.8,0.544,0.0,0.0,0.0,0.962,29.32,1,0.882,mechanical,0.96,none,25.72
1858,HIGH_ALTITUDE,20152.2,-24.4,0.712,0.589,4365.2,46.4,21.4,496.4,146.7,61.6,3.37,16.87,1.191,72.94,0.765,0.0,0.0,0.0,0.0,82.2,0,0.196,healthy,0.0,none,94.45
1859,HIGH_ALTITUDE,16628.6,-21.6,0.884,0.758,5226.2,55.0,29.9,623.6,197.3,71.1,3.96,22.25,0.751,21.61,0.765,0.0,0.606,0.0,0.0,51.21,1,0.514,cooling,0.61,none,48.76
1860,TRANSIT,3466.0,7.7,0.599,0.582,3788.3,76.6,30.5,436.3,145.7,81.4,2.39,18.26,1.261,74.9,0.765,0.0,0.0,0.0,0.0,85.67,0,0.065,healthy,0.0,none,103.2
1861,TRANSIT,14133.6,-14.0,0.68,0.598,4201.4,56.5,24.7,475.0,148.4,68.3,3.05,17.91,1.247,72.55,0.765,0.0,0.0,0.0,0.0,87.87,0,0.22,healthy,0.0,none,94.68
1862,ISR,15442.5,-14.4,0.719,0.624,4086.7,31.2,13.3,639.3,187.8,68.9,2.94,38.46,4.0,31.13,0.407,0.491,0.0,0.0,0.491,25.05,1,0.899,combustion,0.98,none,16.11
1863,HIGH_ALTITUDE,19973.5,-24.9,0.875,0.725,5186.2,48.5,26.2,626.5,182.3,82.0,2.22,20.76,0.788,36.83,0.765,0.0,0.0,0.729,0.0,48.53,1,0.683,lubrication,0.73,none,49.66
1864,LOITER,4184.8,1.1,0.549,0.529,3544.4,74.9,27.8,382.4,151.3,74.8,2.35,16.88,1.205,69.9,0.765,0.0,0.95,0.0,0.0,49.33,1,0.843,cooling,0.95,none,49.26
1865,DESERT_PATROL,8420.9,13.5,0.621,0.576,3776.2,48.6,19.1,519.0,170.5,84.7,2.3,22.78,2.696,48.44,0.571,0.242,0.0,0.0,0.242,42.74,1,0.383,combustion,0.48,none,36.81
1866,TRANSIT,10287.8,-4.1,0.586,0.534,3612.7,50.7,19.3,450.4,142.5,71.4,2.44,21.1,2.227,76.71,0.613,0.185,0.0,0.0,0.185,50.88,1,0.382,combustion,0.37,none,54.2
1867,ISR,7740.0,6.8,0.813,0.759,4865.0,69.3,35.3,603.7,201.4,88.5,3.04,23.63,0.915,18.42,0.765,0.0,0.505,0.0,0.0,47.07,1,0.463,cooling,0.5,none,46.05
1868,ISR,7382.4,0.4,0.534,0.5,3463.1,66.2,24.1,374.9,125.6,72.0,2.34,15.89,1.187,94.43,0.765,0.0,0.0,0.0,0.0,69.44,0,0.268,sensor,0.27,noise,73.81
1869,ISR,12356.9,-6.6,0.567,0.507,3618.3,56.8,21.8,401.4,127.6,69.6,2.52,15.44,1.245,92.0,0.765,0.0,0.0,0.0,0.0,86.24,0,0.159,healthy,0.0,none,100.38
1870,TRANSIT,9195.5,0.5,0.792,0.73,4777.8,66.7,33.2,574.8,183.9,83.3,3.08,22.06,0.992,36.64,0.765,0.0,0.0,0.0,0.0,78.46,0,0.2,healthy,0.0,none,92.85
1871,DESERT_PATROL,9816.5,16.8,0.678,0.621,4196.5,59.8,26.3,514.7,173.1,87.0,2.54,19.05,1.288,47.9,0.765,0.0,0.0,0.0,0.0,82.02,0,0.039,healthy,0.0,none,98.0
1872,ISR,5273.9,10.0,0.727,0.694,4429.0,73.8,34.3,524.0,175.0,86.4,2.71,21.69,1.126,44.45,0.765,0.0,0.0,0.0,0.0,76.29,0,0.148,healthy,0.0,none,75.95
1873,DESERT_PATROL,8040.9,20.1,0.827,0.77,4932.2,65.6,34.0,618.6,205.7,96.5,2.78,23.92,0.846,12.88,0.765,0.0,0.0,0.0,0.0,73.67,0,0.175,healthy,0.0,none,81.44
1874,HIGH_ALTITUDE,24617.9,-29.8,0.759,0.599,4602.2,39.6,19.1,535.6,154.2,59.3,3.57,16.66,1.092,66.15,0.765,0.0,0.0,0.0,0.0,93.61,0,0.035,healthy,0.0,none,111.65
1875,LOITER,3716.9,9.9,0.475,0.46,3045.8,53.2,17.0,408.6,136.8,76.5,1.86,21.56,2.408,82.29,0.547,0.275,0.0,0.0,0.275,43.0,1,0.567,combustion,0.55,none,42.28
1876,LOITER,6901.7,1.9,0.559,0.526,3604.5,67.7,25.6,395.2,133.2,94.3,1.01,16.46,1.231,87.73,0.765,0.0,0.0,0.965,0.0,49.63,1,0.785,lubrication,0.96,none,43.2
1877,TRANSIT,13921.7,-14.4,0.827,0.728,4480.1,53.2,25.1,583.5,180.2,74.3,3.13,26.36,2.695,40.18,0.627,0.0,0.0,0.0,0.6,42.59,1,0.492,mechanical,0.6,none,40.61
1878,ISR,13744.2,-14.1,0.721,0.636,4425.0,58.0,26.6,506.7,156.7,75.2,2.74,19.24,1.178,63.5,0.765,0.0,0.0,0.231,0.0,72.51,0,0.197,lubrication,0.23,none,72.24
1879,HIGH_ALTITUDE,21509.7,-27.9,0.8,0.652,4810.6,45.3,22.8,567.2,163.1,62.5,3.74,18.5,0.969,55.97,0.765,0.0,0.0,0.0,0.0,92.64,0,0.145,healthy,0.0,none,105.94
1880,DESERT_PATROL,4342.1,20.9,0.848,0.816,5080.2,75.5,39.8,622.3,211.9,105.1,2.17,26.01,0.831,8.88,0.765,0.0,0.0,0.318,0.0,50.15,1,0.242,lubrication,0.32,none,43.77
1881,DESERT_PATROL,4344.7,28.6,0.716,0.689,3807.7,60.8,24.4,538.1,189.5,98.3,2.02,29.58,3.439,31.38,0.567,0.0,0.0,0.0,0.864,29.29,1,0.807,mechanical,0.86,none,26.52
1882,LOITER,6349.5,2.1,0.547,0.517,3547.9,68.8,25.4,387.7,130.8,74.4,2.31,16.4,1.232,90.42,0.765,0.0,0.0,0.0,0.0,85.98,0,0.054,healthy,0.0,none,89.36
1883,HIGH_ALTITUDE,21112.1,-25.6,0.897,0.734,5279.8,46.5,25.7,635.1,190.0,67.9,4.01,20.81,0.716,32.23,0.765,0.0,0.0,0.0,0.0,81.16,0,0.161,healthy,0.0,none,88.23
1884,TRANSIT,7404.3,3.5,0.514,0.481,3380.5,64.8,22.8,362.8,125.7,73.4,2.16,15.23,1.162,96.27,0.765,0.0,0.0,0.0,0.0,55.39,1,0.84,sensor,0.92,drift,51.95
1885,HIGH_ALTITUDE,23324.8,-35.7,0.768,0.614,4644.2,43.0,20.9,529.2,149.2,55.5,3.65,17.55,1.083,69.47,0.765,0.0,0.0,0.0,0.0,93.4,0,0.021,healthy,0.0,none,108.56
1886,DESERT_PATROL,13142.2,6.0,0.719,0.638,4399.5,55.1,25.3,533.4,173.6,81.3,2.93,19.39,1.173,47.17,0.765,0.0,0.0,0.0,0.0,84.44,0,0.071,healthy,0.0,none,100.7
1887,LOITER,4064.6,5.3,0.482,0.465,3214.0,71.9,24.2,340.2,117.9,82.8,1.49,14.91,1.048,102.49,0.765,0.0,0.0,0.434,0.0,58.39,1,0.365,lubrication,0.43,none,57.62
1888,TRANSIT,1390.8,11.2,0.81,0.8,4262.6,75.0,33.3,577.9,193.4,92.4,2.46,34.2,3.166,26.68,0.586,0.0,0.0,0.0,0.779,29.9,1,0.609,mechanical,0.78,none,21.19
1889,HIGH_ALTITUDE,24575.4,-30.9,0.794,0.627,4772.5,40.2,20.0,557.7,161.4,59.8,3.81,17.34,0.956,59.19,0.765,0.0,0.0,0.0,0.0,94.13,0,0.107,healthy,0.0,none,111.78
1890,ISR,10330.9,-8.2,0.528,0.481,3447.7,60.9,22.0,365.8,118.3,66.6,2.43,14.83,1.172,102.36,0.765,0.0,0.0,0.0,0.0,79.67,0,0.161,healthy,0.0,none,93.86
1891,LOITER,4313.9,7.8,0.448,0.432,3021.3,69.3,22.2,317.3,112.8,74.1,1.91,13.64,0.903,107.76,0.765,0.0,0.0,0.0,0.0,86.53,0,0.038,healthy,0.0,none,98.24
1892,HIGH_ALTITUDE,21033.1,-22.9,0.926,0.759,5418.0,33.3,18.9,736.6,214.7,70.1,4.12,25.34,0.694,6.59,0.548,0.809,0.0,0.0,0.0,40.33,1,0.708,injector,0.81,none,38.95
1893,LOITER,6880.6,4.9,0.591,0.556,3738.6,67.9,26.6,426.3,141.5,78.2,2.44,17.49,1.23,78.25,0.765,0.0,0.0,0.0,0.0,84.48,0,0.092,healthy,0.0,none,96.48
1894,TRANSIT,4817.7,0.8,0.745,0.714,4530.3,51.4,24.1,599.5,192.3,82.0,2.93,41.54,1.128,28.2,0.505,0.972,0.0,0.0,0.0,39.49,1,0.893,injector,0.97,none,32.2
1895,TRANSIT,11991.1,-7.0,0.569,0.511,3666.6,57.7,22.2,408.4,128.6,68.3,2.55,15.69,1.249,91.82,0.765,0.0,0.0,0.0,0.0,83.76,0,0.212,healthy,0.0,none,91.57
1896,LOITER,6758.1,2.9,0.477,0.45,3190.3,65.4,21.9,330.4,114.3,72.0,2.06,13.95,1.017,104.9,0.765,0.0,0.0,0.0,0.0,86.47,0,0.133,healthy,0.0,none,93.97
1897,HIGH_ALTITUDE,23429.4,-33.5,0.847,0.677,5034.1,43.1,22.7,596.6,169.9,60.8,4.01,19.33,0.839,49.73,0.765,0.0,0.0,0.0,0.0,93.3,0,0.241,healthy,0.0,none,109.02
1898,ISR,4324.1,2.7,0.633,0.609,3966.9,76.4,32.0,449.6,149.6,78.5,2.59,19.07,1.295,71.52,0.765,0.0,0.0,0.0,0.0,58.67,1,0.45,sensor,0.59,drift,56.04
1899,TRANSIT,10229.0,-3.4,0.584,0.533,3540.5,43.2,16.0,467.1,147.2,71.2,2.34,22.81,2.927,73.13,0.513,0.324,0.0,0.0,0.324,37.42,1,0.632,combustion,0.65,none,34.26
1900,TRANSIT,10023.4,-0.2,0.764,0.698,4611.3,64.4,31.1,559.2,177.4,81.8,3.07,21.41,1.052,43.34,0.765,0.0,0.0,0.0,0.0,86.95,0,0.211,healthy,0.0,none,93.48
1901,HIGH_ALTITUDE,16694.0,-12.8,0.899,0.77,5284.5,53.2,29.4,658.5,208.2,77.1,3.72,22.58,0.756,10.68,0.765,0.0,0.608,0.0,0.0,44.69,1,0.624,cooling,0.61,none,42.08
1902,LOITER,3734.1,13.0,0.54,0.522,3491.5,72.8,26.7,392.1,136.5,80.8,2.14,16.77,1.221,83.43,0.765,0.0,0.0,0.0,0.0,86.65,0,0.164,healthy,0.0,none,100.48
1903,ISR,5044.5,3.8,0.775,0.742,4670.7,76.9,37.6,552.6,179.7,85.0,2.94,23.67,1.013,39.11,0.765,0.0,0.0,0.0,0.0,80.89,0,0.16,healthy,0.0,none,93.81
1904,DESERT_PATROL,4214.9,30.9,0.741,0.714,4519.7,71.7,33.9,559.6,196.3,100.6,2.4,22.78,1.123,24.05,0.765,0.0,0.0,0.0,0.0,75.03,0,0.151,healthy,0.0,none,89.32
1905,LOITER,5703.5,3.4,0.49,0.466,3015.1,62.6,19.5,345.8,116.6,73.2,1.9,17.4,2.191,101.95,0.647,0.0,0.0,0.0,0.515,48.82,1,0.417,mechanical,0.51,none,44.99
1906,HIGH_ALTITUDE,21382.3,-27.3,0.841,0.687,5031.6,45.8,24.1,591.3,175.1,64.0,3.85,19.71,0.832,46.05,0.765,0.0,0.0,0.0,0.0,85.92,0,0.242,healthy,0.0,none,98.47
1907,TRANSIT,3426.9,5.5,0.511,0.496,3350.7,74.6,26.1,358.3,122.8,76.1,2.18,15.73,1.098,96.21,0.765,0.0,0.0,0.0,0.0,82.31,0,0.046,healthy,0.0,none,95.68
1908,TRANSIT,13227.7,-9.6,0.626,0.555,3926.4,56.6,23.5,442.0,138.8,69.2,2.85,16.62,1.343,81.19,0.765,0.0,0.0,0.0,0.0,82.22,0,0.194,healthy,0.0,none,92.97
1909,ISR,8515.0,-0.1,0.623,0.577,3913.2,56.7,23.2,472.5,153.1,75.5,2.63,22.49,1.33,66.88,0.661,0.388,0.0,0.0,0.0,57.15,1,0.415,injector,0.39,none,59.67
1910,DESERT_PATROL,8428.7,19.3,0.552,0.512,3564.0,59.9,22.3,422.5,145.9,84.8,2.12,15.82,1.239,74.14,0.765,0.0,0.0,0.0,0.0,85.6,0,0.045,healthy,0.0,none,99.43
1911,TRANSIT,1986.7,6.9,0.767,0.754,4640.8,72.1,35.1,583.6,188.5,87.7,2.85,31.19,1.035,30.33,0.649,0.434,0.0,0.0,0.0,51.1,1,0.34,injector,0.43,none,50.06
1912,TRANSIT,10215.0,-9.5,0.685,0.625,3944.5,38.4,15.8,584.2,178.5,72.3,2.71,38.0,3.831,40.01,0.421,0.468,0.0,0.0,0.468,29.42,1,0.765,combustion,0.94,none,17.33
1913,DESERT_PATROL,6271.8,21.1,0.726,0.687,4410.4,68.4,31.8,554.1,185.1,94.0,2.53,21.69,1.164,34.96,0.765,0.0,0.0,0.0,0.0,73.32,0,0.188,healthy,0.0,none,80.32
1914,TRANSIT,1395.1,6.2,0.846,0.836,5055.8,88.6,46.2,594.2,198.4,91.4,3.01,27.52,0.851,22.93,0.765,0.0,0.0,0.0,0.0,69.27,0,0.249,healthy,0.0,none,73.19
1915,HIGH_ALTITUDE,17543.5,-19.5,0.902,0.766,5319.0,52.7,29.2,646.5,195.3,73.3,3.9,22.82,0.735,26.76,0.765,0.0,0.0,0.0,0.0,52.13,1,0.964,sensor,0.97,noise,52.47
1916,TRANSIT,8193.0,2.0,0.669,0.622,4158.0,66.9,29.2,476.7,156.4,79.1,2.73,19.28,1.239,63.13,0.765,0.0,0.0,0.0,0.0,59.72,1,0.448,sensor,0.54,noise,58.62
1917,TRANSIT,15050.6,-14.5,0.569,0.495,3665.3,52.6,20.2,393.9,123.3,63.8,2.69,14.8,1.259,97.75,0.765,0.0,0.0,0.0,0.0,60.4,1,0.347,sensor,0.51,noise,62.4
1918,ISR,2011.4,7.0,0.663,0.651,4109.9,82.7,35.8,473.6,157.9,83.7,2.58,20.66,1.274,62.1,0.765,0.0,0.0,0.0,0.0,71.38,0,0.104,healthy,0.0,none,83.01
1919,DESERT_PATROL,2542.2,26.5,0.609,0.596,3857.6,74.6,30.1,459.5,162.7,93.1,2.17,19.25,1.323,57.07,0.765,0.0,0.0,0.0,0.0,84.63,0,0.156,healthy,0.0,none,99.63
1920,DESERT_PATROL,3181.3,26.2,0.707,0.688,4329.6,75.1,33.8,523.0,185.0,106.8,1.63,22.13,1.229,35.81,0.765,0.0,0.0,0.485,0.0,50.02,1,0.468,lubrication,0.48,none,52.7
1921,ISR,14974.1,-15.6,0.825,0.719,4906.0,56.8,29.4,584.8,180.8,73.4,3.57,21.37,0.858,41.2,0.765,0.0,0.0,0.0,0.0,81.25,0,0.033,healthy,0.0,none,91.95
1922,ISR,10070.6,-10.1,0.668,0.61,4119.3,55.5,24.1,500.2,153.6,71.7,2.89,23.56,1.294,64.32,0.653,0.419,0.0,0.0,0.0,56.17,1,0.457,injector,0.42,none,59.56
1923,LOITER,5404.1,0.2,0.418,0.398,2908.2,67.1,20.3,289.3,98.9,68.2,1.87,12.73,0.86,120.63,0.765,0.0,0.0,0.0,0.0,85.33,0,0.114,healthy,0.0,none,99.89
1924,HIGH_ALTITUDE,20411.0,-17.3,0.933,0.77,5466.8,46.6,26.7,676.3,201.4,74.2,3.99,22.1,0.681,17.15,0.765,0.0,0.0,0.0,0.0,54.59,1,0.373,sensor,0.47,freeze,55.31
1925,ISR,11972.3,-12.7,0.834,0.749,4973.2,47.6,24.9,646.5,196.7,76.1,3.52,34.69,0.875,22.72,0.574,0.715,0.0,0.0,0.0,46.03,1,0.608,injector,0.71,none,36.7
1926,ISR,10649.1,-0.3,0.642,0.584,4030.7,52.4,22.0,488.6,158.8,76.6,2.72,22.25,1.313,61.9,0.659,0.397,0.0,0.0,0.0,57.69,1,0.354,injector,0.4,none,55.71
1927,HIGH_ALTITUDE,15888.5,-15.6,0.823,0.711,4455.9,49.4,23.2,582.4,176.1,72.6,3.24,25.58,2.631,41.64,0.628,0.0,0.0,0.0,0.595,43.66,1,0.543,mechanical,0.6,none,44.26
1928,TRANSIT,8935.3,-3.6,0.634,0.585,3780.5,62.3,24.7,449.1,143.8,74.2,2.55,20.19,2.149,75.31,0.691,0.0,0.0,0.0,0.323,57.39,1,0.289,mechanical,0.32,none,58.63
1929,ISR,11568.7,-7.8,0.801,0.721,4815.0,62.9,31.5,569.2,178.2,93.4,1.69,22.01,0.965,41.03,0.765,0.0,0.0,0.784,0.0,48.83,1,0.788,lubrication,0.78,none,50.4
1930,ISR,13110.1,-10.5,0.738,0.655,4482.3,58.9,27.8,519.5,165.4,72.8,3.13,19.76,1.135,56.93,0.765,0.0,0.0,0.0,0.0,90.19,0,0.123,healthy,0.0,none,103.24
1931,TRANSIT,1853.3,11.4,0.524,0.515,3409.6,77.9,28.0,373.3,132.6,80.4,2.13,16.57,1.183,88.85,0.765,0.0,0.0,0.0,0.0,86.32,0,0.188,healthy,0.0,none,104.39
1932,DESERT_PATROL,4979.9,20.5,0.728,0.697,4433.8,71.9,33.5,543.0,186.9,93.2,2.53,21.99,1.145,35.27,0.765,0.0,0.0,0.0,0.0,76.5,0,0.073,healthy,0.0,none,87.31
1933,ISR,9924.0,-4.9,0.794,0.727,4478.0,42.1,19.8,656.9,203.1,79.1,3.0,40.23,3.364,17.74,0.456,0.411,0.0,0.0,0.411,23.41,1,0.725,combustion,0.82,none,21.7
1934,ISR,3197.6,4.8,0.775,0.754,4680.7,82.1,40.0,552.4,180.6,87.5,2.94,24.21,1.037,39.01,0.765,0.0,0.0,0.0,0.0,80.98,0,0.125,healthy,0.0,none,91.34
1935,HIGH_ALTITUDE,15453.3,-14.9,0.79,0.686,4584.2,53.4,25.6,562.2,171.3,71.8,3.28,21.6,1.642,48.33,0.716,0.0,0.0,0.0,0.214,71.27,0,0.25,mechanical,0.21,none,78.4
1936,HIGH_ALTITUDE,24506.8,-33.2,0.727,0.574,4204.4,37.8,16.7,500.5,144.2,55.9,3.22,17.84,2.187,76.37,0.682,0.0,0.0,0.0,0.36,57.42,1,0.304,mechanical,0.36,none,61.02
1937,LOITER,5778.2,0.4,0.527,0.501,3122.6,63.2,20.9,368.3,123.3,72.1,2.01,19.32,2.488,96.38,0.628,0.0,0.0,0.0,0.598,43.8,1,0.645,mechanical,0.6,none,39.27
1938,TRANSIT,7782.8,0.6,0.532,0.496,3452.0,65.1,23.6,376.1,125.6,72.0,2.31,15.49,1.128,94.61,0.765,0.0,0.0,0.0,0.0,86.87,0,0.103,healthy,0.0,none,95.83
1939,TRANSIT,13820.1,-15.1,0.527,0.465,3213.5,50.7,17.1,355.6,112.7,62.4,2.29,15.7,2.122,107.64,0.667,0.0,0.0,0.0,0.426,49.55,1,0.448,mechanical,0.43,none,46.02
1940,ISR,3887.8,8.7,0.748,0.723,4546.3,78.5,37.2,542.9,177.9,87.0,2.74,22.96,1.097,41.3,0.765,0.0,0.0,0.0,0.0,77.02,0,0.039,healthy,0.0,none,85.4
1941,ISR,15855.8,-13.8,0.728,0.629,4445.4,53.3,24.7,517.9,158.8,70.3,3.19,18.44,1.145,61.39,0.765,0.0,0.0,0.0,0.0,87.86,0,0.142,healthy,0.0,none,109.62
1942,ISR,9144.0,-1.4,0.784,0.722,4501.2,47.2,22.3,627.1,196.2,81.7,2.97,30.98,2.879,24.53,0.51,0.328,0.0,0.0,0.328,29.05,1,0.681,combustion,0.66,none,26.1
1943,HIGH_ALTITUDE,17148.1,-19.1,0.821,0.701,4897.3,52.7,27.3,585.3,175.0,69.8,3.59,20.61,0.89,44.49,0.765,0.0,0.0,0.0,0.0,88.69,0,0.224,healthy,0.0,none,104.36
1944,LOITER,7750.5,-4.4,0.54,0.504,3495.7,66.6,24.4,379.2,123.8,70.1,2.35,15.6,1.171,97.1,0.765,0.0,0.0,0.0,0.0,88.24,0,0.024,healthy,0.0,none,102.11
1945,LOITER,5839.1,3.8,0.6,0.57,3607.1,51.2,19.6,498.6,162.6,78.1,2.26,27.38,2.916,57.63,0.525,0.306,0.0,0.0,0.306,38.49,1,0.571,combustion,0.61,none,33.7
1946,DESERT_PATROL,7260.1,19.6,0.84,0.788,4995.4,67.8,35.4,628.1,208.3,97.6,2.87,24.87,0.835,10.5,0.765,0.0,0.0,0.0,0.0,67.45,0,0.043,healthy,0.0,none,73.2
1947,ISR,13572.9,-13.8,0.665,0.587,4140.1,57.5,24.9,463.1,142.2,68.0,2.97,17.38,1.283,76.02,0.765,0.0,0.0,0.0,0.0,86.65,0,0.198,healthy,0.0,none,98.56
1948,TRANSIT,14506.1,-12.1,0.607,0.532,3822.1,54.0,21.7,427.4,133.8,66.9,2.73,15.74,1.298,87.08,0.765,0.0,0.0,0.0,0.0,80.03,0,0.191,healthy,0.0,none,90.23
1949,DESERT_PATROL,3380.5,20.6,0.644,0.626,4016.7,55.6,23.3,528.0,180.7,90.7,2.35,30.84,1.333,39.03,0.57,0.726,0.0,0.0,0.0,44.12,1,0.746,injector,0.73,none,39.35
1950,LOITER,7012.0,3.1,0.526,0.494,3445.3,66.2,23.7,367.7,126.0,74.6,2.27,15.55,1.179,93.96,0.765,0.0,0.0,0.0,0.0,86.18,0,0.228,healthy,0.0,none,101.87
1951,LOITER,6621.0,2.5,0.454,0.428,3059.1,65.0,20.9,316.2,109.9,70.6,2.0,13.48,0.991,110.41,0.765,0.0,0.0,0.0,0.0,60.2,1,0.48,sensor,0.53,freeze,54.46
1952,DESERT_PATROL,2796.7,29.6,0.557,0.544,3342.6,44.2,15.6,525.3,179.3,92.4,1.79,32.41,3.417,40.81,0.44,0.437,0.0,0.0,0.437,28.57,1,0.858,combustion,0.87,none,24.57
1953,LOITER,6841.4,3.2,0.48,0.452,3208.0,65.2,22.0,337.9,115.8,86.1,1.21,14.23,1.044,104.04,0.765,0.0,0.0,0.692,0.0,53.85,1,0.667,lubrication,0.69,none,54.62
1954,ISR,9704.8,-8.8,0.619,0.567,3906.3,64.7,26.3,433.9,138.0,83.3,1.62,17.34,1.278,82.84,0.765,0.0,0.0,0.654,0.0,53.26,1,0.573,lubrication,0.65,none,52.77
1955,DESERT_PATROL,13366.9,4.9,0.754,0.667,4565.9,55.3,26.3,558.6,180.4,82.6,2.92,20.03,1.068,40.25,0.765,0.0,0.0,0.0,0.0,57.11,1,0.531,sensor,0.57,spike,56.77
1956,DESERT_PATROL,10161.7,16.5,0.611,0.558,3839.7,57.9,23.3,467.2,171.1,85.4,2.37,17.21,1.34,49.23,0.765,0.0,0.705,0.0,0.0,51.58,1,0.633,cooling,0.7,none,47.56
1957,ISR,7879.4,-3.7,0.573,0.534,3655.1,67.0,26.1,395.2,130.2,72.5,2.49,16.89,1.312,89.17,0.765,0.0,0.0,0.0,0.0,79.16,0,0.057,healthy,0.0,none,91.54
1958,DESERT_PATROL,7123.8,22.3,0.616,0.578,3883.3,44.8,18.1,535.2,180.3,89.4,2.26,21.52,1.287,40.11,0.536,0.854,0.0,0.0,0.0,43.75,1,0.746,injector,0.85,none,43.21
1959,TRANSIT,5110.3,1.5,0.779,0.745,4683.7,77.4,38.1,552.0,179.6,84.3,3.04,23.55,1.035,40.21,0.765,0.0,0.0,0.0,0.0,76.96,0,0.239,healthy,0.0,none,81.29
1960,HIGH_ALTITUDE,19562.9,-28.2,0.707,0.589,4337.8,48.2,21.8,481.6,142.9,67.6,2.6,16.81,1.169,77.39,0.765,0.0,0.0,0.387,0.0,60.2,1,0.343,lubrication,0.39,none,60.15
1961,DESERT_PATROL,9186.0,18.5,0.637,0.587,3975.1,52.1,21.8,504.5,171.2,87.2,2.41,19.47,1.271,47.95,0.663,0.382,0.0,0.0,0.0,57.61,1,0.317,injector,0.38,none,62.71
1962,DESERT_PATROL,2351.1,30.4,0.849,0.832,5026.1,78.7,41.9,637.4,219.0,105.8,2.54,26.82,0.826,1.48,0.765,0.0,0.0,0.0,0.0,52.39,0,0.206,sensor,0.27,drift,50.38
1963,HIGH_ALTITUDE,21941.4,-22.8,0.922,0.748,5399.9,44.6,25.2,662.1,196.4,70.0,4.1,21.08,0.71,24.02,0.765,0.0,0.0,0.0,0.0,81.22,0,0.111,healthy,0.0,none,94.64
1964,TRANSIT,15293.0,-13.6,0.598,0.519,3808.3,52.5,20.8,411.9,129.3,64.8,2.75,15.55,1.293,90.45,0.765,0.0,0.0,0.0,0.0,86.44,0,0.133,healthy,0.0,none,104.1
1965,DESERT_PATROL,12721.7,14.4,0.767,0.683,4638.4,55.0,26.9,581.8,191.4,88.1,2.81,20.44,1.03,29.51,0.765,0.0,0.0,0.0,0.0,80.98,0,0.162,healthy,0.0,none,90.47
1966,LOITER,7706.4,1.1,0.525,0.49,3445.1,65.0,23.3,367.1,123.3,73.0,2.26,15.32,1.159,95.73,0.765,0.0,0.0,0.0,0.0,79.71,0,0.139,healthy,0.0,none,86.76
1967,TRANSIT,9819.8,-2.6,0.715,0.655,4378.4,64.7,29.8,514.0,165.7,77.9,2.93,20.06,1.222,56.16,0.765,0.0,0.0,0.0,0.0,87.55,0,0.111,healthy,0.0,none,102.01
1968,ISR,7422.6,-3.5,0.702,0.658,4287.3,71.0,32.2,493.0,159.8,77.5,2.91,20.51,1.249,60.47,0.765,0.0,0.0,0.0,0.0,84.09,0,0.232,healthy,0.0,none,95.37
1969,LOITER,4054.8,5.1,0.474,0.458,3154.5,49.5,16.5,404.2,134.1,73.9,1.99,24.76,1.025,86.03,0.529,0.882,0.0,0.0,0.0,48.53,1,0.834,injector,0.88,none,44.67
1970,ISR,12729.9,-7.6,0.558,0.497,3599.7,56.0,21.1,391.1,125.9,67.7,2.52,15.11,1.234,94.66,0.765,0.0,0.0,0.0,0.0,84.27,0,0.216,healthy,0.0,none,96.39
1971,TRANSIT,8913.6,2.3,0.51,0.471,3358.5,61.3,21.6,367.0,124.2,72.8,2.19,14.64,1.133,97.75,0.765,0.0,0.0,0.0,0.0,82.83,0,0.196,healthy,0.0,none,96.96
1972,HIGH_ALTITUDE,21444.3,-24.8,0.793,0.647,4740.7,44.8,22.4,566.9,167.3,64.4,3.7,18.42,0.969,54.84,0.765,0.0,0.0,0.0,0.0,63.36,1,0.685,sensor,0.81,freeze,61.33
1973,ISR,15866.3,-16.1,0.547,0.473,3411.0,39.1,14.0,433.3,131.2,61.3,2.49,18.2,2.51,89.53,0.567,0.247,0.0,0.0,0.247,43.82,1,0.467,combustion,0.49,none,41.98
1974,LOITER,7690.9,1.2,0.415,0.388,2696.4,57.1,16.1,288.4,101.1,68.7,1.7,13.95,1.869,119.91,0.669,0.0,0.0,0.0,0.417,53.82,1,0.215,mechanical,0.42,none,51.12
1975,ISR,4927.8,4.2,0.834,0.798,4979.2,78.1,40.6,594.1,194.3,89.4,3.07,25.49,0.862,25.9,0.765,0.0,0.0,0.0,0.0,80.44,0,0.181,healthy,0.0,none,88.44
1976,HIGH_ALTITUDE,20390.9,-29.4,0.75,0.619,4572.1,47.3,22.5,521.3,152.1,60.7,3.58,17.61,1.136,68.68,0.765,0.0,0.0,0.0,0.0,86.4,0,0.126,healthy,0.0,none,99.72
1977,HIGH_ALTITUDE,22238.3,-29.5,0.747,0.604,4523.1,43.7,20.5,520.8,149.7,68.7,2.56,17.02,1.098,69.12,0.765,0.0,0.0,0.457,0.0,56.81,1,0.496,lubrication,0.46,none,56.92
1978,ISR,14063.8,-15.2,0.506,0.445,3146.1,35.3,11.6,424.5,130.1,60.6,2.25,19.74,3.063,90.42,0.477,0.379,0.0,0.0,0.379,35.02,1,0.703,combustion,0.76,none,27.02
1979,LOITER,6228.5,8.1,0.48,0.455,3195.1,65.6,22.0,346.2,128.9,75.0,1.99,14.24,1.052,91.79,0.765,0.0,0.474,0.0,0.0,57.62,1,0.415,cooling,0.47,none,59.0
1980,HIGH_ALTITUDE,24907.6,-32.2,0.906,0.712,5155.8,32.9,17.8,688.5,194.8,62.9,4.11,26.46,1.828,23.08,0.601,0.201,0.0,0.0,0.201,47.69,1,0.393,combustion,0.4,none,44.9
1981,ISR,8139.6,0.9,0.594,0.553,3769.4,65.7,26.0,428.2,151.9,74.9,2.48,16.96,1.252,67.77,0.765,0.0,0.663,0.0,0.0,52.99,1,0.614,cooling,0.66,none,55.76
1982,LOITER,6129.3,7.4,0.54,0.512,3503.8,67.9,24.8,388.5,132.0,77.5,2.21,16.21,1.181,87.48,0.765,0.0,0.0,0.0,0.0,80.04,0,0.239,healthy,0.0,none,95.44
1983,DESERT_PATROL,9284.9,18.6,0.571,0.525,3660.9,58.6,22.4,432.6,146.8,84.9,2.16,16.16,1.253,70.45,0.765,0.0,0.0,0.0,0.0,73.85,0,0.249,healthy,0.0,none,82.18
1984,LOITER,7671.9,-0.7,0.43,0.401,2779.0,41.7,12.1,376.8,122.8,67.1,1.78,21.43,2.737,97.18,0.484,0.367,0.0,0.0,0.367,37.75,1,0.651,combustion,0.73,none,36.66
1985,DESERT_PATROL,11266.0,7.7,0.548,0.495,3322.8,35.9,12.5,504.4,161.7,76.9,2.1,26.75,3.378,57.14,0.463,0.4,0.0,0.0,0.4,34.68,1,0.691,combustion,0.8,none,32.11
1986,HIGH_ALTITUDE,22671.8,-33.1,0.945,0.761,5156.0,27.5,14.8,752.2,216.9,64.4,4.03,41.22,3.197,5.33,0.434,0.448,0.0,0.0,0.448,21.17,1,0.822,combustion,0.9,none,19.2
1987,DESERT_PATROL,15193.5,0.6,0.669,0.582,3881.1,31.7,12.8,567.9,178.1,75.9,2.54,32.0,3.667,42.3,0.444,0.43,0.0,0.0,0.43,30.74,1,0.733,combustion,0.86,none,19.38
1988,LOITER,6840.4,-1.4,0.478,0.45,2863.6,59.0,17.6,330.7,110.7,69.7,1.85,17.59,2.48,108.46,0.614,0.0,0.0,0.0,0.659,44.19,1,0.576,mechanical,0.66,none,38.87
1989,ISR,8993.3,-6.0,0.512,0.473,3354.5,63.1,22.3,354.8,116.3,67.8,2.34,14.55,1.114,104.25,0.765,0.0,0.0,0.0,0.0,85.72,0,0.163,healthy,0.0,none,98.93
1990,TRANSIT,8587.1,2.1,0.763,0.707,4610.0,67.5,32.6,558.9,178.7,83.0,2.96,22.13,1.063,42.05,0.765,0.0,0.0,0.0,0.0,78.94,0,0.21,healthy,0.0,none,87.71
1991,DESERT_PATROL,12448.7,8.9,0.713,0.637,4093.7,35.0,15.0,630.0,199.3,84.2,2.53,30.54,3.529,21.32,0.448,0.424,0.0,0.0,0.424,22.35,1,0.74,combustion,0.85,none,21.22
1992,HIGH_ALTITUDE,19103.1,-21.6,0.826,0.691,4929.3,49.2,25.2,583.6,175.0,68.2,3.67,20.0,0.897,45.15,0.765,0.0,0.0,0.0,0.0,85.76,0,0.221,healthy,0.0,none,97.42
1993,HIGH_ALTITUDE,18415.5,-20.2,0.777,0.655,4277.9,44.9,20.0,549.8,165.0,67.7,3.11,23.1,2.691,55.13,0.628,0.0,0.0,0.0,0.597,45.64,1,0.574,mechanical,0.6,none,49.95
1994,LOITER,6147.8,4.3,0.532,0.504,3442.5,68.3,24.7,374.8,126.9,75.8,2.23,15.82,1.14,91.83,0.765,0.0,0.0,0.0,0.0,87.33,0,0.093,healthy,0.0,none,101.49
1995,ISR,11708.4,-5.0,0.505,0.454,2929.8,48.8,15.0,352.7,114.1,67.3,1.92,17.96,2.896,104.61,0.583,0.0,0.0,0.0,0.793,39.23,1,0.679,mechanical,0.79,none,35.82
1996,LOITER,5198.3,4.0,0.597,0.57,3591.8,50.5,19.0,503.3,163.6,77.6,2.31,29.48,3.023,58.71,0.505,0.336,0.0,0.0,0.336,36.0,1,0.695,combustion,0.67,none,29.89
1997,LOITER,7576.4,4.5,0.455,0.426,3075.2,62.2,20.1,322.9,111.6,72.2,1.94,13.17,0.974,108.26,0.765,0.0,0.0,0.0,0.0,81.69,0,0.045,healthy,0.0,none,88.78
1998,ISR,15825.3,-20.3,0.71,0.613,4061.1,32.4,13.8,594.3,174.1,65.7,3.03,29.58,3.855,44.66,0.423,0.466,0.0,0.0,0.466,31.99,1,0.841,combustion,0.93,none,31.62
1999,ISR,11960.0,-12.0,0.841,0.755,4369.1,54.6,25.1,599.2,183.1,76.2,2.94,30.59,3.163,35.65,0.578,0.0,0.0,0.0,0.815,33.54,1,0.772,mechanical,0.81,none,32.47
2000,HIGH_ALTITUDE,16295.8,-11.1,0.728,0.626,4441.7,51.8,24.1,521.7,161.5,71.6,3.15,18.35,1.153,58.96,0.765,0.0,0.0,0.0,0.0,88.78,0,0.208,healthy,0.0,none,101.23
2001,DESERT_PATROL,11822.0,6.3,0.693,0.622,4277.2,57.6,25.7,511.2,165.9,80.9,2.72,18.7,1.217,53.11,0.765,0.0,0.0,0.0,0.0,84.37,0,0.178,healthy,0.0,none,98.95
2002,DESERT_PATROL,1294.1,32.0,0.58,0.573,3719.8,75.8,29.3,444.2,162.9,95.4,2.03,18.54,1.242,59.23,0.765,0.0,0.0,0.0,0.0,85.59,0,0.068,healthy,0.0,none,94.71
2003,DESERT_PATROL,12008.9,6.1,0.771,0.692,4645.7,58.3,28.3,564.2,184.7,84.4,2.92,20.78,1.03,35.81,0.765,0.0,0.0,0.0,0.0,70.37,0,0.234,sensor,0.22,spike,76.92
2004,LOITER,3831.8,5.7,0.43,0.415,2953.0,70.3,21.7,303.3,105.8,71.7,1.85,13.33,0.902,113.69,0.765,0.0,0.0,0.0,0.0,85.61,0,0.102,healthy,0.0,none,100.96
2005,HIGH_ALTITUDE,18347.0,-25.1,0.716,0.604,4403.3,50.2,22.9,493.9,148.5,62.0,3.41,17.66,1.138,73.05,0.765,0.0,0.0,0.0,0.0,88.32,0,0.24,healthy,0.0,none,104.5
2006,TRANSIT,13465.8,-10.0,0.535,0.473,3454.5,54.3,19.8,373.7,119.9,65.2,2.48,14.38,1.19,101.85,0.765,0.0,0.0,0.0,0.0,85.24,0,0.196,healthy,0.0,none,95.16
2007,ISR,7376.5,-4.6,0.562,0.526,3163.7,58.5,19.2,393.0,127.9,71.1,2.07,21.6,3.141,92.55,0.574,0.0,0.0,0.0,0.83,37.45,1,0.757,mechanical,0.83,none,39.87
2008,TRANSIT,10641.0,-0.7,0.554,0.504,3580.0,59.1,22.0,391.2,129.4,78.1,2.01,15.26,1.247,90.06,0.765,0.0,0.0,0.249,0.0,70.09,0,0.164,lubrication,0.25,none,81.23
2009,HIGH_ALTITUDE,15429.1,-14.2,0.88,0.764,5185.0,44.1,24.0,681.1,203.8,76.1,3.7,31.62,0.758,15.07,0.602,0.609,0.0,0.0,0.0,45.36,1,0.539,injector,0.61,none,40.52
2010,HIGH_ALTITUDE,24742.7,-40.4,0.907,0.715,4602.5,35.6,17.1,636.8,177.5,57.7,3.64,27.49,3.466,41.65,0.553,0.0,0.0,0.0,0.923,38.2,1,0.79,mechanical,0.92,none,35.07
2011,HIGH_ALTITUDE,21299.1,-29.0,0.838,0.685,4877.5,38.9,19.8,617.7,179.1,63.8,3.76,24.25,1.805,40.62,0.626,0.168,0.0,0.0,0.168,59.04,1,0.292,combustion,0.34,none,63.57
2012,ISR,9019.2,2.3,0.811,0.748,4831.8,67.0,34.2,592.6,189.1,85.2,3.13,22.89,0.921,31.09,0.765,0.0,0.0,0.0,0.0,81.98,0,0.095,healthy,0.0,none,93.0
2013,TRANSIT,4201.7,5.2,0.827,0.797,4803.0,65.5,32.9,626.1,204.1,88.6,2.98,30.91,1.952,15.89,0.61,0.189,0.0,0.0,0.189,41.58,1,0.309,combustion,0.38,none,40.27
2014,LOITER,3426.2,5.8,0.463,0.449,2949.6,51.5,15.9,391.2,132.5,72.7,1.85,22.78,2.72,87.58,0.516,0.32,0.0,0.0,0.32,39.92,1,0.547,combustion,0.64,none,40.9
2015,ISR,15399.8,-17.0,0.769,0.667,4121.5,48.4,20.9,537.3,166.1,69.9,2.91,25.7,3.175,54.97,0.59,0.0,0.0,0.0,0.762,41.0,1,0.622,mechanical,0.76,none,36.03
2016,ISR,8577.4,1.2,0.799,0.74,4786.3,48.2,24.3,638.8,202.9,83.7,3.12,27.15,0.936,17.32,0.541,0.838,0.0,0.0,0.0,39.9,1,0.72,injector,0.84,none,41.96
2017,TRANSIT,1889.1,17.0,0.618,0.608,3521.6,71.2,26.3,449.2,156.5,87.8,2.05,24.16,2.668,63.4,0.627,0.0,0.0,0.0,0.603,43.65,1,0.522,mechanical,0.6,none,38.47
2018,ISR,3534.2,7.2,0.83,0.804,4919.3,81.3,41.9,593.6,193.6,90.4,3.0,25.85,0.868,24.89,0.765,0.0,0.0,0.0,0.0,78.46,0,0.213,healthy,0.0,none,91.56
2019,TRANSIT,3029.5,11.8,0.666,0.648,4128.8,78.4,33.8,484.1,165.8,86.6,2.5,20.79,1.281,57.01,0.765,0.0,0.0,0.0,0.0,77.15,0,0.07,healthy,0.0,none,86.05
2020,LOITER,5585.0,9.2,0.42,0.4,2879.7,64.6,19.7,302.8,115.9,73.4,1.82,12.5,0.865,103.73,0.765,0.0,0.503,0.0,0.0,57.39,1,0.46,cooling,0.5,none,63.08
2021,DESERT_PATROL,5136.6,26.7,0.675,0.645,4117.7,61.3,26.2,528.5,182.2,94.9,2.27,22.66,1.927,37.13,0.667,0.116,0.0,0.0,0.116,59.55,0,0.198,combustion,0.23,none,58.56
2022,LOITER,7134.9,-2.4,0.402,0.377,2813.9,62.8,18.4,278.1,93.9,71.9,1.43,12.01,0.826,126.01,0.765,0.0,0.0,0.331,0.0,64.21,1,0.395,lubrication,0.33,none,69.97
2023,DESERT_PATROL,13618.2,12.1,0.621,0.549,3727.5,38.3,15.0,529.8,173.4,81.5,2.33,21.94,2.73,46.42,0.545,0.278,0.0,0.0,0.278,38.57,1,0.619,combustion,0.56,none,36.78
2024,TRANSIT,2277.5,8.3,0.709,0.695,4350.7,82.6,37.8,506.3,168.4,100.3,1.51,22.45,1.202,50.78,0.765,0.0,0.0,0.679,0.0,54.02,1,0.539,lubrication,0.68,none,49.56
2025,ISR,6053.9,3.5,0.778,0.738,4682.9,56.4,27.8,611.2,194.2,85.5,2.97,34.51,0.997,24.09,0.581,0.685,0.0,0.0,0.0,44.95,1,0.555,injector,0.69,none,46.91
2026,ISR,15646.2,-16.7,0.585,0.506,3712.2,52.1,20.5,405.8,123.9,81.5,1.25,15.0,1.279,95.92,0.765,0.0,0.0,0.92,0.0,50.1,1,0.728,lubrication,0.92,none,49.04
2027,LOITER,5249.8,10.4,0.431,0.412,2967.4,65.6,20.4,309.7,110.2,75.1,1.85,13.16,0.892,109.01,0.765,0.0,0.0,0.0,0.0,81.69,0,0.063,healthy,0.0,none,94.35
2028,HIGH_ALTITUDE,24491.1,-31.1,0.782,0.618,4713.5,40.3,19.9,548.5,158.0,58.9,3.73,17.17,0.969,62.12,0.765,0.0,0.0,0.0,0.0,81.98,0,0.081,healthy,0.0,none,93.96
2029,HIGH_ALTITUDE,24203.3,-35.0,0.942,0.747,5524.7,42.7,24.8,673.4,192.5,76.7,2.58,20.67,0.713,29.28,0.765,0.0,0.0,0.681,0.0,47.05,1,0.592,lubrication,0.68,none,48.91
2030,ISR,9492.9,-1.8,0.592,0.544,3735.8,50.3,19.7,466.9,149.5,73.8,2.57,23.54,1.268,71.07,0.611,0.575,0.0,0.0,0.0,52.41,1,0.573,injector,0.57,none,53.62
2031,TRANSIT,13156.4,-14.7,0.605,0.537,3815.9,57.5,22.8,422.6,128.3,65.5,2.79,16.13,1.27,90.13,0.765,0.0,0.0,0.0,0.0,86.08,0,0.035,healthy,0.0,none,101.3
2032,LOITER,3649.8,4.7,0.426,0.413,2785.3,48.4,14.1,360.2,121.8,70.9,1.73,21.43,2.845,98.54,0.495,0.351,0.0,0.0,0.351,36.73,1,0.706,combustion,0.7,none,33.46
2033,DESERT_PATROL,11071.8,17.7,0.583,0.528,3707.1,55.1,21.5,438.2,171.7,84.2,2.24,15.99,1.244,47.53,0.765,0.0,0.925,0.0,0.0,48.52,1,0.811,cooling,0.93,none,50.28
2034,DESERT_PATROL,6929.3,17.9,0.581,0.547,3463.3,39.7,14.3,513.8,172.8,85.5,2.03,32.53,3.611,47.33,0.439,0.438,0.0,0.0,0.438,31.95,1,0.778,combustion,0.88,none,28.83
2035,DESERT_PATROL,3864.5,32.3,0.682,0.659,4205.6,71.2,31.3,528.8,184.6,100.0,2.28,21.07,1.236,35.94,0.765,0.0,0.0,0.0,0.0,80.42,0,0.125,healthy,0.0,none,94.07
2036,LOITER,7091.3,-2.0,0.597,0.561,3788.0,69.2,27.5,417.8,138.3,74.1,2.57,17.41,1.314,82.51,0.765,0.0,0.0,0.0,0.0,84.23,0,0.228,healthy,0.0,none,96.84
2037,ISR,6023.1,-1.6,0.737,0.699,4500.0,75.0,34.9,521.6,168.2,81.3,2.95,22.15,1.122,51.6,0.765,0.0,0.0,0.0,0.0,74.62,0,0.215,sensor,0.24,spike,85.57
2038,HIGH_ALTITUDE,24113.8,-31.7,0.839,0.666,5001.9,41.5,21.7,594.0,170.7,67.2,3.26,18.53,0.849,49.8,0.765,0.0,0.0,0.293,0.0,71.34,0,0.253,lubrication,0.29,none,74.43
2039,HIGH_ALTITUDE,23361.9,-32.3,0.79,0.632,4757.3,42.6,21.2,551.0,157.8,59.0,3.85,17.99,0.981,61.51,0.765,0.0,0.0,0.0,0.0,86.21,0,0.141,healthy,0.0,none,99.93
2040,DESERT_PATROL,1464.7,35.0,0.597,0.59,3629.9,71.5,27.0,463.2,168.0,96.4,1.89,21.03,2.04,52.88,0.694,0.0,0.0,0.0,0.308,59.65,1,0.221,mechanical,0.31,none,57.81
2041,TRANSIT,5432.1,4.2,0.725,0.691,4431.0,74.8,34.7,515.7,169.5,83.7,2.86,21.98,1.189,49.78,0.765,0.0,0.0,0.0,0.0,87.24,0,0.102,healthy,0.0,none,98.53
2042,HIGH_ALTITUDE,16889.3,-20.4,0.739,0.632,4473.5,52.6,24.7,526.2,158.2,75.6,2.42,18.58,1.121,64.11,0.765,0.0,0.0,0.46,0.0,57.84,1,0.35,lubrication,0.46,none,58.75
2043,TRANSIT,11487.1,-7.9,0.598,0.539,3795.1,59.7,23.6,420.3,135.5,69.5,2.61,16.61,1.257,86.4,0.765,0.0,0.0,0.0,0.0,85.16,0,0.044,healthy,0.0,none,93.23
2044,DESERT_PATROL,7823.8,21.8,0.503,0.469,3319.9,59.5,20.8,378.4,136.3,102.2,0.85,14.76,1.075,82.97,0.765,0.0,0.0,0.938,0.0,50.13,1,0.868,lubrication,0.94,none,44.99
2045,TRANSIT,4834.7,4.1,0.662,0.635,4104.1,75.3,32.4,464.5,155.1,80.8,2.69,20.13,1.254,63.68,0.765,0.0,0.0,0.0,0.0,62.83,1,0.351,sensor,0.38,freeze,65.01
2046,HIGH_ALTITUDE,19866.1,-24.1,0.94,0.78,5483.3,34.7,20.0,733.9,216.5,71.3,4.22,36.8,0.692,4.07,0.541,0.837,0.0,0.0,0.0,39.22,1,0.734,injector,0.84,none,32.52
2047,TRANSIT,14725.7,-11.5,0.606,0.53,3806.9,53.4,21.5,425.4,132.7,66.3,2.71,15.72,1.296,86.84,0.765,0.0,0.0,0.0,0.0,84.06,0,0.164,healthy,0.0,none,98.72
2048,TRANSIT,8766.8,-3.8,0.73,0.675,4463.5,68.0,31.5,519.1,165.0,78.0,3.02,21.08,1.146,54.21,0.765,0.0,0.0,0.0,0.0,87.41,0,0.192,healthy,0.0,none,100.78
2049,LOITER,5451.0,0.7,0.449,0.428,3050.7,68.2,21.9,314.8,106.3,69.5,2.0,13.49,0.935,113.23,0.765,0.0,0.0,0.0,0.0,58.07,1,0.693,sensor,0.77,freeze,61.25
2050,HIGH_ALTITUDE,23391.7,-29.3,0.89,0.711,5281.3,42.8,23.5,629.0,184.6,83.5,1.82,19.98,0.749,36.49,0.765,0.0,0.0,0.955,0.0,44.93,1,0.894,lubrication,0.95,none,35.15
2051,HIGH_ALTITUDE,21055.0,-30.3,0.782,0.641,4735.6,46.5,23.0,543.8,157.2,60.2,3.8,18.24,1.043,62.04,0.765,0.0,0.0,0.0,0.0,65.91,1,0.444,sensor,0.48,drift,72.93
2052,ISR,12441.4,-13.5,0.542,0.484,3512.7,57.5,21.1,377.5,115.0,78.7,1.38,14.62,1.206,103.25,0.765,0.0,0.0,0.747,0.0,52.52,1,0.646,lubrication,0.75,none,53.4
2053,HIGH_ALTITUDE,21180.5,-29.0,0.723,0.592,4414.1,45.4,21.1,494.6,146.1,74.8,1.88,17.15,1.2,74.29,0.765,0.0,0.0,0.765,0.0,51.81,1,0.71,lubrication,0.77,none,51.54
2054,ISR,6104.2,8.9,0.501,0.475,3303.8,66.4,23.1,364.7,126.5,92.9,1.06,14.93,1.108,94.88,0.765,0.0,0.0,0.795,0.0,51.77,1,0.765,lubrication,0.79,none,49.78
2055,LOITER,6509.7,-2.6,0.409,0.386,2858.6,58.8,17.5,296.8,100.0,65.4,1.85,14.15,0.854,119.37,0.696,0.257,0.0,0.0,0.0,70.52,0,0.174,injector,0.26,none,75.72
2056,DESERT_PATROL,2162.2,29.5,0.75,0.736,4548.1,77.9,37.0,558.7,199.0,101.5,2.43,23.57,1.092,24.0,0.765,0.0,0.0,0.0,0.0,75.51,0,0.232,healthy,0.0,none,83.34
2057,LOITER,6114.7,-1.7,0.489,0.463,3020.1,41.2,13.0,429.0,140.5,69.9,1.97,23.58,3.328,81.58,0.429,0.456,0.0,0.0,0.456,33.1,1,0.733,combustion,0.91,none,27.43
2058,DESERT_PATROL,6819.0,30.0,0.676,0.637,4189.9,64.1,28.1,524.2,182.9,97.1,2.33,20.01,1.29,38.08,0.765,0.0,0.0,0.0,0.0,74.22,0,0.021,healthy,0.0,none,77.68
2059,DESERT_PATROL,11225.5,9.2,0.663,0.599,3987.3,47.5,19.7,528.3,171.2,82.7,2.54,24.0,2.415,47.83,0.61,0.189,0.0,0.0,0.189,48.32,1,0.367,combustion,0.38,none,48.46
2060,DESERT_PATROL,4628.0,19.4,0.651,0.625,3876.2,67.7,27.2,487.4,166.9,89.8,2.22,21.83,2.133,53.36,0.685,0.0,0.0,0.0,0.348,55.67,1,0.284,mechanical,0.35,none,52.79
2061,DESERT_PATROL,15289.0,3.9,0.821,0.713,4635.8,49.2,24.1,622.1,194.0,84.6,2.98,23.81,1.908,25.65,0.684,0.0,0.0,0.0,0.354,49.05,1,0.311,mechanical,0.35,none,48.33
2062,TRANSIT,7685.9,-1.5,0.786,0.735,4378.9,40.7,18.7,640.8,200.3,82.4,2.85,39.13,3.937,19.38,0.405,0.496,0.0,0.0,0.496,18.94,1,0.991,combustion,0.99,none,9.63
2063,HIGH_ALTITUDE,15914.3,-16.7,0.836,0.722,4990.3,55.1,28.8,596.9,179.2,72.6,3.64,21.54,0.856,39.6,0.765,0.0,0.0,0.0,0.0,89.82,0,0.064,healthy,0.0,none,101.74
2064,LOITER,7890.0,-1.4,0.502,0.468,3309.0,64.4,22.5,352.5,116.7,70.6,2.18,14.68,1.101,102.82,0.765,0.0,0.0,0.0,0.0,86.07,0,0.208,healthy,0.0,none,102.39
2065,HIGH_ALTITUDE,17563.4,-18.4,0.714,0.607,4074.1,30.5,13.0,595.9,174.6,66.4,2.93,34.22,3.66,44.13,0.43,0.453,0.0,0.0,0.453,31.28,1,0.874,combustion,0.91,none,21.18
2066,DESERT_PATROL,4362.0,25.7,0.537,0.517,3490.5,68.0,25.1,412.8,146.6,88.9,1.99,16.44,1.222,73.06,0.765,0.0,0.0,0.0,0.0,83.87,0,0.227,healthy,0.0,none,98.54
2067,ISR,6559.9,6.6,0.593,0.559,3772.3,68.3,26.8,428.0,143.9,79.2,2.4,17.05,1.323,76.41,0.765,0.0,0.0,0.0,0.0,83.91,0,0.092,healthy,0.0,none,98.61
2068,DESERT_PATROL,9122.1,15.2,0.817,0.753,4882.5,63.8,32.8,606.1,201.6,93.0,2.87,23.29,0.897,18.73,0.765,0.0,0.0,0.0,0.0,67.23,0,0.077,healthy,0.0,none,72.12
2069,ISR,1137.6,15.7,0.767,0.759,3939.0,70.3,29.0,559.0,186.8,93.2,2.2,34.96,3.757,32.36,0.539,0.0,0.0,0.0,0.986,29.24,1,0.779,mechanical,0.99,none,21.52
2070,HIGH_ALTITUDE,15333.8,-16.9,0.879,0.764,5209.1,56.9,31.1,633.2,187.3,73.7,3.78,22.96,0.721,30.14,0.765,0.0,0.0,0.0,0.0,73.02,0,0.188,healthy,0.0,none,79.86
2071,TRANSIT,4532.7,5.6,0.778,0.747,4675.6,77.9,38.6,565.0,182.6,87.1,2.9,23.94,1.032,37.21,0.765,0.0,0.0,0.0,0.0,83.0,0,0.181,healthy,0.0,none,91.57
2072,LOITER,5445.0,5.3,0.462,0.44,3109.9,67.5,21.9,335.3,114.5,73.2,1.97,13.75,0.953,106.56,0.765,0.0,0.0,0.0,0.0,72.11,0,0.185,sensor,0.27,noise,80.95
2073,DESERT_PATROL,5982.7,25.9,0.793,0.752,4771.2,69.0,34.5,596.5,203.7,99.3,2.63,23.53,0.976,16.13,0.765,0.0,0.0,0.0,0.0,69.67,0,0.236,healthy,0.0,none,74.19
2074,ISR,8705.1,-4.0,0.706,0.653,4349.8,67.8,30.8,499.3,159.1,77.3,2.93,20.29,1.179,59.76,0.765,0.0,0.0,0.0,0.0,85.17,0,0.119,healthy,0.0,none,99.42
2075,LOITER,5456.7,5.8,0.556,0.53,3586.1,65.3,24.6,411.7,141.7,77.9,2.31,18.68,1.207,80.94,0.708,0.211,0.0,0.0,0.0,71.33,0,0.254,injector,0.21,none,76.61
2076,LOITER,7079.6,6.7,0.449,0.422,3034.5,62.7,20.1,321.7,112.3,73.1,1.92,13.3,0.927,107.85,0.765,0.0,0.0,0.0,0.0,83.2,0,0.179,healthy,0.0,none,91.94
2077,HIGH_ALTITUDE,19914.5,-24.5,0.789,0.654,4751.7,47.7,23.7,560.1,167.6,64.5,3.58,18.53,0.978,51.91,0.765,0.0,0.254,0.0,0.0,74.93,0,0.297,cooling,0.25,none,81.62
2078,DESERT_PATROL,6306.1,22.8,0.759,0.718,4582.1,68.4,32.8,577.8,195.0,95.4,2.58,22.64,1.057,26.15,0.765,0.0,0.0,0.0,0.0,75.65,0,0.115,healthy,0.0,none,83.49
2079,LOITER,4482.2,8.6,0.554,0.533,3582.9,72.3,26.9,401.8,135.6,79.3,2.25,16.81,1.22,83.73,0.765,0.0,0.0,0.0,0.0,55.1,1,0.825,sensor,0.92,noise,52.29
2080,ISR,15132.2,-13.1,0.653,0.568,4081.8,53.6,22.8,457.2,151.9,68.0,2.98,16.73,1.285,67.45,0.765,0.0,0.57,0.0,0.0,55.56,1,0.595,cooling,0.57,none,56.94
2081,LOITER,4295.0,2.7,0.58,0.559,3706.0,75.1,29.0,406.6,136.4,76.7,2.38,17.5,1.293,83.08,0.765,0.0,0.0,0.0,0.0,80.39,0,0.109,healthy,0.0,none,91.52
2082,HIGH_ALTITUDE,22016.6,-25.6,0.892,0.723,5288.8,44.7,24.6,633.6,189.9,67.5,4.01,20.12,0.744,33.21,0.765,0.0,0.0,0.0,0.0,87.73,0,0.114,healthy,0.0,none,100.68
2083,HIGH_ALTITUDE,17708.4,-19.7,0.761,0.645,4601.5,51.0,24.6,531.6,161.0,67.4,3.43,18.81,1.032,58.52,0.765,0.0,0.0,0.0,0.0,83.16,0,0.135,healthy,0.0,none,90.78
2084,HIGH_ALTITUDE,23224.2,-28.2,0.731,0.585,4466.3,41.5,19.2,506.9,148.2,60.1,3.5,16.43,1.162,71.44,0.765,0.0,0.0,0.0,0.0,87.36,0,0.17,healthy,0.0,none,98.02
2085,ISR,2275.4,10.0,0.508,0.498,2970.1,66.7,20.7,364.2,123.8,78.3,1.75,20.94,2.841,93.25,0.592,0.0,0.0,0.0,0.755,39.72,1,0.694,mechanical,0.76,none,37.19
2086,DESERT_PATROL,6800.4,13.4,0.781,0.735,4726.1,69.7,34.4,574.5,193.4,91.3,2.83,22.97,1.033,29.05,0.765,0.0,0.0,0.0,0.0,76.23,0,0.122,healthy,0.0,none,82.87
2087,LOITER,6411.4,3.6,0.427,0.404,2936.9,64.2,19.8,300.2,119.0,70.8,1.9,12.69,0.847,101.51,0.765,0.0,0.715,0.0,0.0,54.57,1,0.614,cooling,0.72,none,55.07
2088,DESERT_PATROL,7292.5,14.7,0.542,0.509,3511.3,57.0,21.1,419.8,145.9,82.6,2.15,16.75,1.259,74.5,0.688,0.286,0.0,0.0,0.0,65.74,0,0.258,injector,0.29,none,68.52
2089,DESERT_PATROL,2943.8,33.7,0.501,0.488,3306.0,68.6,23.6,391.5,146.9,92.8,1.73,15.56,1.094,74.6,0.765,0.0,0.0,0.0,0.0,86.68,0,0.112,healthy,0.0,none,101.88
2090,LOITER,6708.7,3.8,0.473,0.445,3158.8,56.9,18.8,361.5,122.3,72.1,2.02,14.84,1.02,97.69,0.668,0.362,0.0,0.0,0.0,61.91,1,0.3,injector,0.36,none,59.42
2091,DESERT_PATROL,1065.6,32.4,0.84,0.832,4740.5,57.5,28.9,690.1,234.4,107.5,2.35,43.27,2.778,-14.71,0.511,0.327,0.0,0.0,0.327,19.37,1,0.543,combustion,0.65,none,16.77
2092,HIGH_ALTITUDE,15603.5,-15.7,0.723,0.627,4408.1,54.2,24.9,512.9,156.9,68.7,3.19,18.65,1.168,63.96,0.765,0.0,0.0,0.0,0.0,76.92,0,0.171,healthy,0.0,none,91.78
2093,ISR,3831.1,1.5,0.644,0.623,4000.2,62.2,26.2,498.7,163.4,79.4,2.65,28.05,1.31,58.06,0.607,0.59,0.0,0.0,0.0,53.03,1,0.497,injector,0.59,none,54.12
2094,ISR,2488.9,9.7,0.798,0.781,4779.4,83.2,41.7,571.2,191.9,99.0,2.14,25.16,0.945,29.96,0.765,0.0,0.0,0.372,0.0,54.46,1,0.295,lubrication,0.37,none,55.3
2095,TRANSIT,13693.7,-12.4,0.582,0.514,3727.8,55.4,21.7,404.4,127.1,65.8,2.64,15.44,1.3,93.1,0.765,0.0,0.0,0.0,0.0,86.2,0,0.09,healthy,0.0,none,99.27
2096,LOITER,7770.6,3.9,0.466,0.435,3115.2,62.3,20.2,331.2,114.4,72.0,2.04,13.4,0.981,106.45,0.765,0.0,0.0,0.0,0.0,78.88,0,0.136,healthy,0.0,none,86.7
2097,LOITER,7857.9,-2.5,0.485,0.452,2951.5,58.7,18.3,340.6,113.7,68.9,1.91,16.78,2.299,107.54,0.644,0.0,0.0,0.0,0.527,47.62,1,0.447,mechanical,0.53,none,46.29
2098,DESERT_PATROL,7959.2,19.9,0.597,0.556,3777.5,61.9,24.5,446.6,156.0,86.1,2.3,17.32,1.31,63.95,0.765,0.0,0.0,0.0,0.0,69.27,0,0.27,sensor,0.26,noise,74.93
2099,TRANSIT,6816.1,4.7,0.662,0.624,4129.8,69.7,29.9,472.1,171.5,81.0,2.65,19.42,1.276,48.95,0.765,0.0,0.701,0.0,0.0,53.12,1,0.584,cooling,0.7,none,55.48
2100,HIGH_ALTITUDE,21002.2,-31.1,0.767,0.629,4643.4,46.6,22.6,530.9,153.2,60.3,3.63,17.77,1.044,66.15,0.765,0.0,0.0,0.0,0.0,89.21,0,0.237,healthy,0.0,none,99.31
2101,LOITER,3629.7,11.4,0.438,0.424,2995.0,69.7,21.9,315.3,113.3,76.1,1.87,13.59,0.898,107.14,0.765,0.0,0.0,0.0,0.0,81.12,0,0.06,healthy,0.0,none,91.55
2102,TRANSIT,2653.7,12.2,0.594,0.581,3684.6,64.7,24.9,465.7,156.8,83.7,2.27,22.42,2.237,63.49,0.622,0.174,0.0,0.0,0.174,53.38,1,0.285,combustion,0.35,none,53.47
2103,DESERT_PATROL,4498.9,28.8,0.725,0.697,4437.1,71.2,33.0,552.3,191.0,106.2,1.76,22.11,1.163,29.18,0.765,0.0,0.0,0.399,0.0,51.43,1,0.269,lubrication,0.4,none,51.98
2104,ISR,12881.6,-7.2,0.758,0.674,4574.4,59.0,28.4,545.3,169.4,75.8,3.2,20.17,1.092,49.73,0.765,0.0,0.0,0.0,0.0,64.28,1,0.344,sensor,0.41,drift,64.13
2105,HIGH_ALTITUDE,21886.4,-29.6,0.811,0.659,4860.2,30.5,15.5,644.3,185.8,62.4,3.84,22.68,0.922,35.54,0.518,0.923,0.0,0.0,0.0,49.47,1,0.728,injector,0.92,none,49.96
2106,DESERT_PATROL,3852.3,31.2,0.737,0.713,4487.7,72.5,34.2,567.0,214.7,100.2,2.41,22.69,1.085,6.2,0.765,0.0,0.865,0.0,0.0,33.44,1,0.821,cooling,0.87,none,34.77
2107,TRANSIT,3658.2,4.0,0.614,0.595,3891.2,77.5,31.9,438.2,145.0,79.3,2.56,19.16,1.304,74.78,0.765,0.0,0.0,0.0,0.0,84.23,0,0.219,healthy,0.0,none,96.49
2108,LOITER,6811.0,1.4,0.591,0.556,3759.7,68.9,27.2,415.8,137.2,75.8,2.48,17.47,1.246,81.21,0.765,0.0,0.0,0.0,0.0,67.5,0,0.281,sensor,0.3,noise,68.13
2109,HIGH_ALTITUDE,20335.9,-23.1,0.784,0.647,4728.8,46.6,23.2,558.0,163.9,65.0,3.66,18.73,0.998,55.61,0.765,0.0,0.0,0.0,0.0,85.26,0,0.124,healthy,0.0,none,96.06
2110,DESERT_PATROL,12296.3,8.3,0.837,0.749,4974.2,58.0,30.2,616.8,200.6,89.0,3.14,22.66,0.866,19.22,0.765,0.0,0.0,0.0,0.0,76.5,0,0.134,healthy,0.0,none,86.36
2111,TRANSIT,11707.1,-10.5,0.806,0.725,4246.4,54.8,24.3,570.0,176.2,77.1,2.9,28.75,3.297,42.19,0.586,0.0,0.0,0.0,0.781,35.55,1,0.839,mechanical,0.78,none,25.51
2112,LOITER,7185.3,-1.1,0.547,0.514,3557.8,67.4,24.9,383.6,129.4,86.8,1.36,16.23,1.213,92.81,0.765,0.0,0.0,0.703,0.0,52.52,1,0.666,lubrication,0.7,none,52.33
2113,ISR,11784.6,-6.8,0.55,0.494,3539.2,57.7,21.3,384.6,124.0,68.7,2.48,15.3,1.166,96.02,0.765,0.0,0.0,0.0,0.0,82.84,0,0.119,healthy,0.0,none,92.95
2114,ISR,3263.2,10.6,0.544,0.529,3534.7,74.8,27.5,390.7,133.9,80.0,2.16,16.74,1.254,84.66,0.765,0.0,0.0,0.0,0.0,65.73,0,0.06,healthy,0.0,none,71.83
2115,HIGH_ALTITUDE,19945.0,-20.8,0.948,0.786,5537.7,48.3,27.9,681.1,201.9,72.8,4.09,22.89,0.714,16.89,0.765,0.0,0.0,0.0,0.0,81.57,0,0.111,healthy,0.0,none,94.5
2116,DESERT_PATROL,7248.0,18.2,0.614,0.576,3877.0,64.4,26.4,457.3,158.6,100.7,1.32,18.08,1.276,61.62,0.765,0.0,0.0,0.679,0.0,52.04,1,0.681,lubrication,0.68,none,54.0
2117,ISR,7322.9,0.8,0.782,0.733,4719.6,71.5,35.1,562.6,181.5,83.2,3.09,22.88,0.977,39.28,0.765,0.0,0.0,0.0,0.0,72.56,0,0.104,healthy,0.0,none,79.44
2118,HIGH_ALTITUDE,24514.1,-25.4,0.738,0.583,4467.4,38.9,18.0,528.1,153.8,61.5,3.57,16.23,1.11,67.37,0.765,0.0,0.0,0.0,0.0,85.04,0,0.195,healthy,0.0,none,96.97
2119,ISR,15957.2,-15.5,0.591,0.51,3773.8,51.3,20.0,406.9,126.4,63.5,2.76,15.23,1.243,93.46,0.765,0.0,0.0,0.0,0.0,86.41,0,0.226,healthy,0.0,none,104.25
2120,DESERT_PATROL,7577.0,22.1,0.755,0.706,4585.6,65.3,30.9,568.5,195.1,94.4,2.63,22.01,1.094,27.16,0.765,0.0,0.0,0.0,0.0,78.37,0,0.216,healthy,0.0,none,87.61
2121,TRANSIT,2928.3,9.9,0.635,0.619,3985.2,78.5,32.7,456.1,156.0,84.3,2.44,20.01,1.273,65.33,0.765,0.0,0.0,0.0,0.0,79.39,0,0.102,healthy,0.0,none,86.81
2122,DESERT_PATROL,1952.9,32.1,0.596,0.586,3772.8,74.5,29.6,458.7,164.0,95.3,2.06,18.81,1.265,55.38,0.765,0.0,0.0,0.0,0.0,57.11,1,0.591,sensor,0.61,noise,57.33
2123,HIGH_ALTITUDE,21445.3,-30.7,0.9,0.735,4708.3,41.2,20.3,639.6,183.9,64.2,3.54,26.92,2.742,35.61,0.6,0.0,0.0,0.0,0.72,39.71,1,0.666,mechanical,0.72,none,32.15
2124,TRANSIT,4221.7,8.3,0.707,0.681,4343.7,76.8,34.8,505.7,170.5,86.5,2.73,21.9,1.214,50.61,0.765,0.0,0.0,0.0,0.0,85.8,0,0.232,healthy,0.0,none,96.35
2125,DESERT_PATROL,5842.9,24.6,0.531,0.504,3458.8,64.4,23.4,400.1,144.2,86.8,1.99,15.91,1.16,74.99,0.765,0.0,0.0,0.0,0.0,76.55,0,0.035,healthy,0.0,none,87.99
2126,DESERT_PATROL,13199.3,8.2,0.577,0.512,3679.5,52.2,20.2,430.2,144.1,77.7,2.38,15.32,1.261,76.87,0.765,0.0,0.0,0.0,0.0,84.27,0,0.109,healthy,0.0,none,95.8
2127,ISR,9715.6,-2.5,0.6,0.55,3805.2,62.8,25.1,426.4,137.4,73.4,2.59,17.03,1.272,81.6,0.765,0.0,0.0,0.0,0.0,78.2,0,0.145,healthy,0.0,none,91.82
2128,ISR,1772.7,8.4,0.833,0.82,4956.3,86.4,44.5,593.9,194.3,91.8,2.98,26.12,0.849,23.97,0.765,0.0,0.0,0.0,0.0,72.0,0,0.228,healthy,0.0,none,81.8
2129,ISR,13131.1,-12.3,0.787,0.698,4736.3,59.9,29.9,558.8,172.7,74.3,3.38,20.76,1.013,47.56,0.765,0.0,0.0,0.0,0.0,87.72,0,0.112,healthy,0.0,none,101.4
2130,DESERT_PATROL,8499.8,18.7,0.7,0.649,4297.0,62.9,28.6,512.8,176.5,90.7,2.57,20.23,1.219,41.95,0.765,0.0,0.0,0.0,0.0,82.79,0,0.137,healthy,0.0,none,96.05
2131,LOITER,5841.8,-3.5,0.411,0.39,2850.1,66.6,20.0,283.0,114.2,65.0,1.88,12.23,0.83,104.91,0.765,0.0,0.918,0.0,0.0,51.15,1,0.834,cooling,0.92,none,50.17
2132,LOITER,5693.3,5.5,0.575,0.547,3676.3,70.4,27.3,411.4,136.3,77.3,2.36,17.15,1.257,81.44,0.765,0.0,0.0,0.0,0.0,84.27,0,0.125,healthy,0.0,none,95.99
2133,TRANSIT,7991.0,-1.4,0.661,0.615,4093.8,57.1,24.5,513.0,163.6,77.1,2.7,25.01,1.291,58.17,0.641,0.462,0.0,0.0,0.0,56.25,1,0.329,injector,0.46,none,50.27
2134,TRANSIT,6456.4,0.7,0.806,0.761,4822.9,74.2,37.6,573.4,184.1,85.3,3.13,23.85,0.938,34.46,0.765,0.0,0.0,0.0,0.0,75.36,0,0.136,healthy,0.0,none,81.33
2135,TRANSIT,4309.7,8.7,0.582,0.561,3721.3,73.5,28.6,421.2,142.5,92.1,1.48,17.94,1.251,77.54,0.765,0.0,0.0,0.594,0.0,54.26,1,0.529,lubrication,0.59,none,57.58
2136,TRANSIT,7600.5,-1.6,0.637,0.596,3779.3,48.1,19.3,497.4,156.4,75.2,2.5,26.17,3.134,61.48,0.509,0.329,0.0,0.0,0.329,37.1,1,0.598,combustion,0.66,none,32.52
2137,TRANSIT,11231.2,-3.7,0.716,0.647,4034.4,56.3,24.0,507.6,163.0,77.2,2.71,23.41,2.619,56.55,0.646,0.0,0.0,0.0,0.519,45.97,1,0.468,mechanical,0.52,none,38.98
2138,ISR,15632.4,-20.9,0.548,0.475,3556.9,52.2,19.2,367.6,112.4,58.7,2.65,13.96,1.208,107.55,0.765,0.0,0.0,0.0,0.0,87.3,0,0.037,healthy,0.0,none,102.73
2139,ISR,2855.4,8.1,0.726,0.708,4446.5,81.2,37.6,523.7,174.0,94.2,2.11,22.86,1.176,47.02,0.765,0.0,0.0,0.353,0.0,60.86,1,0.332,lubrication,0.35,none,59.54
2140,LOITER,5556.1,2.3,0.448,0.427,3040.3,67.5,21.8,312.1,106.6,70.1,1.97,13.57,0.939,112.19,0.765,0.0,0.0,0.0,0.0,86.71,0,0.225,healthy,0.0,none,102.59
2141,TRANSIT,7283.1,-0.1,0.73,0.684,4454.9,71.0,33.3,526.1,169.6,81.0,2.95,21.39,1.189,51.64,0.765,0.0,0.0,0.0,0.0,61.79,1,0.377,sensor,0.49,spike,57.69
2142,TRANSIT,11789.1,-9.6,0.692,0.622,4264.5,61.1,27.6,482.1,154.9,72.3,3.04,18.88,1.19,66.71,0.765,0.0,0.0,0.0,0.0,64.35,0,0.156,healthy,0.0,none,71.13
2143,LOITER,6072.2,6.4,0.438,0.415,2979.1,64.8,20.2,314.3,131.2,72.4,1.89,13.09,0.889,90.61,0.765,0.0,0.916,0.0,0.0,51.66,1,0.785,cooling,0.92,none,55.99
2144,LOITER,4008.1,8.2,0.411,0.397,2578.3,61.1,16.7,289.7,104.0,73.1,1.5,15.7,2.448,115.69,0.618,0.0,0.0,0.0,0.642,43.33,1,0.696,mechanical,0.64,none,38.56
2145,TRANSIT,14118.7,-11.0,0.518,0.455,3401.1,52.7,18.7,361.4,113.5,69.3,2.05,13.47,1.155,106.38,0.765,0.0,0.0,0.256,0.0,69.78,0,0.218,lubrication,0.26,none,71.62
2146,TRANSIT,14892.0,-18.5,0.7,0.611,4300.7,56.1,25.2,488.2,164.3,66.8,3.2,18.15,1.2,56.1,0.765,0.0,0.772,0.0,0.0,54.06,1,0.787,cooling,0.77,none,55.13
2147,LOITER,5223.3,2.8,0.586,0.56,3723.7,72.7,28.4,418.2,139.0,92.0,1.33,17.61,1.306,81.38,0.765,0.0,0.0,0.728,0.0,50.98,1,0.735,lubrication,0.73,none,45.65
2148,TRANSIT,13465.7,-13.5,0.668,0.591,4147.7,57.7,25.1,469.7,165.9,68.9,2.98,17.99,1.239,52.67,0.765,0.0,0.976,0.0,0.0,50.84,1,0.858,cooling,0.98,none,48.82
2149,LOITER,7231.0,1.9,0.491,0.461,3235.5,64.9,22.2,348.2,115.7,71.8,2.16,14.33,1.048,102.68,0.765,0.0,0.0,0.0,0.0,60.99,1,0.365,sensor,0.42,noise,61.29
2150,LOITER,7292.3,0.0,0.41,0.384,2846.4,62.2,18.5,286.8,97.1,67.2,1.87,11.89,0.864,122.12,0.765,0.0,0.0,0.0,0.0,58.04,1,0.696,sensor,0.79,noise,56.24
2151,DESERT_PATROL,12280.7,10.8,0.555,0.496,3581.9,53.2,20.0,411.9,139.5,78.8,2.28,14.9,1.198,79.98,0.765,0.0,0.0,0.0,0.0,85.78,0,0.129,healthy,0.0,none,101.11
2152,HIGH_ALTITUDE,22796.4,-26.9,0.935,0.752,5079.7,40.3,21.4,668.3,195.5,68.2,3.85,24.82,2.008,24.33,0.653,0.0,0.0,0.0,0.487,45.85,1,0.426,mechanical,0.49,none,46.05
2153,LOITER,3810.7,8.9,0.421,0.407,2899.0,69.1,21.2,303.6,107.6,73.5,1.82,12.83,0.886,112.92,0.765,0.0,0.0,0.0,0.0,58.65,1,0.635,sensor,0.8,spike,62.49
2154,DESERT_PATROL,12954.9,12.0,0.779,0.693,4711.4,55.1,27.0,586.8,193.1,88.1,2.88,20.87,1.037,28.68,0.765,0.0,0.0,0.0,0.0,50.75,1,0.71,sensor,0.85,freeze,56.26
2155,DESERT_PATROL,11113.2,6.0,0.74,0.67,4504.1,60.0,28.3,547.0,176.1,94.9,1.9,20.62,1.131,42.99,0.765,0.0,0.0,0.54,0.0,52.21,1,0.576,lubrication,0.54,none,47.48
2156,TRANSIT,2988.2,5.0,0.642,0.625,4009.9,79.9,33.7,458.1,154.0,81.5,2.54,19.87,1.288,68.04,0.765,0.0,0.0,0.0,0.0,84.69,0,0.225,healthy,0.0,none,92.05
2157,HIGH_ALTITUDE,20726.2,-17.4,0.925,0.761,5461.4,46.0,26.1,673.2,200.6,73.4,4.0,21.8,0.682,18.97,0.765,0.0,0.0,0.0,0.0,76.74,0,0.119,healthy,0.0,none,83.26
2158,HIGH_ALTITUDE,24907.1,-29.1,0.853,0.671,5059.0,39.8,21.0,606.2,174.6,62.6,3.97,18.59,0.789,44.3,0.765,0.0,0.0,0.0,0.0,92.72,0,0.029,healthy,0.0,none,106.09
2159,LOITER,4819.3,9.8,0.475,0.455,2959.0,41.3,12.8,444.7,147.5,76.6,1.81,28.21,3.42,74.44,0.43,0.454,0.0,0.0,0.454,33.03,1,0.744,combustion,0.91,none,29.95
2160,TRANSIT,14018.7,-9.7,0.736,0.647,4465.6,56.6,26.2,528.2,163.4,73.8,3.19,19.29,1.163,56.54,0.765,0.0,0.0,0.0,0.0,87.86,0,0.18,healthy,0.0,none,106.48
2161,TRANSIT,1278.7,11.0,0.834,0.825,4976.1,69.3,35.7,647.5,212.2,93.6,2.86,37.51,0.849,9.46,0.608,0.587,0.0,0.0,0.0,39.43,1,0.563,injector,0.59,none,38.91
2162,HIGH_ALTITUDE,24816.9,-35.6,0.936,0.737,5463.0,41.6,23.7,665.4,188.6,62.4,4.42,20.62,0.697,31.08,0.765,0.0,0.0,0.0,0.0,74.99,0,0.237,healthy,0.0,none,82.79
2163,HIGH_ALTITUDE,21870.9,-28.4,0.764,0.621,4629.4,44.4,21.4,535.9,155.3,60.5,3.66,17.71,1.074,64.39,0.765,0.0,0.0,0.0,0.0,62.99,1,0.652,sensor,0.66,drift,61.18
2164,DESERT_PATROL,6888.8,25.9,0.564,0.53,3537.5,53.6,19.8,468.9,161.9,89.4,2.02,19.13,2.004,58.08,0.641,0.149,0.0,0.0,0.149,58.66,0,0.285,combustion,0.3,none,59.59
2165,LOITER,6748.3,1.6,0.486,0.458,3228.3,66.0,22.3,347.1,122.8,71.7,2.15,14.26,1.106,98.09,0.765,0.0,0.366,0.0,0.0,62.63,1,0.242,cooling,0.37,none,66.24
2166,HIGH_ALTITUDE,23640.5,-32.5,0.782,0.624,4686.4,37.0,18.2,578.5,163.3,58.4,3.77,21.07,1.011,56.35,0.674,0.34,0.0,0.0,0.0,69.77,1,0.226,injector,0.34,none,76.44
2167,HIGH_ALTITUDE,19223.3,-27.5,0.822,0.686,4913.9,41.3,21.3,613.5,180.0,63.9,3.77,21.6,0.899,40.72,0.631,0.502,0.0,0.0,0.0,58.69,1,0.362,injector,0.5,none,56.33
2168,LOITER,5266.8,6.4,0.578,0.552,3680.9,64.8,25.2,440.1,144.6,78.8,2.36,20.35,1.251,74.66,0.694,0.265,0.0,0.0,0.0,67.33,0,0.253,injector,0.26,none,69.82
2169,DESERT_PATROL,15752.4,0.1,0.646,0.559,4042.8,49.7,21.0,472.9,151.7,85.5,1.91,16.66,1.302,67.86,0.765,0.0,0.0,0.456,0.0,56.82,1,0.318,lubrication,0.46,none,54.94
2170,ISR,14454.4,-16.9,0.602,0.527,3804.4,55.0,22.2,415.7,127.9,64.4,2.84,15.81,1.307,92.4,0.765,0.0,0.0,0.0,0.0,86.81,0,0.195,healthy,0.0,none,95.43
2171,TRANSIT,1366.5,12.8,0.846,0.836,5027.1,86.6,45.5,600.5,203.3,95.7,2.88,27.41,0.81,17.45,0.765,0.0,0.0,0.0,0.0,74.96,0,0.095,healthy,0.0,none,88.05
2172,TRANSIT,10114.6,-9.1,0.659,0.602,4112.7,64.6,27.6,457.7,146.1,71.9,2.88,18.55,1.303,74.18,0.765,0.0,0.0,0.0,0.0,58.27,1,0.613,sensor,0.66,spike,61.73
2173,HIGH_ALTITUDE,21114.3,-26.0,0.729,0.597,4441.4,35.2,16.4,564.2,161.8,61.4,3.44,24.98,1.206,57.46,0.599,0.62,0.0,0.0,0.0,55.52,1,0.643,injector,0.62,none,59.57
2174,DESERT_PATROL,12235.1,14.1,0.571,0.511,3655.3,53.0,20.3,428.0,146.6,81.4,2.24,15.51,1.256,73.54,0.765,0.0,0.0,0.0,0.0,84.01,0,0.157,healthy,0.0,none,98.35
2175,ISR,9343.6,-3.2,0.624,0.574,3915.7,64.4,26.2,444.7,143.5,74.4,2.67,17.68,1.316,77.06,0.765,0.0,0.0,0.0,0.0,72.25,0,0.037,healthy,0.0,none,82.38
2176,DESERT_PATROL,14457.4,3.3,0.602,0.528,3815.0,51.0,20.4,449.3,143.9,75.3,2.54,15.8,1.301,75.19,0.765,0.0,0.0,0.0,0.0,58.28,1,0.462,sensor,0.49,spike,51.95
2177,LOITER,7471.2,0.1,0.536,0.502,3464.9,66.1,24.2,378.6,124.7,72.1,2.3,15.71,1.235,94.19,0.765,0.0,0.0,0.0,0.0,81.83,0,0.235,healthy,0.0,none,92.88
2178,HIGH_ALTITUDE,17711.1,-24.1,0.836,0.709,4700.7,49.5,24.2,589.8,177.6,67.0,3.5,23.37,2.012,45.41,0.676,0.0,0.0,0.0,0.386,56.01,1,0.344,mechanical,0.39,none,56.09
2179,HIGH_ALTITUDE,16595.8,-17.8,0.922,0.791,5269.2,44.8,24.9,706.2,212.0,74.9,3.79,30.17,1.746,10.22,0.609,0.19,0.0,0.0,0.19,43.77,1,0.352,combustion,0.38,none,42.3
2180,ISR,2064.8,6.8,0.503,0.495,3323.7,77.8,27.0,356.2,124.0,75.7,2.12,15.95,1.09,97.04,0.765,0.0,0.0,0.0,0.0,86.7,0,0.075,healthy,0.0,none,99.83
2181,HIGH_ALTITUDE,16431.5,-19.7,0.782,0.672,4436.9,35.3,16.5,630.7,186.9,68.7,3.22,34.57,3.458,31.72,0.472,0.386,0.0,0.0,0.386,30.62,1,0.706,combustion,0.77,none,26.11
2182,DESERT_PATROL,14679.8,-0.2,0.769,0.672,4629.5,53.6,26.0,558.0,195.6,80.0,3.13,20.06,1.115,25.5,0.765,0.0,0.764,0.0,0.0,45.46,1,0.705,cooling,0.76,none,42.37
2183,HIGH_ALTITUDE,17606.3,-21.9,0.743,0.631,4505.0,51.4,24.2,524.6,156.3,65.0,3.41,18.67,1.145,64.34,0.765,0.0,0.0,0.0,0.0,89.82,0,0.133,healthy,0.0,none,106.7
2184,ISR,14873.1,-11.8,0.587,0.512,3754.2,52.8,20.8,409.7,145.3,66.3,2.65,15.13,1.272,75.03,0.765,0.0,0.798,0.0,0.0,51.07,1,0.775,cooling,0.8,none,50.82
2185,DESERT_PATROL,10911.1,18.8,0.515,0.467,3383.8,53.7,19.0,391.6,138.9,82.3,2.05,14.38,1.176,82.24,0.765,0.0,0.0,0.0,0.0,86.82,0,0.136,healthy,0.0,none,101.23
2186,DESERT_PATROL,5747.1,20.2,0.576,0.548,3695.4,66.8,25.7,436.5,150.7,86.3,2.2,17.06,1.224,68.8,0.765,0.0,0.0,0.0,0.0,58.05,1,0.527,sensor,0.62,freeze,58.46
2187,HIGH_ALTITUDE,15856.5,-17.6,0.911,0.787,5336.1,56.1,31.2,651.5,196.8,74.7,3.93,23.36,0.729,23.61,0.765,0.0,0.0,0.0,0.0,82.53,0,0.22,healthy,0.0,none,92.65
2188,ISR,6806.8,3.6,0.52,0.489,3058.6,59.0,18.8,374.8,124.1,74.3,1.89,19.12,2.645,94.97,0.61,0.0,0.0,0.0,0.675,42.09,1,0.653,mechanical,0.67,none,36.49
2189,ISR,2797.5,7.4,0.596,0.582,3766.4,78.5,31.2,418.0,151.7,80.9,2.4,18.56,1.313,68.8,0.765,0.0,0.425,0.0,0.0,56.11,1,0.399,cooling,0.43,none,55.8
2190,ISR,5192.9,4.1,0.557,0.532,3495.6,61.1,22.5,426.0,142.7,76.9,2.25,19.69,2.001,78.9,0.637,0.154,0.0,0.0,0.154,57.09,1,0.367,combustion,0.31,none,56.33
2191,ISR,10086.6,-5.6,0.545,0.498,3132.4,53.5,17.7,389.3,123.0,70.0,2.08,19.62,2.828,96.53,0.592,0.0,0.0,0.0,0.753,39.5,1,0.727,mechanical,0.75,none,30.83
2192,DESERT_PATROL,14802.8,4.9,0.627,0.547,3449.9,43.5,15.8,461.9,152.1,77.6,2.2,21.85,3.131,68.34,0.579,0.0,0.0,0.0,0.811,38.0,1,0.714,mechanical,0.81,none,33.52
2193,LOITER,3772.7,5.0,0.507,0.49,2871.2,61.9,18.5,360.4,121.4,74.2,1.76,21.57,3.054,97.37,0.555,0.0,0.0,0.0,0.916,35.74,1,0.876,mechanical,0.92,none,35.67
2194,DESERT_PATROL,15232.0,6.4,0.701,0.61,4311.5,50.4,22.8,521.8,172.2,81.7,2.84,17.93,1.188,50.38,0.765,0.0,0.0,0.0,0.0,85.26,0,0.227,healthy,0.0,none,95.96
2195,LOITER,6650.0,-3.6,0.437,0.412,2995.7,65.7,20.5,294.4,101.1,66.7,2.01,12.88,0.917,119.4,0.765,0.0,0.0,0.0,0.0,84.61,0,0.131,healthy,0.0,none,97.62
2196,DESERT_PATROL,4405.3,23.3,0.732,0.704,4443.7,72.9,33.9,544.1,187.3,95.4,2.49,22.16,1.191,32.42,0.765,0.0,0.0,0.0,0.0,78.66,0,0.203,healthy,0.0,none,86.91
2197,TRANSIT,1400.9,13.9,0.832,0.822,4932.3,85.9,44.4,607.5,208.5,95.1,2.85,26.81,0.808,11.72,0.765,0.0,0.461,0.0,0.0,44.12,1,0.433,cooling,0.46,none,47.46
2198,LOITER,3134.1,11.0,0.43,0.418,2948.8,70.8,21.7,314.5,110.4,75.8,1.84,13.49,0.876,109.31,0.765,0.0,0.0,0.0,0.0,58.57,1,0.643,sensor,0.78,spike,60.91
2199,LOITER,5898.2,1.8,0.447,0.425,3050.7,66.7,21.3,313.5,108.2,71.1,1.99,13.26,0.938,112.72,0.765,0.0,0.0,0.0,0.0,72.43,0,0.265,sensor,0.25,spike,81.9
2200,ISR,13740.0,-10.7,0.605,0.534,3843.4,55.4,22.1,423.8,133.7,67.5,2.73,16.04,1.252,86.58,0.765,0.0,0.0,0.0,0.0,83.26,0,0.19,healthy,0.0,none,93.65
2201,LOITER,5862.4,1.8,0.485,0.461,2850.5,59.3,17.6,337.9,116.5,72.2,1.8,18.68,2.751,104.36,0.589,0.0,0.0,0.0,0.768,40.55,1,0.671,mechanical,0.77,none,36.46
2202,LOITER,7599.5,-1.6,0.485,0.454,3233.1,64.6,21.9,340.7,113.6,69.9,2.16,14.12,1.069,106.79,0.765,0.0,0.0,0.0,0.0,84.5,0,0.116,healthy,0.0,none,91.82
2203,TRANSIT,14222.8,-7.8,0.525,0.461,3426.5,52.0,18.6,366.6,116.3,66.2,2.36,13.81,1.124,102.03,0.765,0.0,0.0,0.0,0.0,84.37,0,0.028,healthy,0.0,none,94.35
2204,DESERT_PATROL,7192.9,18.9,0.744,0.698,4535.2,66.8,31.6,553.9,186.1,92.9,2.63,21.96,1.091,32.49,0.765,0.0,0.0,0.0,0.0,76.52,0,0.039,healthy,0.0,none,80.36
2205,DESERT_PATROL,8544.0,20.5,0.675,0.625,4096.4,54.3,23.1,527.4,179.4,90.7,2.38,23.24,2.005,39.5,0.658,0.128,0.0,0.0,0.128,58.14,0,0.207,combustion,0.26,none,59.65
2206,HIGH_ALTITUDE,19215.6,-26.4,0.849,0.709,5027.7,50.1,26.6,594.2,196.3,66.6,3.84,20.55,0.817,24.01,0.765,0.0,0.908,0.0,0.0,47.31,1,0.767,cooling,0.91,none,46.61
2207,TRANSIT,15803.8,-11.9,0.605,0.523,3820.7,51.2,20.3,428.6,134.0,67.0,2.77,15.5,1.282,87.21,0.765,0.0,0.0,0.0,0.0,81.68,0,0.245,healthy,0.0,none,91.71
2208,HIGH_ALTITUDE,22765.3,-33.0,0.937,0.754,5484.1,29.8,17.2,743.4,208.8,64.1,4.44,26.17,0.709,9.01,0.507,0.963,0.0,0.0,0.0,39.67,1,0.869,injector,0.96,none,37.64
2209,LOITER,3928.6,6.7,0.539,0.521,3025.8,62.8,20.2,384.8,128.9,77.3,1.85,22.36,3.238,88.84,0.567,0.0,0.0,0.0,0.865,37.21,1,0.761,mechanical,0.86,none,31.49
2210,ISR,14581.9,-17.0,0.682,0.597,3683.6,48.3,18.7,482.6,146.1,66.3,2.63,23.79,3.277,74.53,0.577,0.0,0.0,0.0,0.819,37.77,1,0.788,mechanical,0.82,none,32.05
2211,ISR,13745.7,-15.9,0.73,0.644,4434.9,58.6,27.1,510.4,155.7,69.7,3.21,19.36,1.119,63.15,0.765,0.0,0.0,0.0,0.0,82.15,0,0.167,healthy,0.0,none,94.69
2212,HIGH_ALTITUDE,17333.0,-21.7,0.858,0.731,4509.7,46.4,21.9,608.6,182.1,69.3,3.28,27.53,3.039,38.39,0.591,0.0,0.0,0.0,0.756,37.7,1,0.65,mechanical,0.76,none,35.23
2213,HIGH_ALTITUDE,21435.4,-26.7,0.798,0.652,4781.4,45.2,22.5,569.5,163.3,74.4,2.43,18.55,0.938,55.23,0.765,0.0,0.0,0.563,0.0,56.65,1,0.497,lubrication,0.56,none,61.42
2214,TRANSIT,15831.6,-19.2,0.525,0.454,3416.2,51.0,18.2,359.2,110.4,58.9,2.49,13.51,1.139,111.34,0.765,0.0,0.0,0.0,0.0,62.91,1,0.327,sensor,0.38,noise,67.58
2215,LOITER,4835.2,6.2,0.572,0.548,3653.7,72.5,27.5,407.1,136.9,78.1,2.36,17.39,1.261,81.81,0.765,0.0,0.0,0.0,0.0,84.67,0,0.053,healthy,0.0,none,98.3
2216,ISR,1388.5,14.5,0.668,0.66,4133.7,82.5,36.0,487.9,165.5,88.2,2.44,21.78,1.293,54.71,0.765,0.0,0.0,0.0,0.0,83.63,0,0.217,healthy,0.0,none,92.87
2217,HIGH_ALTITUDE,24530.7,-31.2,0.715,0.565,4378.0,39.6,18.0,500.6,142.1,56.9,3.41,15.71,1.19,77.42,0.765,0.0,0.0,0.0,0.0,89.49,0,0.054,healthy,0.0,none,102.66
2218,ISR,4526.5,8.1,0.807,0.776,4832.6,77.8,39.5,573.9,190.8,97.1,2.23,24.73,0.953,28.55,0.765,0.0,0.0,0.377,0.0,52.67,1,0.389,lubrication,0.38,none,50.75
2219,HIGH_ALTITUDE,22546.2,-28.0,0.81,0.653,4848.5,43.5,22.0,568.9,167.0,62.6,3.78,18.49,0.927,53.56,0.765,0.0,0.0,0.0,0.0,62.51,1,0.807,sensor,0.92,noise,60.78
2220,HIGH_ALTITUDE,16801.9,-19.5,0.797,0.682,4760.5,53.3,26.7,567.6,170.1,69.6,3.51,20.23,0.976,50.51,0.765,0.0,0.0,0.0,0.0,85.4,0,0.217,healthy,0.0,none,93.35
2221,HIGH_ALTITUDE,23785.1,-35.0,0.856,0.681,4897.0,34.2,17.6,630.9,178.9,60.1,3.89,23.72,2.076,39.54,0.591,0.214,0.0,0.0,0.214,50.2,1,0.411,combustion,0.43,none,53.02
2222,DESERT_PATROL,5383.4,20.8,0.686,0.654,4222.9,56.5,25.1,557.0,186.9,92.5,2.5,28.19,1.196,32.74,0.617,0.552,0.0,0.0,0.0,46.43,1,0.523,injector,0.55,none,42.29
2223,HIGH_ALTITUDE,20104.3,-24.3,0.795,0.658,4804.5,47.4,23.7,563.8,187.1,65.6,3.72,19.07,0.937,34.71,0.765,0.0,0.893,0.0,0.0,50.39,1,0.843,cooling,0.89,none,49.36
2224,TRANSIT,9804.4,-7.0,0.615,0.564,3875.8,63.9,25.8,430.7,139.4,70.9,2.71,17.38,1.276,82.07,0.765,0.0,0.0,0.0,0.0,81.68,0,0.172,healthy,0.0,none,92.44
2225,DESERT_PATROL,15960.2,-1.1,0.775,0.669,4683.9,51.2,24.9,569.3,179.1,78.7,3.16,19.76,1.007,39.87,0.765,0.0,0.0,0.0,0.0,60.4,1,0.335,sensor,0.42,drift,58.57
2226,DESERT_PATROL,12082.1,9.4,0.762,0.683,4618.7,57.4,27.7,565.4,183.6,86.4,2.92,20.72,1.061,34.88,0.765,0.0,0.0,0.0,0.0,75.76,0,0.213,healthy,0.0,none,86.47
2227,TRANSIT,14673.2,-9.2,0.614,0.537,3859.7,53.2,21.5,428.2,138.0,68.8,2.75,16.04,1.307,83.17,0.765,0.0,0.0,0.0,0.0,82.7,0,0.144,healthy,0.0,none,92.3
2228,ISR,13228.6,-8.8,0.814,0.722,4863.7,59.3,30.2,595.5,193.0,77.3,3.42,21.93,0.882,28.4,0.765,0.0,0.558,0.0,0.0,51.91,1,0.509,cooling,0.56,none,51.8
2229,TRANSIT,4787.0,5.1,0.598,0.573,3795.1,73.6,28.9,424.9,142.8,78.7,2.46,17.98,1.277,77.1,0.765,0.0,0.0,0.0,0.0,80.4,0,0.181,healthy,0.0,none,91.78
2230,ISR,15773.6,-23.4,0.713,0.616,4368.3,55.4,25.2,493.0,146.8,71.1,2.61,18.24,1.198,72.88,0.765,0.0,0.0,0.353,0.0,62.53,1,0.318,lubrication,0.35,none,58.57
2231,ISR,10136.0,-4.1,0.576,0.526,3669.1,61.6,23.8,411.9,141.4,70.8,2.5,16.21,1.256,79.75,0.765,0.0,0.486,0.0,0.0,56.07,1,0.41,cooling,0.49,none,59.92
2232,DESERT_PATROL,13197.9,8.9,0.636,0.564,3979.4,48.5,20.3,502.1,162.6,80.2,2.6,17.83,1.308,58.09,0.698,0.25,0.0,0.0,0.0,68.44,0,0.24,injector,0.25,none,73.87
2233,ISR,3679.8,10.8,0.551,0.534,3535.7,73.8,27.6,397.1,138.5,80.7,2.25,17.23,1.221,82.79,0.765,0.0,0.0,0.0,0.0,75.63,0,0.211,healthy,0.0,none,83.98
2234,DESERT_PATROL,14949.5,2.8,0.8,0.697,4798.1,52.8,26.6,590.6,188.8,82.1,3.14,20.87,0.951,31.37,0.765,0.0,0.0,0.0,0.0,55.45,1,0.488,sensor,0.52,noise,54.15
2235,TRANSIT,8676.9,-4.8,0.501,0.464,3284.6,63.2,22.0,351.4,113.9,67.8,2.28,14.47,1.102,105.81,0.765,0.0,0.0,0.0,0.0,82.17,0,0.121,healthy,0.0,none,92.14
2236,TRANSIT,7797.6,-1.7,0.698,0.652,4290.1,69.4,31.0,501.4,159.5,77.9,2.86,20.31,1.24,59.78,0.765,0.0,0.0,0.0,0.0,58.82,1,0.596,sensor,0.65,noise,57.89
2237,TRANSIT,10340.4,-6.3,0.581,0.529,3448.9,37.9,13.6,504.1,154.5,70.4,2.36,30.83,3.614,63.05,0.439,0.439,0.0,0.0,0.439,32.52,1,0.826,combustion,0.88,none,22.6
2238,HIGH_ALTITUDE,15228.1,-18.1,0.768,0.668,4634.0,56.2,27.4,536.7,163.5,69.3,3.45,19.6,1.043,56.14,0.765,0.0,0.0,0.0,0.0,85.33,0,0.163,healthy,0.0,none,97.14
2239,DESERT_PATROL,12399.5,7.4,0.574,0.513,3667.3,54.0,20.8,424.2,141.5,77.8,2.37,15.48,1.231,78.55,0.765,0.0,0.0,0.0,0.0,83.26,0,0.096,healthy,0.0,none,90.48
2240,ISR,11853.4,-1.4,0.713,0.64,4350.7,59.5,27.5,517.1,166.3,77.7,2.91,19.32,1.153,55.16,0.765,0.0,0.0,0.0,0.0,82.32,0,0.238,healthy,0.0,none,93.27
2241,DESERT_PATROL,7496.4,20.2,0.656,0.614,4067.9,64.2,27.5,488.8,168.8,89.4,2.43,18.95,1.247,50.76,0.765,0.0,0.0,0.0,0.0,69.75,0,0.306,sensor,0.26,noise,71.2
2242,HIGH_ALTITUDE,21092.5,-23.2,0.852,0.698,5058.5,45.7,24.1,610.4,180.0,67.5,3.79,19.69,0.796,40.14,0.765,0.0,0.0,0.0,0.0,84.36,0,0.058,healthy,0.0,none,93.43
2243,HIGH_ALTITUDE,22997.1,-33.5,0.753,0.605,4542.6,43.1,20.7,518.2,149.0,57.1,3.63,17.03,1.071,70.86,0.765,0.0,0.0,0.0,0.0,91.12,0,0.223,healthy,0.0,none,107.2
2244,ISR,10342.3,-6.0,0.551,0.503,3572.6,60.9,22.9,384.1,124.7,69.0,2.46,15.35,1.224,95.28,0.765,0.0,0.0,0.0,0.0,55.71,1,0.761,sensor,0.91,drift,56.3
2245,DESERT_PATROL,14222.5,6.0,0.816,0.717,4669.9,51.3,25.2,600.4,193.2,85.9,2.96,23.52,1.78,25.21,0.694,0.0,0.0,0.0,0.309,52.66,1,0.32,mechanical,0.31,none,49.44
2246,LOITER,4189.7,5.9,0.569,0.549,3641.0,56.9,21.8,456.4,152.1,78.1,2.32,19.62,1.241,68.92,0.586,0.669,0.0,0.0,0.0,51.79,1,0.538,injector,0.67,none,52.37
2247,TRANSIT,5717.8,0.7,0.776,0.738,4686.9,75.9,37.1,549.3,178.3,83.5,3.01,23.22,1.012,41.41,0.765,0.0,0.0,0.0,0.0,87.28,0,0.043,healthy,0.0,none,100.16
2248,LOITER,6758.0,6.3,0.557,0.525,3192.9,58.8,19.4,400.1,134.9,77.2,1.96,21.19,2.812,84.48,0.598,0.0,0.0,0.0,0.73,40.13,1,0.69,mechanical,0.73,none,39.39
2249,LOITER,5164.7,4.4,0.498,0.476,3285.7,69.8,24.0,350.3,121.3,73.1,2.15,15.19,1.073,99.51,0.765,0.0,0.0,0.0,0.0,85.77,0,0.118,healthy,0.0,none,101.06
2250,TRANSIT,14200.9,-9.1,0.589,0.517,3751.5,53.7,21.1,412.5,129.8,68.5,2.68,15.49,1.285,88.73,0.765,0.0,0.0,0.0,0.0,84.58,0,0.128,healthy,0.0,none,98.74
2251,ISR,5688.7,2.6,0.819,0.779,4863.7,76.1,38.9,585.2,189.1,100.3,1.76,24.23,0.869,30.25,0.765,0.0,0.0,0.69,0.0,46.14,1,0.682,lubrication,0.69,none,44.21
2252,HIGH_ALTITUDE,21661.0,-33.4,0.928,0.756,5454.4,47.2,26.8,662.1,188.0,64.3,4.34,21.61,0.702,31.57,0.765,0.0,0.0,0.0,0.0,88.31,0,0.102,healthy,0.0,none,102.92
2253,LOITER,4029.7,5.4,0.485,0.468,3212.7,72.1,24.3,343.0,118.1,74.1,2.07,14.9,1.03,101.82,0.765,0.0,0.0,0.0,0.0,87.78,0,0.192,healthy,0.0,none,101.93
2254,HIGH_ALTITUDE,17889.5,-16.6,0.832,0.705,4945.5,50.8,26.2,596.5,180.1,71.5,3.61,20.31,0.859,39.85,0.765,0.0,0.0,0.0,0.0,88.87,0,0.187,healthy,0.0,none,103.9
2255,ISR,8231.2,-7.4,0.516,0.479,3377.6,65.4,23.4,352.1,116.1,82.3,1.23,14.67,1.167,104.86,0.765,0.0,0.0,0.779,0.0,51.37,1,0.771,lubrication,0.78,none,47.87
2256,LOITER,5960.1,7.4,0.459,0.436,2742.6,57.4,16.5,328.6,114.3,74.0,1.66,17.73,2.598,105.33,0.594,0.0,0.0,0.0,0.744,42.45,1,0.61,mechanical,0.74,none,35.18
2257,LOITER,5807.7,5.5,0.411,0.391,2558.4,57.1,15.3,286.4,102.2,70.7,1.56,15.52,2.45,117.5,0.607,0.0,0.0,0.0,0.688,42.63,1,0.737,mechanical,0.69,none,41.62
2258,ISR,7896.7,2.6,0.843,0.786,4984.8,70.3,37.1,608.2,196.3,86.9,3.15,24.42,0.824,24.07,0.765,0.0,0.0,0.0,0.0,76.92,0,0.112,healthy,0.0,none,90.12
2259,HIGH_ALTITUDE,18452.1,-21.3,0.794,0.668,4193.5,43.3,19.0,560.4,168.0,67.4,3.13,25.5,3.316,52.37,0.583,0.0,0.0,0.0,0.794,40.52,1,0.744,mechanical,0.79,none,35.07
2260,TRANSIT,11223.4,-8.3,0.53,0.479,3427.8,58.8,21.1,367.5,118.7,65.7,2.41,14.67,1.186,101.84,0.765,0.0,0.0,0.0,0.0,62.55,1,0.287,sensor,0.39,drift,63.86
2261,TRANSIT,11340.1,-4.9,0.638,0.576,3798.2,57.2,22.9,454.7,144.9,73.1,2.61,19.34,2.094,75.0,0.692,0.0,0.0,0.0,0.317,58.26,1,0.308,mechanical,0.32,none,62.6
2262,DESERT_PATROL,6355.5,22.5,0.828,0.783,4921.5,69.4,35.8,624.7,210.9,99.3,2.76,24.13,0.858,11.24,0.765,0.0,0.0,0.0,0.0,70.05,0,0.208,healthy,0.0,none,70.41
2263,LOITER,7420.5,-2.4,0.521,0.488,3421.2,66.4,23.7,359.9,122.2,70.4,2.27,15.33,1.172,99.66,0.765,0.0,0.0,0.0,0.0,76.31,0,0.238,healthy,0.0,none,89.11
2264,HIGH_ALTITUDE,18446.4,-21.9,0.878,0.739,5198.6,51.1,27.7,619.5,190.0,70.1,3.84,21.68,0.746,28.95,0.765,0.0,0.307,0.0,0.0,64.81,1,0.231,cooling,0.31,none,69.35
2265,TRANSIT,9335.4,-3.7,0.807,0.742,4848.1,67.6,34.3,574.1,192.8,81.6,3.2,22.89,0.92,28.7,0.765,0.0,0.481,0.0,0.0,52.1,1,0.455,cooling,0.48,none,50.19
2266,DESERT_PATROL,1606.0,31.5,0.615,0.607,3878.0,66.3,26.9,491.2,175.7,96.5,2.1,21.04,1.289,44.19,0.667,0.367,0.0,0.0,0.0,56.04,1,0.417,injector,0.37,none,59.07
2267,DESERT_PATROL,8302.4,17.0,0.587,0.545,3673.2,52.7,20.1,468.5,158.3,84.3,2.16,20.67,2.108,61.08,0.641,0.149,0.0,0.0,0.149,58.11,0,0.255,combustion,0.3,none,58.32
2268,DESERT_PATROL,15628.2,5.9,0.706,0.612,4320.5,49.7,22.7,528.4,170.4,80.8,2.81,18.44,1.237,49.53,0.765,0.0,0.0,0.0,0.0,58.18,1,0.621,sensor,0.68,drift,63.12
2269,ISR,6506.9,7.2,0.544,0.513,3517.0,67.0,24.8,389.5,133.8,77.9,2.25,16.01,1.189,86.68,0.765,0.0,0.0,0.0,0.0,87.6,0,0.083,healthy,0.0,none,99.4
2270,TRANSIT,15346.1,-22.8,0.731,0.635,4306.3,44.5,20.0,552.4,164.0,65.1,3.25,25.89,2.462,56.28,0.582,0.226,0.0,0.0,0.226,48.39,1,0.416,combustion,0.45,none,50.49
2271,ISR,15210.1,-19.5,0.796,0.692,4460.2,52.9,24.9,561.7,168.1,69.7,3.26,23.76,2.242,51.07,0.666,0.0,0.0,0.0,0.43,52.93,1,0.346,mechanical,0.43,none,51.2
2272,HIGH_ALTITUDE,19069.5,-25.7,0.927,0.775,4992.0,46.4,24.3,661.8,191.9,70.1,3.8,27.08,2.251,26.04,0.639,0.0,0.0,0.0,0.548,43.49,1,0.49,mechanical,0.55,none,39.22
2273,DESERT_PATROL,4831.0,25.1,0.652,0.625,4061.0,69.8,29.6,496.5,170.7,92.7,2.29,19.95,1.267,48.09,0.765,0.0,0.0,0.0,0.0,83.24,0,0.205,healthy,0.0,none,94.65
2274,TRANSIT,10238.1,-2.6,0.849,0.775,5030.1,65.6,34.5,600.4,192.3,83.4,3.33,23.85,0.825,26.33,0.765,0.0,0.0,0.0,0.0,79.44,0,0.123,healthy,0.0,none,84.69
2275,TRANSIT,9158.6,-2.2,0.562,0.518,3613.7,63.2,24.1,395.7,130.8,72.1,2.47,15.93,1.268,90.02,0.765,0.0,0.0,0.0,0.0,77.37,0,0.023,healthy,0.0,none,90.5
2276,LOITER,4906.2,2.3,0.505,0.483,3327.5,71.2,24.8,351.0,120.8,73.5,2.16,15.4,1.112,99.92,0.765,0.0,0.0,0.0,0.0,82.41,0,0.183,healthy,0.0,none,89.8
2277,HIGH_ALTITUDE,21440.4,-30.3,0.946,0.772,5536.9,47.1,27.4,670.0,196.0,66.9,4.28,22.01,0.676,25.11,0.765,0.0,0.0,0.0,0.0,83.13,0,0.226,healthy,0.0,none,92.65
2278,HIGH_ALTITUDE,20428.3,-26.9,0.927,0.764,5429.1,48.4,27.4,659.5,192.9,68.1,4.16,21.81,0.699,26.75,0.765,0.0,0.0,0.0,0.0,85.99,0,0.03,healthy,0.0,none,95.39
2279,LOITER,5934.0,3.1,0.475,0.451,3179.4,67.3,22.3,333.6,114.6,78.0,1.68,14.17,1.034,105.41,0.765,0.0,0.0,0.297,0.0,67.94,0,0.224,lubrication,0.3,none,67.99
2280,HIGH_ALTITUDE,16449.1,-9.6,0.726,0.623,4114.4,29.3,12.5,642.7,192.0,72.8,2.9,37.69,3.949,28.43,0.406,0.494,0.0,0.0,0.494,23.82,1,0.894,combustion,0.99,none,14.58
2281,LOITER,5268.3,7.0,0.542,0.518,3495.8,70.3,25.8,382.8,131.5,76.8,2.25,16.24,1.162,87.52,0.765,0.0,0.0,0.0,0.0,84.18,0,0.2,healthy,0.0,none,99.18
2282,TRANSIT,2553.8,7.7,0.816,0.798,4852.5,83.9,42.8,580.8,192.1,105.9,1.51,25.92,0.94,27.82,0.765,0.0,0.0,0.777,0.0,44.74,1,0.672,lubrication,0.78,none,46.51
2283,HIGH_ALTITUDE,20459.9,-28.6,0.794,0.654,4764.6,47.5,23.9,554.9,161.8,62.5,3.82,18.53,0.957,58.12,0.765,0.0,0.0,0.0,0.0,89.07,0,0.207,healthy,0.0,none,103.18
2284,LOITER,6238.0,-0.6,0.496,0.469,3285.6,68.2,23.7,346.9,117.0,71.4,2.18,14.55,1.066,103.98,0.765,0.0,0.0,0.0,0.0,64.18,1,0.349,sensor,0.36,drift,65.03
2285,TRANSIT,2267.1,6.9,0.759,0.745,4603.5,84.0,40.0,530.4,177.4,88.1,2.84,23.93,1.051,40.95,0.765,0.0,0.0,0.0,0.0,86.23,0,0.077,healthy,0.0,none,101.85
2286,DESERT_PATROL,10284.2,19.8,0.606,0.553,3812.1,46.4,18.6,502.3,170.3,86.7,2.29,22.93,1.276,50.43,0.625,0.524,0.0,0.0,0.0,52.97,1,0.523,injector,0.52,none,48.89
2287,TRANSIT,9763.9,-8.2,0.513,0.47,3374.6,46.1,16.4,408.5,129.9,66.4,2.32,22.1,1.146,90.7,0.571,0.724,0.0,0.0,0.0,50.49,1,0.69,injector,0.72,none,50.08
2288,LOITER,3677.8,4.9,0.429,0.415,2959.6,70.8,21.7,303.1,126.6,71.6,1.87,13.21,0.882,93.59,0.765,0.0,0.935,0.0,0.0,50.1,1,0.929,cooling,0.93,none,49.79
2289,ISR,7462.0,-6.9,0.825,0.772,4958.7,73.8,38.0,582.9,184.0,80.6,3.28,24.04,0.878,36.3,0.765,0.0,0.0,0.0,0.0,80.16,0,0.239,healthy,0.0,none,94.1
2290,LOITER,3447.9,11.5,0.576,0.559,3685.9,75.0,28.8,416.9,143.7,82.4,2.27,17.87,1.302,76.74,0.765,0.0,0.0,0.0,0.0,54.88,1,0.786,sensor,0.83,spike,60.77
2291,LOITER,5979.2,4.6,0.403,0.382,2818.3,63.9,18.7,281.8,99.2,70.3,1.78,11.91,0.849,120.08,0.765,0.0,0.0,0.0,0.0,78.69,0,0.078,healthy,0.0,none,87.28
2292,ISR,4440.0,7.4,0.651,0.626,4029.8,75.2,31.7,467.9,155.6,82.9,2.56,20.12,1.279,63.66,0.765,0.0,0.0,0.0,0.0,78.8,0,0.106,healthy,0.0,none,87.71
2293,LOITER,3074.9,7.9,0.414,0.403,2868.3,71.0,21.4,288.3,110.0,72.6,1.81,13.0,0.839,109.17,0.765,0.0,0.378,0.0,0.0,61.74,1,0.334,cooling,0.38,none,67.97
2294,DESERT_PATROL,9215.0,20.4,0.749,0.69,4550.1,46.6,22.2,622.5,204.3,93.3,2.65,24.22,1.118,14.97,0.579,0.695,0.0,0.0,0.0,37.47,1,0.703,injector,0.69,none,30.21
2295,HIGH_ALTITUDE,22097.4,-21.5,0.948,0.769,5110.1,40.3,21.6,690.2,205.6,71.5,3.67,26.1,2.162,16.9,0.639,0.0,0.0,0.0,0.55,39.92,1,0.491,mechanical,0.55,none,36.02
2296,LOITER,6483.3,3.6,0.447,0.423,3036.1,64.8,20.6,316.4,109.0,71.1,1.96,13.38,0.966,111.05,0.765,0.0,0.0,0.0,0.0,78.2,0,0.224,healthy,0.0,none,85.73
2297,DESERT_PATROL,14710.0,5.6,0.733,0.64,4483.2,52.0,24.2,539.1,178.1,82.8,2.93,19.18,1.095,44.08,0.765,0.0,0.0,0.0,0.0,55.48,1,0.833,sensor,0.86,noise,57.28
2298,DESERT_PATROL,12558.2,14.6,0.681,0.608,4196.9,54.2,23.8,512.0,172.2,86.0,2.55,18.5,1.268,48.51,0.765,0.0,0.0,0.0,0.0,59.61,1,0.303,sensor,0.43,spike,62.0
2299,TRANSIT,15559.3,-17.8,0.743,0.644,4535.4,49.6,23.6,545.5,166.1,67.7,3.35,22.31,1.095,55.38,0.69,0.282,0.0,0.0,0.0,71.21,0,0.23,injector,0.28,none,76.42
2300,LOITER,7729.6,-1.0,0.501,0.468,3287.6,64.7,22.4,353.0,117.8,70.2,2.19,14.41,1.09,102.66,0.765,0.0,0.0,0.0,0.0,58.61,1,0.571,sensor,0.6,noise,56.67
2301,HIGH_ALTITUDE,20631.1,-26.6,0.878,0.723,5193.1,47.5,25.9,616.7,182.9,66.5,3.95,20.45,0.765,37.41,0.765,0.0,0.0,0.0,0.0,90.11,0,0.092,healthy,0.0,none,107.13
2302,DESERT_PATROL,8392.8,18.0,0.744,0.691,4355.3,49.2,22.4,595.3,197.4,91.9,2.55,27.15,2.507,21.27,0.567,0.248,0.0,0.0,0.248,32.89,1,0.432,combustion,0.5,none,25.46
2303,LOITER,4568.3,10.4,0.491,0.472,3165.3,57.4,19.2,387.1,132.0,77.5,1.93,17.9,2.087,87.72,0.613,0.185,0.0,0.0,0.185,52.67,1,0.313,combustion,0.37,none,55.31
2304,LOITER,6205.8,-2.2,0.48,0.454,3209.6,68.1,22.9,326.5,110.4,69.0,2.19,14.25,1.05,108.83,0.765,0.0,0.0,0.0,0.0,66.55,1,0.341,sensor,0.33,noise,66.29
2305,LOITER,3621.0,11.7,0.589,0.57,3743.5,74.8,29.4,421.8,143.4,101.6,1.02,17.96,1.291,73.82,0.765,0.0,0.0,0.915,0.0,49.56,1,0.776,lubrication,0.92,none,51.29
2306,ISR,11347.8,-8.8,0.608,0.549,3369.4,51.8,18.3,422.2,134.3,69.3,2.29,21.96,3.228,84.83,0.573,0.0,0.0,0.0,0.838,37.77,1,0.721,mechanical,0.84,none,37.34
2307,TRANSIT,8624.3,-4.4,0.571,0.529,3664.3,65.2,24.8,403.0,130.6,71.7,2.51,16.57,1.228,86.87,0.765,0.0,0.201,0.0,0.0,72.87,0,0.22,cooling,0.2,none,79.37
2308,TRANSIT,3176.0,9.2,0.8,0.779,4797.3,75.1,37.9,596.3,195.9,91.0,2.91,25.62,0.96,25.16,0.706,0.219,0.0,0.0,0.0,65.53,0,0.122,injector,0.22,none,69.87
2309,TRANSIT,14046.0,-11.6,0.7,0.616,4320.5,56.5,25.5,485.6,155.1,70.6,3.09,18.52,1.219,66.0,0.765,0.0,0.0,0.0,0.0,89.41,0,0.039,healthy,0.0,none,103.57
2310,DESERT_PATROL,5180.9,30.5,0.633,0.605,3973.1,67.2,27.8,494.7,170.7,94.0,2.17,19.07,1.289,47.67,0.765,0.0,0.0,0.0,0.0,83.87,0,0.161,healthy,0.0,none,100.92
2311,DESERT_PATROL,1180.7,36.6,0.81,0.802,4855.7,59.7,30.4,676.2,230.3,108.3,2.42,39.9,0.913,-9.78,0.571,0.724,0.0,0.0,0.0,32.41,1,0.608,injector,0.72,none,27.44
2312,HIGH_ALTITUDE,22971.8,-32.5,0.935,0.751,5445.9,37.3,21.4,698.1,199.0,64.4,4.37,22.9,0.69,19.47,0.641,0.464,0.0,0.0,0.0,52.6,1,0.412,injector,0.46,none,55.31
2313,DESERT_PATROL,2044.6,34.3,0.703,0.691,4080.1,49.3,20.9,637.4,215.2,102.6,2.09,39.34,3.419,5.19,0.466,0.396,0.0,0.0,0.396,16.84,1,0.693,combustion,0.79,none,12.75
2314,TRANSIT,9757.6,-12.1,0.523,0.479,3420.3,63.0,22.4,351.0,112.8,64.4,2.44,14.74,1.162,106.84,0.765,0.0,0.0,0.0,0.0,83.3,0,0.14,healthy,0.0,none,95.01
2315,ISR,4203.4,3.0,0.505,0.486,3248.4,61.8,20.9,386.2,128.0,73.6,2.12,18.22,1.936,91.2,0.632,0.16,0.0,0.0,0.16,56.83,1,0.355,combustion,0.32,none,56.55
2316,LOITER,3688.1,9.6,0.407,0.395,2837.3,68.6,20.3,291.4,105.2,73.7,1.74,12.56,0.862,115.24,0.765,0.0,0.0,0.0,0.0,88.46,0,0.132,healthy,0.0,none,105.0
2317,HIGH_ALTITUDE,18385.6,-19.3,0.898,0.757,5265.8,50.9,28.1,641.7,194.1,72.2,3.94,22.02,0.741,27.16,0.765,0.0,0.0,0.0,0.0,59.05,1,0.33,sensor,0.41,freeze,64.52
2318,DESERT_PATROL,13652.6,14.0,0.641,0.566,4004.8,51.4,21.5,485.6,162.0,84.0,2.5,16.78,1.288,57.78,0.765,0.0,0.0,0.0,0.0,78.78,0,0.063,healthy,0.0,none,88.13
2319,DESERT_PATROL,6902.7,21.9,0.771,0.725,4660.0,67.3,32.4,577.5,193.2,95.7,2.61,22.81,1.051,24.03,0.765,0.0,0.0,0.0,0.0,72.83,0,0.234,healthy,0.0,none,82.85
2320,ISR,13170.1,-7.6,0.735,0.652,4479.2,58.1,27.3,519.4,165.8,75.2,3.11,19.5,1.085,55.15,0.765,0.0,0.0,0.0,0.0,90.54,0,0.072,healthy,0.0,none,110.88
2321,DESERT_PATROL,3045.3,22.4,0.718,0.699,4412.9,76.6,35.2,532.6,189.8,95.3,2.48,22.51,1.188,28.76,0.765,0.0,0.459,0.0,0.0,48.03,1,0.431,cooling,0.46,none,47.69
2322,TRANSIT,3289.5,10.6,0.622,0.604,3920.9,76.9,31.4,446.1,151.4,82.5,2.41,19.18,1.311,67.62,0.765,0.0,0.0,0.0,0.0,78.73,0,0.136,healthy,0.0,none,87.51
2323,LOITER,4536.0,3.0,0.431,0.414,2961.3,69.2,21.5,301.0,104.3,71.0,1.91,13.12,0.883,115.58,0.765,0.0,0.0,0.0,0.0,87.11,0,0.023,healthy,0.0,none,96.99
2324,TRANSIT,13930.2,-10.7,0.77,0.678,4635.4,57.5,28.1,553.2,171.8,74.6,3.33,20.65,1.073,49.68,0.765,0.0,0.0,0.0,0.0,59.13,1,0.881,sensor,0.9,noise,58.63
2325,HIGH_ALTITUDE,15216.4,-14.8,0.849,0.738,5014.8,56.4,29.6,605.6,195.8,74.3,3.54,21.87,0.827,24.95,0.765,0.0,0.573,0.0,0.0,50.17,1,0.589,cooling,0.57,none,47.48
2326,HIGH_ALTITUDE,15281.9,-10.2,0.802,0.697,4816.6,54.7,27.7,581.6,188.8,75.1,3.39,20.73,0.954,33.48,0.765,0.0,0.482,0.0,0.0,54.69,1,0.467,cooling,0.48,none,51.13
2327,HIGH_ALTITUDE,19564.9,-25.4,0.843,0.701,4687.7,30.1,14.8,654.4,190.0,65.6,3.54,38.27,3.556,29.69,0.438,0.44,0.0,0.0,0.44,29.77,1,0.736,combustion,0.88,none,27.28
2328,ISR,7762.3,0.5,0.545,0.509,3505.4,65.5,24.3,387.5,128.9,73.2,2.36,15.82,1.235,91.68,0.765,0.0,0.0,0.0,0.0,85.96,0,0.19,healthy,0.0,none,96.19
2329,LOITER,6627.1,-0.6,0.44,0.415,3020.6,60.4,19.0,324.0,107.3,67.8,1.98,14.52,0.912,111.74,0.709,0.209,0.0,0.0,0.0,74.5,0,0.108,injector,0.21,none,81.8
2330,DESERT_PATROL,15115.5,-4.7,0.563,0.49,3628.8,50.4,19.2,407.9,128.9,68.9,2.51,14.77,1.234,90.62,0.765,0.0,0.0,0.0,0.0,82.26,0,0.021,healthy,0.0,none,93.42
2331,TRANSIT,2385.3,7.1,0.626,0.613,3930.0,80.6,32.8,440.6,150.1,81.8,2.49,20.03,1.29,69.94,0.765,0.0,0.0,0.0,0.0,82.69,0,0.245,healthy,0.0,none,92.8
2332,TRANSIT,10433.2,-8.4,0.725,0.66,4427.8,64.7,29.7,512.7,161.0,80.7,2.53,20.2,1.146,58.8,0.765,0.0,0.0,0.27,0.0,68.83,0,0.237,lubrication,0.27,none,83.49
2333,HIGH_ALTITUDE,20904.4,-26.3,0.863,0.708,5118.7,46.8,25.0,606.2,179.5,74.3,2.89,20.14,0.79,40.42,0.765,0.0,0.0,0.413,0.0,57.08,1,0.35,lubrication,0.41,none,59.85
2334,TRANSIT,12155.6,-7.0,0.638,0.572,3981.0,58.8,24.6,451.1,144.5,71.6,2.77,17.37,1.333,76.45,0.765,0.0,0.0,0.0,0.0,85.18,0,0.24,healthy,0.0,none,94.13
2335,LOITER,5929.4,-0.4,0.504,0.478,3326.6,69.2,24.0,350.8,118.1,71.1,2.17,15.12,1.113,102.04,0.765,0.0,0.0,0.0,0.0,82.12,0,0.184,healthy,0.0,none,90.04
2336,ISR,12974.7,-14.2,0.535,0.476,3021.7,48.0,15.3,360.3,114.1,62.4,2.1,19.21,3.144,105.31,0.568,0.0,0.0,0.0,0.86,37.04,1,0.78,mechanical,0.86,none,32.0
2337,ISR,9286.2,0.8,0.806,0.742,4819.5,66.6,33.9,585.4,188.0,83.0,3.14,22.49,0.919,33.28,0.765,0.0,0.0,0.0,0.0,83.46,0,0.195,healthy,0.0,none,96.73
2338,ISR,15406.2,-15.3,0.62,0.538,3533.1,47.5,17.6,427.3,132.7,65.1,2.5,19.51,2.751,86.78,0.622,0.0,0.0,0.0,0.625,42.3,1,0.583,mechanical,0.62,none,41.95
2339,LOITER,3942.1,7.3,0.45,0.434,2708.6,61.8,17.4,317.1,111.7,73.5,1.62,17.82,2.58,107.94,0.598,0.0,0.0,0.0,0.727,42.22,1,0.657,mechanical,0.73,none,37.11
2340,HIGH_ALTITUDE,21325.3,-32.3,0.838,0.685,4996.5,46.9,24.5,578.3,168.5,61.2,4.0,19.49,0.841,51.05,0.765,0.0,0.0,0.0,0.0,62.18,1,0.935,sensor,1.0,noise,67.61
2341,LOITER,6407.2,2.8,0.588,0.555,3753.4,69.5,27.6,420.1,138.5,76.7,2.47,17.45,1.319,80.8,0.765,0.0,0.0,0.0,0.0,85.96,0,0.054,healthy,0.0,none,96.76
2342,TRANSIT,4102.6,11.5,0.84,0.81,4991.3,78.6,40.9,605.7,198.2,93.9,2.95,26.01,0.855,18.73,0.765,0.0,0.0,0.0,0.0,74.35,0,0.139,healthy,0.0,none,83.81
2343,TRANSIT,9219.2,-4.3,0.771,0.71,4544.0,57.5,27.6,585.7,183.4,79.3,3.08,27.33,1.962,35.24,0.636,0.156,0.0,0.0,0.156,54.93,1,0.252,combustion,0.31,none,50.31
2344,ISR,5253.9,11.0,0.82,0.783,4906.6,75.1,38.6,611.4,196.6,92.3,2.92,24.97,0.885,23.02,0.765,0.0,0.0,0.0,0.0,78.21,0,0.22,healthy,0.0,none,85.58
2345,LOITER,5826.5,6.7,0.51,0.485,3361.5,67.9,23.8,366.6,124.7,75.9,2.12,15.4,1.142,94.64,0.765,0.0,0.0,0.0,0.0,85.48,0,0.07,healthy,0.0,none,96.81
2346,TRANSIT,7434.2,0.4,0.538,0.504,3507.8,66.2,24.2,380.2,127.0,86.9,1.3,15.6,1.182,93.46,0.765,0.0,0.0,0.71,0.0,52.68,1,0.669,lubrication,0.71,none,50.27
2347,DESERT_PATROL,11958.9,6.3,0.533,0.478,3471.1,54.3,19.8,392.9,131.3,74.3,2.24,14.35,1.166,88.69,0.765,0.0,0.0,0.0,0.0,73.09,0,0.217,healthy,0.0,none,80.48
2348,DESERT_PATROL,14513.2,8.9,0.614,0.537,3651.5,32.6,12.5,523.4,169.0,80.4,2.31,24.29,3.435,50.05,0.469,0.391,0.0,0.0,0.391,35.25,1,0.654,combustion,0.78,none,29.92
2349,ISR,2833.0,7.6,0.69,0.673,4274.2,80.7,36.3,486.2,164.6,92.2,1.99,21.79,1.246,55.39,0.765,0.0,0.0,0.37,0.0,60.1,1,0.363,lubrication,0.37,none,62.92
2350,LOITER,7400.3,-0.5,0.497,0.465,3296.8,65.2,22.3,344.3,115.9,70.4,2.21,14.41,1.064,103.43,0.765,0.0,0.0,0.0,0.0,87.23,0,0.082,healthy,0.0,none,104.6
2351,LOITER,7120.8,1.5,0.433,0.407,2692.0,56.8,16.0,304.3,103.4,69.5,1.65,15.48,2.269,115.76,0.624,0.0,0.0,0.0,0.615,47.22,1,0.457,mechanical,0.61,none,45.14
2352,TRANSIT,6511.9,0.5,0.678,0.64,4206.7,71.9,31.1,483.3,156.3,87.6,2.02,19.99,1.283,62.92,0.765,0.0,0.0,0.405,0.0,58.17,1,0.296,lubrication,0.41,none,60.47
2353,HIGH_ALTITUDE,17202.7,-21.1,0.827,0.705,4923.6,53.1,27.4,580.9,177.4,68.9,3.72,20.72,0.878,44.97,0.765,0.0,0.0,0.0,0.0,82.76,0,0.088,healthy,0.0,none,93.82
2354,DESERT_PATROL,4911.9,23.5,0.819,0.785,4919.1,72.9,37.5,617.9,206.5,98.9,2.68,25.08,0.913,12.75,0.765,0.0,0.0,0.0,0.0,69.79,0,0.118,healthy,0.0,none,76.07
2355,TRANSIT,6512.9,2.4,0.843,0.796,5028.8,74.2,39.2,613.0,198.9,88.1,3.12,25.14,0.811,21.37,0.765,0.0,0.217,0.0,0.0,65.19,0,0.176,cooling,0.22,none,63.68
2356,ISR,3083.8,10.4,0.696,0.677,4302.0,79.3,35.8,503.3,171.6,86.5,2.62,21.64,1.262,47.9,0.765,0.0,0.242,0.0,0.0,69.46,0,0.227,cooling,0.24,none,73.22
2357,LOITER,6441.7,3.2,0.551,0.521,3555.3,68.4,25.4,391.6,130.7,75.5,2.35,16.47,1.254,88.54,0.765,0.0,0.0,0.0,0.0,82.46,0,0.074,healthy,0.0,none,96.24
2358,TRANSIT,3693.2,7.2,0.817,0.791,4872.4,80.6,41.0,587.9,192.8,90.3,3.02,25.41,0.884,27.64,0.765,0.0,0.0,0.0,0.0,80.7,0,0.21,healthy,0.0,none,92.43
2359,ISR,12996.4,-11.7,0.628,0.558,3959.4,57.7,23.8,439.0,136.1,86.3,1.37,16.85,1.27,82.46,0.765,0.0,0.0,0.864,0.0,50.23,1,0.756,lubrication,0.86,none,45.73
2360,ISR,14247.8,-15.5,0.538,0.472,3496.2,53.8,19.6,365.5,114.4,61.8,2.58,14.22,1.18,105.52,0.765,0.0,0.0,0.0,0.0,64.12,1,0.337,sensor,0.36,noise,67.64
2361,HIGH_ALTITUDE,21024.5,-27.8,0.913,0.748,5355.4,47.2,26.6,645.8,188.0,66.7,4.14,21.35,0.746,30.46,0.765,0.0,0.0,0.0,0.0,82.18,0,0.111,healthy,0.0,none,91.95
2362,HIGH_ALTITUDE,21216.0,-28.1,0.882,0.722,5187.5,46.7,25.4,626.4,181.9,66.1,4.06,20.29,0.733,37.55,0.765,0.0,0.0,0.0,0.0,87.6,0,0.155,healthy,0.0,none,101.13
2363,TRANSIT,8331.7,-1.0,0.801,0.744,4789.9,69.5,34.8,575.3,182.0,82.9,3.15,23.36,0.949,36.27,0.765,0.0,0.0,0.0,0.0,76.17,0,0.215,healthy,0.0,none,86.87
2364,TRANSIT,12693.9,-8.4,0.593,0.528,3760.7,56.9,22.4,418.6,131.7,68.7,2.62,15.99,1.305,87.69,0.765,0.0,0.0,0.0,0.0,79.62,0,0.197,healthy,0.0,none,90.32
2365,DESERT_PATROL,13779.8,9.5,0.633,0.559,3971.1,51.8,21.6,469.2,155.1,81.0,2.53,16.73,1.313,63.2,0.765,0.0,0.0,0.0,0.0,85.25,0,0.046,healthy,0.0,none,98.5
2366,ISR,8116.3,-4.1,0.802,0.746,4794.6,70.9,35.7,568.0,182.0,81.2,3.18,23.05,0.953,38.7,0.765,0.0,0.0,0.0,0.0,86.67,0,0.17,healthy,0.0,none,97.73
2367,DESERT_PATROL,9596.1,27.4,0.532,0.488,3455.3,36.7,13.3,494.3,168.5,88.5,1.93,18.14,1.156,51.63,0.508,0.96,0.0,0.0,0.0,46.62,1,0.857,injector,0.96,none,47.98
2368,HIGH_ALTITUDE,21305.2,-31.0,0.862,0.705,5115.0,42.3,22.7,623.9,182.2,63.7,4.02,23.4,0.775,38.72,0.69,0.278,0.0,0.0,0.0,70.21,0,0.267,injector,0.28,none,76.31
2369,LOITER,7477.4,2.9,0.57,0.534,3634.4,53.9,20.4,453.4,148.2,76.4,2.4,18.16,1.244,73.11,0.621,0.537,0.0,0.0,0.0,52.58,1,0.576,injector,0.54,none,52.96
2370,HIGH_ALTITUDE,22275.8,-25.0,0.719,0.582,4397.6,42.6,19.5,505.7,150.4,61.1,3.37,16.48,1.172,71.64,0.765,0.0,0.0,0.0,0.0,88.79,0,0.181,healthy,0.0,none,102.69
2371,ISR,2316.4,8.5,0.802,0.786,4790.1,84.2,42.3,574.7,190.4,91.1,2.92,25.52,0.935,30.43,0.765,0.0,0.0,0.0,0.0,83.58,0,0.024,healthy,0.0,none,98.12
2372,HIGH_ALTITUDE,20218.2,-22.8,0.738,0.61,4472.2,46.3,21.9,517.0,155.5,63.7,3.43,17.51,1.131,65.73,0.765,0.0,0.0,0.0,0.0,90.46,0,0.211,healthy,0.0,none,108.87
2373,ISR,14019.7,-10.0,0.683,0.601,4216.0,55.9,24.4,488.6,151.8,71.4,2.96,18.24,1.257,68.52,0.765,0.0,0.0,0.0,0.0,88.53,0,0.035,healthy,0.0,none,105.15
2374,TRANSIT,3679.7,6.1,0.718,0.695,4385.2,62.6,28.7,558.2,182.8,84.6,2.74,31.32,1.173,37.75,0.605,0.598,0.0,0.0,0.0,49.39,1,0.509,injector,0.6,none,48.06
2375,TRANSIT,8141.4,-0.9,0.718,0.668,4129.4,44.1,19.1,599.5,187.1,79.1,2.74,31.9,3.608,32.82,0.461,0.403,0.0,0.0,0.403,28.46,1,0.725,combustion,0.81,none,20.8
2376,TRANSIT,5798.5,4.3,0.776,0.737,4645.8,74.6,36.4,552.2,182.6,85.7,2.94,22.78,1.02,38.22,0.765,0.0,0.0,0.0,0.0,83.21,0,0.085,healthy,0.0,none,93.19
2377,TRANSIT,13606.1,-15.1,0.83,0.733,4961.5,60.0,30.9,583.0,178.6,74.0,3.57,21.93,0.889,40.24,0.765,0.0,0.0,0.0,0.0,86.73,0,0.159,healthy,0.0,none,101.7
2378,LOITER,4756.6,5.4,0.578,0.555,3252.7,63.6,21.9,406.3,139.2,77.8,2.0,22.91,3.035,81.13,0.59,0.0,0.0,0.0,0.764,38.95,1,0.646,mechanical,0.76,none,36.79
2379,ISR,5328.7,7.5,0.679,0.648,4181.6,73.3,32.3,490.5,163.5,83.5,2.64,20.28,1.243,57.04,0.765,0.0,0.0,0.0,0.0,84.52,0,0.047,healthy,0.0,none,94.08
2380,ISR,12108.9,-7.3,0.6,0.537,3811.2,58.2,23.2,424.3,134.8,69.8,2.61,16.18,1.269,85.3,0.765,0.0,0.0,0.0,0.0,85.21,0,0.243,healthy,0.0,none,100.34
2381,ISR,1276.0,12.6,0.547,0.541,3545.2,80.0,29.6,396.9,137.3,81.5,2.17,17.46,1.229,82.74,0.765,0.0,0.0,0.0,0.0,86.26,0,0.158,healthy,0.0,none,96.78
2382,LOITER,5327.6,6.5,0.573,0.547,3656.9,49.3,18.8,484.2,155.6,78.6,2.34,29.52,1.225,62.91,0.53,0.877,0.0,0.0,0.0,47.87,1,0.756,injector,0.88,none,43.31
2383,LOITER,6616.4,7.7,0.587,0.554,3393.9,61.0,21.8,424.3,142.7,79.9,2.11,21.28,2.597,76.61,0.626,0.0,0.0,0.0,0.605,44.17,1,0.522,mechanical,0.6,none,43.61
2384,ISR,7534.1,0.8,0.841,0.787,4997.0,71.8,37.6,598.7,193.7,98.0,2.02,24.47,0.835,26.09,0.765,0.0,0.0,0.578,0.0,46.74,1,0.523,lubrication,0.58,none,46.08
2385,LOITER,6592.0,7.7,0.514,0.485,3371.9,65.8,23.0,367.3,127.3,75.8,2.15,15.08,1.159,92.8,0.765,0.0,0.0,0.0,0.0,87.49,0,0.121,healthy,0.0,none,99.95
2386,DESERT_PATROL,13849.2,10.1,0.643,0.567,3996.0,51.7,21.7,476.0,159.9,81.8,2.55,17.11,1.275,60.47,0.765,0.0,0.0,0.0,0.0,83.23,0,0.248,healthy,0.0,none,94.07
2387,ISR,12266.0,-7.9,0.568,0.509,3636.6,57.3,22.0,391.8,127.2,68.1,2.58,15.24,1.237,92.73,0.765,0.0,0.0,0.0,0.0,84.47,0,0.24,healthy,0.0,none,98.01
2388,TRANSIT,12721.7,-10.1,0.515,0.459,3381.2,39.6,14.0,422.7,132.4,64.7,2.36,22.74,1.123,89.26,0.546,0.82,0.0,0.0,0.0,48.35,1,0.835,injector,0.82,none,46.2
2389,ISR,15783.6,-23.9,0.748,0.647,4527.4,55.9,26.8,515.5,155.0,64.5,3.49,18.99,1.08,65.49,0.765,0.0,0.0,0.0,0.0,92.25,0,0.14,healthy,0.0,none,108.1
2390,LOITER,4264.6,7.6,0.508,0.489,3339.1,71.7,24.8,367.7,148.4,77.1,2.13,15.58,1.113,71.57,0.765,0.0,0.997,0.0,0.0,48.17,1,1.0,cooling,1.0,none,50.44
2391,LOITER,7352.4,-0.1,0.458,0.429,3092.9,63.9,20.7,320.1,110.3,69.4,2.05,13.53,0.98,111.59,0.765,0.0,0.0,0.0,0.0,57.11,1,0.789,sensor,0.87,freeze,60.7
2392,DESERT_PATROL,7210.4,25.3,0.709,0.666,4342.6,64.8,29.5,541.3,193.2,95.4,2.42,20.83,1.237,26.56,0.765,0.0,0.469,0.0,0.0,46.27,1,0.476,cooling,0.47,none,45.41
2393,TRANSIT,5710.0,1.6,0.552,0.525,3559.7,70.7,26.4,388.4,130.2,74.5,2.29,16.67,1.276,89.92,0.765,0.0,0.0,0.0,0.0,82.91,0,0.151,healthy,0.0,none,90.64
2394,TRANSIT,9925.1,-6.4,0.85,0.777,5044.9,67.3,35.7,612.6,190.4,81.3,3.33,23.78,0.82,29.55,0.765,0.0,0.0,0.0,0.0,83.19,0,0.094,healthy,0.0,none,97.94
2395,ISR,4907.6,7.6,0.646,0.619,4009.4,73.8,31.1,459.0,156.2,82.1,2.57,19.36,1.291,64.39,0.765,0.0,0.0,0.0,0.0,85.26,0,0.151,healthy,0.0,none,98.63
2396,HIGH_ALTITUDE,15700.3,-12.2,0.866,0.749,5114.2,54.9,29.6,613.5,191.2,76.6,3.65,22.13,0.79,29.08,0.765,0.0,0.0,0.0,0.0,83.78,0,0.202,healthy,0.0,none,95.67
2397,DESERT_PATROL,12875.1,6.2,0.774,0.688,4562.0,50.0,24.0,595.6,191.3,84.9,2.87,23.23,1.754,28.81,0.666,0.118,0.0,0.0,0.118,59.0,0,0.185,combustion,0.24,none,60.68
2398,ISR,14505.1,-14.8,0.636,0.557,4002.7,55.1,23.0,439.2,143.8,66.5,2.89,16.62,1.297,77.4,0.765,0.0,0.345,0.0,0.0,63.23,1,0.351,cooling,0.34,none,66.76
2399,TRANSIT,8638.4,-6.1,0.541,0.501,3075.0,55.9,17.9,373.4,121.5,68.8,1.99,20.47,2.947,98.18,0.58,0.0,0.0,0.0,0.807,38.36,1,0.72,mechanical,0.81,none,33.01
2400,HIGH_ALTITUDE,15814.5,-13.2,0.871,0.753,4865.0,35.5,18.1,697.2,211.5,76.5,3.37,33.67,3.207,9.47,0.466,0.396,0.0,0.0,0.396,20.43,1,0.882,combustion,0.79,none,14.29
2401,ISR,7545.3,2.3,0.729,0.682,4440.4,69.6,32.3,527.0,170.3,81.3,2.87,21.07,1.155,49.61,0.765,0.0,0.0,0.0,0.0,78.61,0,0.034,healthy,0.0,none,89.01
2402,ISR,6365.4,2.5,0.767,0.725,4635.1,73.4,36.0,544.3,177.8,99.5,1.59,22.62,1.024,41.56,0.765,0.0,0.0,0.756,0.0,49.49,1,0.742,lubrication,0.76,none,44.13
2403,ISR,4628.4,9.2,0.693,0.666,4014.2,70.4,29.4,498.0,167.6,86.2,2.46,24.19,2.284,52.69,0.674,0.0,0.0,0.0,0.395,51.8,1,0.252,mechanical,0.39,none,47.65
2404,ISR,7586.5,0.3,0.756,0.707,4564.4,70.5,33.6,542.2,176.1,82.0,2.98,21.9,1.086,45.42,0.765,0.0,0.0,0.0,0.0,86.95,0,0.205,healthy,0.0,none,100.56
2405,ISR,12936.2,-11.9,0.772,0.687,4673.5,60.1,29.3,546.1,169.1,73.7,3.32,20.72,1.016,50.57,0.765,0.0,0.0,0.0,0.0,68.61,1,0.278,sensor,0.37,spike,73.45
2406,LOITER,4957.5,0.5,0.469,0.449,3148.9,70.3,23.1,325.4,110.8,70.5,2.06,14.15,1.025,109.13,0.765,0.0,0.0,0.0,0.0,86.86,0,0.175,healthy,0.0,none,97.87
2407,TRANSIT,6585.7,1.3,0.824,0.777,4887.5,74.0,38.3,589.6,188.6,85.3,3.21,24.44,0.902,29.95,0.765,0.0,0.0,0.0,0.0,83.69,0,0.116,healthy,0.0,none,98.04
2408,ISR,11321.3,-2.3,0.721,0.651,4401.0,61.1,28.2,525.2,166.7,77.9,2.97,19.8,1.175,54.3,0.765,0.0,0.0,0.0,0.0,88.62,0,0.146,healthy,0.0,none,103.41
2409,TRANSIT,10456.4,-5.4,0.782,0.712,4446.1,44.2,20.5,654.1,199.2,79.3,2.98,31.53,3.077,20.31,0.494,0.353,0.0,0.0,0.353,26.91,1,0.587,combustion,0.71,none,22.85
2410,ISR,11521.7,-8.4,0.541,0.488,3494.9,58.5,21.5,375.8,119.7,66.4,2.45,14.76,1.171,99.46,0.765,0.0,0.0,0.0,0.0,83.86,0,0.117,healthy,0.0,none,94.7
2411,HIGH_ALTITUDE,24528.9,-34.6,0.734,0.58,4331.4,32.6,14.7,535.9,154.2,55.5,3.36,21.57,2.342,65.25,0.6,0.203,0.0,0.0,0.203,52.04,1,0.3,combustion,0.41,none,56.35
2412,DESERT_PATROL,5531.1,28.8,0.704,0.67,4329.2,68.1,30.8,532.9,186.3,108.7,1.51,21.25,1.186,33.47,0.765,0.0,0.0,0.531,0.0,49.63,1,0.417,lubrication,0.53,none,46.17
2413,LOITER,6432.2,0.5,0.548,0.518,3374.2,66.1,23.5,384.3,129.0,73.7,2.21,17.55,1.845,91.34,0.703,0.0,0.0,0.0,0.27,62.8,0,0.307,mechanical,0.27,none,67.2
2414,DESERT_PATROL,8110.9,24.4,0.726,0.675,4095.6,36.2,15.7,661.7,214.6,95.6,2.31,43.71,3.975,4.46,0.407,0.492,0.0,0.0,0.492,12.28,1,0.917,combustion,0.98,none,13.0
2415,ISR,11349.2,-7.6,0.502,0.453,3311.2,46.9,16.2,386.7,124.9,65.7,2.32,15.31,1.113,96.23,0.622,0.535,0.0,0.0,0.0,53.81,1,0.553,injector,0.54,none,57.85
2416,HIGH_ALTITUDE,15968.1,-16.8,0.83,0.716,4948.6,47.6,24.9,624.5,186.6,71.9,3.59,22.78,0.862,33.08,0.664,0.378,0.0,0.0,0.0,58.49,1,0.336,injector,0.38,none,63.47
2417,DESERT_PATROL,8110.5,19.8,0.695,0.647,4277.2,63.5,28.4,521.1,180.3,91.0,2.56,20.03,1.268,42.25,0.765,0.0,0.0,0.0,0.0,79.5,0,0.245,healthy,0.0,none,87.87
2418,TRANSIT,2897.0,7.7,0.77,0.751,4654.5,74.6,36.1,567.4,188.0,87.8,2.85,28.16,1.049,32.3,0.695,0.261,0.0,0.0,0.0,63.15,0,0.294,injector,0.26,none,64.17
2419,LOITER,7579.8,2.1,0.517,0.484,3391.0,64.8,23.1,371.2,122.5,73.8,2.22,14.85,1.105,96.65,0.765,0.0,0.0,0.0,0.0,85.64,0,0.232,healthy,0.0,none,103.7
2420,LOITER,4892.2,0.6,0.445,0.426,3036.7,69.4,22.0,304.5,126.6,69.5,1.97,13.47,0.923,93.51,0.765,0.0,0.936,0.0,0.0,50.08,1,0.93,cooling,0.94,none,47.82
2421,LOITER,7603.4,2.3,0.432,0.404,2963.5,61.8,19.1,306.7,103.9,68.9,1.94,12.51,0.887,115.24,0.765,0.0,0.0,0.0,0.0,87.78,0,0.22,healthy,0.0,none,100.03
2422,LOITER,4893.7,6.3,0.417,0.4,2764.5,50.2,14.4,338.7,115.2,72.0,1.7,16.76,2.254,104.75,0.551,0.269,0.0,0.0,0.269,44.6,1,0.534,combustion,0.54,none,41.14
2423,DESERT_PATROL,10360.9,16.3,0.656,0.598,3516.2,48.8,17.9,491.3,168.3,86.3,2.06,25.86,3.547,53.11,0.55,0.0,0.0,0.0,0.937,35.98,1,0.84,mechanical,0.94,none,32.21
2424,LOITER,5984.1,7.7,0.518,0.492,3408.1,67.5,23.7,373.8,129.9,76.8,2.14,15.42,1.145,92.05,0.765,0.0,0.0,0.0,0.0,86.72,0,0.206,healthy,0.0,none,101.99
2425,HIGH_ALTITUDE,19597.1,-21.3,0.738,0.614,4495.7,37.3,17.7,576.7,168.0,64.2,3.38,19.79,1.13,52.08,0.605,0.599,0.0,0.0,0.0,57.27,1,0.517,injector,0.6,none,60.49
2426,LOITER,7012.7,5.7,0.585,0.55,3724.8,53.2,20.9,472.9,152.8,78.6,2.39,18.95,1.292,66.25,0.605,0.596,0.0,0.0,0.0,51.96,1,0.549,injector,0.6,none,50.36
2427,ISR,13557.6,-12.2,0.505,0.447,3342.1,53.9,18.7,341.5,108.8,62.7,2.36,13.34,1.111,110.24,0.765,0.0,0.0,0.0,0.0,75.52,0,0.135,healthy,0.0,none,83.56
2428,DESERT_PATROL,13599.1,1.1,0.531,0.469,3455.7,51.7,18.8,381.0,126.6,71.5,2.28,14.16,1.215,93.3,0.765,0.0,0.0,0.0,0.0,86.91,0,0.06,healthy,0.0,none,96.32
2429,TRANSIT,14790.9,-16.8,0.678,0.592,4182.4,55.6,24.4,471.6,145.8,79.1,1.81,17.74,1.231,75.22,0.765,0.0,0.0,0.672,0.0,53.44,1,0.58,lubrication,0.67,none,51.76
2430,DESERT_PATROL,12629.9,12.0,0.659,0.588,3755.8,49.5,19.6,493.9,163.7,83.8,2.33,21.17,2.61,55.56,0.644,0.0,0.0,0.0,0.528,45.86,1,0.39,mechanical,0.53,none,44.39
2431,LOITER,3230.2,5.3,0.457,0.445,3085.8,73.2,23.6,318.7,112.7,73.4,1.98,14.44,0.96,108.16,0.765,0.0,0.0,0.0,0.0,87.36,0,0.091,healthy,0.0,none,101.94
2432,HIGH_ALTITUDE,17274.8,-18.8,0.802,0.684,4788.4,52.2,26.4,561.7,172.2,69.0,3.52,20.02,0.933,48.57,0.765,0.0,0.0,0.0,0.0,90.63,0,0.072,healthy,0.0,none,101.99
2433,ISR,8442.8,-5.5,0.747,0.693,4547.5,61.4,29.2,558.7,173.2,78.0,3.05,25.83,1.146,45.05,0.675,0.336,0.0,0.0,0.0,63.15,1,0.299,injector,0.34,none,65.9
2434,ISR,13679.7,-9.8,0.749,0.661,3905.6,48.2,19.5,537.6,165.4,73.7,2.67,27.26,3.717,53.77,0.55,0.0,0.0,0.0,0.938,37.19,1,0.79,mechanical,0.94,none,35.63
2435,DESERT_PATROL,6843.2,18.3,0.636,0.599,3962.2,65.9,27.5,471.2,164.7,88.4,2.4,18.55,1.271,56.81,0.765,0.0,0.0,0.0,0.0,83.58,0,0.22,healthy,0.0,none,93.01
2436,HIGH_ALTITUDE,15818.2,-14.9,0.731,0.632,4446.8,53.7,25.2,515.0,157.3,70.1,3.23,18.71,1.148,61.48,0.765,0.0,0.0,0.0,0.0,89.36,0,0.084,healthy,0.0,none,106.63
2437,DESERT_PATROL,5543.5,21.7,0.773,0.736,4645.9,51.2,24.9,647.3,209.6,96.1,2.68,27.22,1.038,7.84,0.553,0.792,0.0,0.0,0.0,35.3,1,0.621,injector,0.79,none,33.54
2438,LOITER,6156.2,0.2,0.47,0.445,3163.6,67.3,22.2,328.6,111.8,70.2,2.07,14.1,1.011,108.93,0.765,0.0,0.0,0.0,0.0,57.17,1,0.775,sensor,0.92,noise,58.21
2439,HIGH_ALTITUDE,15447.5,-17.5,0.879,0.763,5209.6,56.8,31.0,627.8,188.5,74.2,3.76,22.67,0.767,30.73,0.765,0.0,0.0,0.0,0.0,84.89,0,0.203,healthy,0.0,none,98.49
2440,ISR,3642.1,8.9,0.786,0.762,4727.8,79.8,39.5,575.6,186.2,90.0,2.88,24.43,1.014,32.89,0.765,0.0,0.0,0.0,0.0,51.43,1,0.826,sensor,0.93,spike,54.28
2441,HIGH_ALTITUDE,21158.4,-25.9,0.79,0.646,4751.4,45.6,22.6,552.6,164.8,63.8,3.67,18.63,0.963,56.65,0.765,0.0,0.0,0.0,0.0,91.14,0,0.25,healthy,0.0,none,103.83
2442,LOITER,3249.8,9.1,0.458,0.445,3095.6,72.1,23.2,324.9,115.8,75.7,1.92,14.46,0.954,104.81,0.765,0.0,0.0,0.0,0.0,84.69,0,0.245,healthy,0.0,none,100.67
2443,ISR,10762.0,-5.8,0.785,0.712,4692.6,64.2,31.5,567.5,176.9,78.0,3.18,21.49,1.001,43.24,0.765,0.0,0.0,0.0,0.0,87.37,0,0.236,healthy,0.0,none,107.28
2444,DESERT_PATROL,6455.0,23.0,0.777,0.734,4681.5,68.3,33.4,582.7,198.8,97.1,2.66,22.94,1.015,21.91,0.765,0.0,0.0,0.0,0.0,74.14,0,0.249,healthy,0.0,none,83.22
2445,HIGH_ALTITUDE,18119.5,-18.4,0.914,0.772,5357.3,51.4,28.8,654.0,196.5,73.8,3.91,22.59,0.708,22.91,0.765,0.0,0.0,0.0,0.0,52.27,1,0.801,sensor,0.86,drift,52.77
2446,LOITER,3067.8,9.7,0.451,0.439,3046.5,72.2,23.1,323.3,114.0,91.7,0.97,14.26,0.955,105.81,0.765,0.0,0.0,0.801,0.0,52.71,1,0.749,lubrication,0.8,none,49.44
2447,DESERT_PATROL,15530.4,4.5,0.624,0.541,3929.0,49.0,20.1,459.9,149.2,77.0,2.59,15.93,1.297,69.18,0.765,0.0,0.0,0.0,0.0,86.17,0,0.164,healthy,0.0,none,101.03
2448,ISR,15621.1,-17.8,0.727,0.63,4450.7,54.7,25.2,504.4,157.2,67.7,3.29,18.67,1.118,64.97,0.765,0.0,0.0,0.0,0.0,88.37,0,0.048,healthy,0.0,none,103.22
2449,LOITER,6611.4,1.9,0.487,0.459,3244.6,66.3,22.3,338.9,115.6,81.2,1.5,14.47,1.035,103.65,0.765,0.0,0.0,0.465,0.0,57.85,1,0.41,lubrication,0.46,none,57.86
2450,HIGH_ALTITUDE,21364.5,-21.3,0.844,0.689,4386.0,38.1,17.5,602.4,178.2,68.1,3.21,26.52,3.451,40.41,0.566,0.0,0.0,0.0,0.866,35.69,1,0.836,mechanical,0.87,none,33.94
2451,DESERT_PATROL,15700.9,7.4,0.833,0.721,4935.4,50.7,26.5,620.8,199.4,86.6,3.14,21.38,0.826,19.85,0.765,0.0,0.0,0.0,0.0,69.3,0,0.222,healthy,0.0,none,70.34
2452,TRANSIT,10842.6,-11.3,0.591,0.536,3760.5,61.9,24.5,411.0,128.5,67.8,2.67,16.58,1.26,90.83,0.765,0.0,0.0,0.0,0.0,87.0,0,0.121,healthy,0.0,none,102.97
2453,ISR,14762.0,-16.6,0.813,0.71,4852.9,43.5,22.4,636.6,189.2,72.3,3.53,23.87,0.858,30.35,0.579,0.695,0.0,0.0,0.0,49.18,1,0.617,injector,0.69,none,45.78
2454,DESERT_PATROL,15815.5,12.1,0.617,0.533,3886.3,34.3,14.1,530.4,170.8,81.0,2.46,25.17,1.301,48.31,0.559,0.771,0.0,0.0,0.0,47.98,1,0.715,injector,0.77,none,46.09
2455,ISR,14258.8,-15.6,0.69,0.606,4248.7,56.7,25.3,476.6,148.1,68.1,3.11,18.2,1.26,71.64,0.765,0.0,0.0,0.0,0.0,79.89,0,0.133,healthy,0.0,none,91.19
2456,DESERT_PATROL,1534.5,26.0,0.841,0.83,5013.5,82.2,43.3,635.5,210.5,121.9,1.12,26.62,0.851,7.24,0.765,0.0,0.0,0.93,0.0,34.57,1,0.775,lubrication,0.93,none,28.78
2457,ISR,15081.6,-14.9,0.504,0.439,3096.2,31.3,10.1,441.0,132.6,61.2,2.19,20.75,3.378,87.06,0.437,0.443,0.0,0.0,0.443,32.85,1,0.786,combustion,0.89,none,26.41
2458,ISR,1138.8,10.6,0.842,0.833,5001.4,87.9,46.2,603.7,200.2,94.4,2.95,26.95,0.816,20.39,0.765,0.0,0.0,0.0,0.0,52.05,1,0.308,sensor,0.43,spike,52.02
2459,DESERT_PATROL,2923.1,36.5,0.578,0.564,3690.7,70.4,27.3,451.2,165.3,97.4,1.94,17.98,1.252,55.27,0.765,0.0,0.0,0.0,0.0,81.54,0,0.136,healthy,0.0,none,95.51
2460,LOITER,7753.1,1.5,0.43,0.401,2936.2,61.6,19.0,303.8,102.9,69.0,1.92,12.5,0.843,116.45,0.765,0.0,0.0,0.0,0.0,77.79,0,0.168,healthy,0.0,none,94.8
2461,DESERT_PATROL,9611.8,23.3,0.743,0.682,4524.5,59.9,28.3,556.5,206.5,94.0,2.55,21.12,1.126,16.51,0.765,0.0,0.625,0.0,0.0,41.22,1,0.59,cooling,0.63,none,36.73
2462,LOITER,3265.9,8.6,0.58,0.564,3714.9,76.4,30.0,414.7,147.4,81.0,2.33,18.22,1.284,70.93,0.765,0.0,0.442,0.0,0.0,56.11,1,0.411,cooling,0.44,none,59.47
2463,LOITER,6068.4,2.3,0.462,0.438,3117.8,49.0,15.9,383.8,127.5,70.1,2.02,15.91,0.979,93.16,0.562,0.757,0.0,0.0,0.0,51.29,1,0.69,injector,0.76,none,48.53
2464,TRANSIT,13923.3,-17.5,0.627,0.552,3928.2,56.8,23.4,432.2,132.5,64.5,2.95,16.56,1.322,87.5,0.765,0.0,0.0,0.0,0.0,84.58,0,0.041,healthy,0.0,none,93.09
2465,HIGH_ALTITUDE,18373.3,-20.8,0.941,0.793,5502.7,51.5,29.7,672.7,202.0,73.3,4.01,23.03,0.679,18.79,0.765,0.0,0.0,0.0,0.0,76.16,0,0.242,healthy,0.0,none,87.91
2466,DESERT_PATROL,4343.0,24.3,0.836,0.805,5007.3,74.5,38.8,632.0,209.8,109.9,1.88,25.57,0.844,8.66,0.765,0.0,0.0,0.45,0.0,41.91,1,0.386,lubrication,0.45,none,34.31
2467,HIGH_ALTITUDE,20781.8,-29.4,0.715,0.588,4371.4,46.1,21.2,494.4,163.8,59.0,3.47,16.7,1.174,53.27,0.765,0.0,0.994,0.0,0.0,53.06,1,0.891,cooling,0.99,none,56.24
2468,HIGH_ALTITUDE,24170.2,-31.3,0.889,0.705,4925.9,26.9,14.0,725.9,203.0,63.8,3.92,30.15,3.004,16.05,0.464,0.399,0.0,0.0,0.399,26.19,1,0.803,combustion,0.8,none,19.21
2469,LOITER,6530.6,3.0,0.479,0.452,3173.4,66.0,22.0,334.1,115.7,72.1,2.06,14.31,1.013,104.59,0.765,0.0,0.0,0.0,0.0,86.81,0,0.2,healthy,0.0,none,98.48
2470,DESERT_PATROL,10308.3,10.8,0.733,0.668,4472.3,60.8,28.3,536.0,178.7,85.8,2.76,20.61,1.159,40.72,0.765,0.0,0.0,0.0,0.0,82.07,0,0.246,healthy,0.0,none,94.44
2471,HIGH_ALTITUDE,21218.4,-24.0,0.789,0.646,4743.4,45.1,22.4,564.0,164.8,63.7,3.68,18.37,0.974,55.05,0.765,0.0,0.0,0.0,0.0,91.16,0,0.065,healthy,0.0,none,103.98
2472,HIGH_ALTITUDE,16075.0,-12.4,0.768,0.662,4642.6,53.1,25.8,551.6,169.4,72.1,3.36,19.41,1.029,51.04,0.765,0.0,0.0,0.0,0.0,87.62,0,0.185,healthy,0.0,none,99.32
2473,DESERT_PATROL,9431.2,15.8,0.708,0.65,4139.3,43.0,18.7,593.7,194.0,88.9,2.47,32.16,2.977,26.07,0.509,0.329,0.0,0.0,0.329,27.18,1,0.65,combustion,0.66,none,27.73
2474,ISR,5644.9,0.6,0.787,0.749,4529.5,56.6,26.8,612.8,193.8,83.7,2.91,31.68,2.654,23.04,0.544,0.279,0.0,0.0,0.279,33.28,1,0.446,combustion,0.56,none,33.53
2475,HIGH_ALTITUDE,24934.2,-30.3,0.806,0.634,4851.8,39.6,20.1,562.3,166.5,65.3,3.39,17.72,0.923,55.87,0.765,0.0,0.0,0.216,0.0,77.56,0,0.204,lubrication,0.22,none,83.32
2476,DESERT_PATROL,15202.6,6.0,0.754,0.656,4563.2,51.2,24.6,556.8,180.9,82.8,2.99,19.4,1.085,38.75,0.765,0.0,0.0,0.0,0.0,75.17,0,0.215,healthy,0.0,none,89.97
2477,LOITER,5187.8,3.9,0.447,0.427,3037.3,68.0,21.5,315.0,108.1,82.0,1.35,13.32,0.97,111.1,0.765,0.0,0.0,0.5,0.0,58.2,1,0.381,lubrication,0.5,none,58.37
2478,HIGH_ALTITUDE,18354.6,-15.8,0.875,0.737,4547.3,43.1,20.4,629.7,190.2,73.3,3.22,28.25,3.037,29.48,0.58,0.0,0.0,0.0,0.808,34.17,1,0.59,mechanical,0.81,none,27.78
2479,ISR,11036.4,-12.5,0.615,0.556,3867.1,62.2,25.4,426.4,132.7,67.9,2.77,16.94,1.299,86.62,0.765,0.0,0.0,0.0,0.0,85.49,0,0.245,healthy,0.0,none,98.41
2480,TRANSIT,3724.6,7.6,0.651,0.63,4065.5,52.2,22.1,539.9,177.1,82.8,2.56,35.08,1.315,44.4,0.518,0.924,0.0,0.0,0.0,43.73,1,0.86,injector,0.92,none,43.38
2481,DESERT_PATROL,4305.8,24.6,0.661,0.637,4113.1,71.4,30.8,501.5,185.0,93.8,2.3,19.91,1.262,33.96,0.765,0.0,0.671,0.0,0.0,46.8,1,0.579,cooling,0.67,none,44.77
2482,HIGH_ALTITUDE,22677.7,-34.3,0.872,0.702,5008.8,36.7,19.1,646.1,185.2,60.6,4.0,24.11,1.848,35.61,0.606,0.194,0.0,0.0,0.194,54.15,1,0.289,combustion,0.39,none,56.65
2483,HIGH_ALTITUDE,18984.7,-22.2,0.707,0.592,4335.3,48.2,21.6,493.8,146.9,63.1,3.29,17.2,1.235,72.48,0.765,0.0,0.0,0.0,0.0,89.87,0,0.083,healthy,0.0,none,102.59
2484,HIGH_ALTITUDE,16772.4,-13.9,0.863,0.739,5111.4,52.9,28.3,623.0,190.6,74.6,3.68,21.5,0.786,30.97,0.765,0.0,0.0,0.0,0.0,76.79,0,0.249,healthy,0.0,none,85.11
2485,DESERT_PATROL,15514.6,1.2,0.583,0.505,3717.6,35.7,13.8,493.1,153.8,73.5,2.52,17.32,1.308,65.16,0.558,0.774,0.0,0.0,0.0,48.32,1,0.748,injector,0.77,none,47.25
2486,DESERT_PATROL,7521.3,27.4,0.521,0.487,3205.0,38.7,13.0,469.9,163.7,88.1,1.77,26.92,3.288,57.01,0.468,0.393,0.0,0.0,0.393,35.03,1,0.672,combustion,0.79,none,29.64
2487,DESERT_PATROL,4351.8,25.2,0.586,0.565,3738.6,69.5,27.2,445.4,158.1,91.2,2.15,17.81,1.298,62.65,0.765,0.0,0.0,0.0,0.0,55.43,1,0.733,sensor,0.8,noise,56.06
2488,HIGH_ALTITUDE,24701.0,-33.4,0.895,0.706,5247.9,41.2,22.8,625.1,181.1,61.3,4.22,19.8,0.721,38.47,0.765,0.0,0.0,0.0,0.0,88.64,0,0.113,healthy,0.0,none,95.93
2489,DESERT_PATROL,11006.0,13.5,0.624,0.565,3922.9,56.8,23.3,468.2,155.9,83.2,2.4,17.31,1.304,62.56,0.765,0.0,0.0,0.0,0.0,84.19,0,0.217,healthy,0.0,none,93.7
2490,TRANSIT,7817.6,3.2,0.569,0.531,3648.4,65.4,24.9,407.9,135.3,75.6,2.38,16.51,1.305,84.19,0.765,0.0,0.0,0.0,0.0,83.36,0,0.195,healthy,0.0,none,95.77
2491,TRANSIT,14949.0,-13.0,0.639,0.557,4010.5,39.3,16.4,506.5,156.7,67.2,2.96,19.26,1.265,64.73,0.558,0.772,0.0,0.0,0.0,51.4,1,0.666,injector,0.77,none,54.53
2492,TRANSIT,6498.3,-0.3,0.569,0.537,3643.9,69.6,26.4,399.7,133.1,73.9,2.42,16.73,1.296,87.54,0.765,0.0,0.0,0.0,0.0,57.23,1,0.554,sensor,0.66,drift,55.65
2493,ISR,6827.0,-1.1,0.706,0.664,4225.4,61.1,26.9,529.4,169.7,79.5,2.76,23.93,2.136,49.06,0.634,0.159,0.0,0.0,0.159,57.36,1,0.252,combustion,0.32,none,61.34
2494,ISR,5445.0,0.6,0.548,0.522,3327.9,46.4,16.1,461.2,147.1,73.6,2.15,28.98,3.333,71.68,0.466,0.395,0.0,0.0,0.395,34.63,1,0.706,combustion,0.79,none,30.39
2495,DESERT_PATROL,12934.0,12.8,0.849,0.755,5047.1,42.4,22.3,691.0,222.5,91.9,3.12,34.45,0.788,-1.84,0.58,0.689,0.0,0.0,0.0,36.54,1,0.494,injector,0.69,none,29.92
2496,DESERT_PATROL,3340.7,34.7,0.589,0.572,3734.6,52.6,20.7,510.7,178.8,96.3,1.99,20.85,1.25,39.63,0.576,0.707,0.0,0.0,0.0,46.19,1,0.642,injector,0.71,none,44.97
2497,TRANSIT,7200.5,1.3,0.745,0.699,4506.3,71.1,33.6,534.1,171.1,95.0,1.84,21.85,1.09,47.04,0.765,0.0,0.0,0.606,0.0,53.65,1,0.585,lubrication,0.61,none,49.12
2498,LOITER,5256.2,3.9,0.48,0.458,3199.4,69.0,23.1,342.1,117.0,73.3,2.07,14.37,1.019,103.81,0.765,0.0,0.0,0.0,0.0,60.46,1,0.44,sensor,0.45,spike,67.05
2499,HIGH_ALTITUDE,17441.6,-20.5,0.929,0.79,5452.2,53.4,30.4,668.3,199.4,73.5,3.91,23.39,0.68,21.39,0.765,0.0,0.0,0.0,0.0,62.77,1,0.364,sensor,0.3,drift,63.11
2500,LOITER,7772.5,-2.2,0.537,0.501,3489.5,65.9,23.9,372.1,123.2,71.4,2.36,15.48,1.2,95.81,0.765,0.0,0.0,0.0,0.0,79.2,0,0.228,healthy,0.0,none,93.37
2501,ISR,10312.0,-6.2,0.657,0.599,4083.7,42.7,18.3,537.7,168.6,73.3,2.8,22.22,1.341,52.75,0.516,0.932,0.0,0.0,0.0,46.24,1,0.913,injector,0.93,none,44.75
2502,DESERT_PATROL,9145.4,24.9,0.52,0.48,3393.2,56.4,20.0,399.5,144.4,86.2,1.97,14.98,1.153,76.27,0.765,0.0,0.0,0.0,0.0,85.73,0,0.235,healthy,0.0,none,100.84
2503,DESERT_PATROL,9964.7,15.7,0.511,0.468,3373.9,56.2,20.0,385.0,150.5,80.4,2.07,14.32,1.094,70.88,0.765,0.0,0.752,0.0,0.0,52.27,1,0.751,cooling,0.75,none,53.32
2504,ISR,9034.5,-2.5,0.847,0.782,5040.7,48.8,25.7,677.3,209.9,83.6,3.3,28.47,0.819,9.93,0.544,0.825,0.0,0.0,0.0,38.06,1,0.697,injector,0.82,none,29.32
2505,DESERT_PATROL,3679.6,19.5,0.788,0.763,4488.5,51.6,24.0,678.6,220.3,95.5,2.54,41.21,3.184,-1.28,0.485,0.366,0.0,0.0,0.366,15.74,1,0.674,combustion,0.73,none,13.68
2506,DESERT_PATROL,13021.0,4.6,0.689,0.612,4256.2,55.2,24.5,506.3,165.4,80.6,2.73,18.69,1.253,55.11,0.765,0.0,0.0,0.0,0.0,57.78,1,0.633,sensor,0.77,drift,57.26
2507,DESERT_PATROL,3606.3,24.8,0.538,0.522,3502.3,70.2,25.7,407.3,146.8,99.6,1.26,16.75,1.189,73.71,0.765,0.0,0.0,0.56,0.0,55.43,1,0.479,lubrication,0.56,none,52.86
2508,ISR,1556.6,16.1,0.728,0.718,4451.8,82.9,38.1,533.1,183.1,92.2,2.6,23.13,1.145,40.29,0.765,0.0,0.0,0.0,0.0,54.87,1,0.561,sensor,0.69,noise,51.24
2509,TRANSIT,10771.4,-4.5,0.533,0.484,3320.8,43.1,14.9,421.3,134.5,69.0,2.27,20.15,2.718,85.66,0.533,0.294,0.0,0.0,0.294,40.3,1,0.563,combustion,0.59,none,37.28
2510,HIGH_ALTITUDE,16524.3,-17.8,0.917,0.787,5371.1,54.7,31.0,648.4,198.6,75.2,3.87,23.27,0.701,22.06,0.765,0.0,0.0,0.0,0.0,81.82,0,0.045,healthy,0.0,none,94.56
2511,DESERT_PATROL,12633.5,8.7,0.544,0.485,3515.2,52.6,19.3,398.5,134.4,77.4,2.23,14.68,1.224,84.17,0.765,0.0,0.0,0.0,0.0,83.12,0,0.088,healthy,0.0,none,97.32
2512,TRANSIT,10500.4,-4.1,0.54,0.491,3295.3,38.3,13.1,456.3,143.7,69.6,2.23,27.4,3.309,75.38,0.46,0.406,0.0,0.0,0.406,34.08,1,0.741,combustion,0.81,none,33.13
2513,DESERT_PATROL,11877.0,16.2,0.8,0.719,4777.5,57.0,28.6,605.2,199.1,92.6,2.9,21.65,0.95,20.8,0.765,0.0,0.0,0.0,0.0,73.58,0,0.23,healthy,0.0,none,76.66
2514,DESERT_PATROL,15066.8,4.8,0.65,0.566,4056.0,50.3,21.2,479.0,157.0,83.8,2.24,16.86,1.294,63.24,0.765,0.0,0.0,0.255,0.0,69.24,0,0.176,lubrication,0.25,none,70.89
2515,LOITER,5557.7,2.7,0.454,0.433,3076.1,67.6,21.8,318.5,109.6,71.2,2.0,13.76,0.989,110.45,0.765,0.0,0.0,0.0,0.0,84.76,0,0.219,healthy,0.0,none,98.16
2516,DESERT_PATROL,15086.0,3.3,0.716,0.624,4395.2,51.4,23.6,528.7,168.4,80.1,2.93,18.43,1.186,49.59,0.765,0.0,0.0,0.0,0.0,86.11,0,0.089,healthy,0.0,none,99.49
2517,LOITER,4986.8,6.7,0.449,0.43,3042.5,67.9,21.9,316.9,112.2,73.1,1.89,13.83,0.961,108.25,0.765,0.0,0.0,0.0,0.0,87.8,0,0.065,healthy,0.0,none,100.05
2518,DESERT_PATROL,9037.0,12.9,0.727,0.671,4444.7,63.3,29.6,541.1,179.1,88.2,2.7,20.55,1.15,40.65,0.765,0.0,0.0,0.0,0.0,84.39,0,0.034,healthy,0.0,none,93.32
2519,HIGH_ALTITUDE,23203.6,-32.5,0.893,0.715,5245.2,43.7,24.3,632.9,181.0,62.8,4.24,20.23,0.723,38.52,0.765,0.0,0.0,0.0,0.0,85.01,0,0.242,healthy,0.0,none,96.37
2520,DESERT_PATROL,10353.2,20.8,0.567,0.517,3634.5,55.7,21.0,432.3,151.2,85.6,2.13,15.93,1.267,69.21,0.765,0.0,0.0,0.0,0.0,82.74,0,0.185,healthy,0.0,none,86.81
2521,LOITER,4992.2,0.5,0.568,0.544,3659.9,73.4,28.0,394.6,150.8,74.7,2.44,17.39,1.23,69.16,0.765,0.0,0.856,0.0,0.0,50.61,1,0.752,cooling,0.86,none,49.91
2522,HIGH_ALTITUDE,15585.4,-16.4,0.8,0.693,4792.5,55.4,27.8,567.4,194.9,71.2,3.55,20.47,0.92,25.81,0.765,0.0,0.952,0.0,0.0,45.87,1,0.833,cooling,0.95,none,45.83
2523,DESERT_PATROL,13688.5,5.7,0.802,0.708,4800.6,55.0,27.7,596.6,192.1,84.8,3.05,21.31,0.954,28.66,0.765,0.0,0.0,0.0,0.0,81.25,0,0.139,healthy,0.0,none,94.01
2524,LOITER,5101.2,2.5,0.576,0.551,3678.5,72.8,28.1,409.4,136.6,96.0,0.99,17.4,1.276,83.91,0.765,0.0,0.0,0.993,0.0,47.86,1,0.911,lubrication,0.99,none,40.55
2525,ISR,3389.7,9.0,0.588,0.571,3739.5,66.5,26.0,448.1,150.1,80.9,2.36,22.57,1.287,68.76,0.668,0.361,0.0,0.0,0.0,59.03,1,0.389,injector,0.36,none,62.98
2526,HIGH_ALTITUDE,17769.8,-16.1,0.755,0.64,4568.9,37.0,17.7,590.7,180.5,69.8,3.3,29.21,1.086,41.17,0.565,0.749,0.0,0.0,0.0,51.11,1,0.643,injector,0.75,none,55.28
2527,DESERT_PATROL,3196.4,26.2,0.644,0.626,3824.0,51.6,20.4,565.3,189.2,93.2,2.12,27.93,3.172,29.85,0.509,0.33,0.0,0.0,0.33,28.67,1,0.634,combustion,0.66,none,25.12
2528,LOITER,4616.6,-1.7,0.496,0.476,3272.5,72.7,25.2,340.6,114.9,70.5,2.2,15.22,1.077,105.27,0.765,0.0,0.0,0.0,0.0,62.14,1,0.369,sensor,0.39,noise,62.42
2529,HIGH_ALTITUDE,18584.3,-23.0,0.926,0.779,5140.9,35.0,18.9,726.1,214.2,70.9,3.77,36.99,2.701,6.38,0.493,0.355,0.0,0.0,0.355,26.72,1,0.613,combustion,0.71,none,17.36
2530,TRANSIT,10456.2,-5.3,0.524,0.477,3419.2,59.8,21.5,366.5,118.4,68.3,2.37,14.65,1.181,100.73,0.765,0.0,0.0,0.0,0.0,80.13,0,0.053,healthy,0.0,none,86.54
2531,TRANSIT,6305.1,4.0,0.546,0.517,3528.6,54.0,20.0,444.0,144.0,75.7,2.27,23.08,1.229,76.33,0.603,0.604,0.0,0.0,0.0,52.82,1,0.502,injector,0.6,none,56.69
2532,DESERT_PATROL,5569.5,21.5,0.659,0.628,4091.8,68.8,29.7,498.8,171.3,91.4,2.39,19.63,1.29,49.49,0.765,0.0,0.0,0.0,0.0,83.16,0,0.07,healthy,0.0,none,96.3
2533,LOITER,5567.0,4.6,0.546,0.52,3541.4,70.2,26.0,390.2,132.2,76.2,2.3,16.24,1.212,88.58,0.765,0.0,0.0,0.0,0.0,83.8,0,0.227,healthy,0.0,none,100.61
2534,DESERT_PATROL,6207.6,24.4,0.559,0.529,3607.1,64.3,24.0,424.7,150.6,98.0,1.37,16.72,1.255,68.86,0.765,0.0,0.0,0.517,0.0,54.83,1,0.516,lubrication,0.52,none,56.39
2535,DESERT_PATROL,1197.7,27.2,0.664,0.657,3650.0,69.5,26.7,496.6,174.4,96.1,1.96,27.62,3.237,44.95,0.594,0.0,0.0,0.0,0.745,35.95,1,0.756,mechanical,0.75,none,33.61
2536,LOITER,6553.3,0.2,0.529,0.499,3448.6,68.2,24.5,376.9,131.3,72.9,2.25,15.71,1.164,89.26,0.765,0.0,0.4,0.0,0.0,57.91,1,0.445,cooling,0.4,none,58.68
2537,LOITER,4607.4,4.1,0.526,0.505,3429.3,72.2,26.1,369.4,126.4,75.1,2.23,16.07,1.171,93.77,0.765,0.0,0.0,0.0,0.0,73.98,0,0.146,healthy,0.0,none,79.91
2538,LOITER,7203.7,-0.1,0.479,0.449,3195.1,65.0,22.0,329.3,113.4,69.9,2.11,14.09,1.06,107.0,0.765,0.0,0.0,0.0,0.0,84.66,0,0.225,healthy,0.0,none,98.02
2539,HIGH_ALTITUDE,21531.5,-28.0,0.85,0.693,5031.9,45.8,24.1,601.9,175.7,64.0,3.94,19.86,0.792,44.62,0.765,0.0,0.0,0.0,0.0,92.74,0,0.029,healthy,0.0,none,107.86
2540,DESERT_PATROL,7434.3,20.2,0.746,0.698,4527.2,65.9,31.4,563.3,188.7,93.6,2.68,21.64,1.093,30.83,0.765,0.0,0.0,0.0,0.0,79.32,0,0.236,healthy,0.0,none,92.36
2541,LOITER,6540.2,1.4,0.414,0.391,2477.7,53.6,14.0,292.1,100.0,67.8,1.5,16.85,3.087,120.2,0.554,0.0,0.0,0.0,0.918,35.94,1,0.855,mechanical,0.92,none,32.97
2542,TRANSIT,6997.5,-2.1,0.576,0.541,3694.3,68.9,26.7,406.6,132.3,73.1,2.51,16.68,1.275,87.4,0.765,0.0,0.0,0.0,0.0,63.81,0,0.171,healthy,0.0,none,66.55
2543,TRANSIT,7944.6,1.6,0.709,0.661,4354.1,68.4,31.1,509.5,164.6,80.4,2.86,20.46,1.164,54.51,0.765,0.0,0.0,0.0,0.0,89.06,0,0.061,healthy,0.0,none,103.81
2544,ISR,11002.3,-8.9,0.668,0.605,4124.5,62.5,27.4,469.8,165.4,71.9,2.87,18.53,1.3,55.53,0.765,0.0,0.79,0.0,0.0,52.75,1,0.687,cooling,0.79,none,50.05
2545,DESERT_PATROL,4269.3,25.5,0.824,0.794,4905.1,74.2,38.0,622.1,210.1,100.4,2.66,25.66,0.9,10.28,0.765,0.0,0.0,0.0,0.0,73.58,0,0.104,healthy,0.0,none,75.85
2546,DESERT_PATROL,15018.5,5.3,0.601,0.524,3609.1,46.7,17.7,437.9,144.6,76.8,2.33,17.18,2.143,73.67,0.684,0.0,0.0,0.0,0.355,54.36,1,0.365,mechanical,0.35,none,54.94
2547,LOITER,5930.5,2.1,0.464,0.44,3119.6,67.1,22.1,326.4,111.6,70.5,2.01,13.83,0.969,108.74,0.765,0.0,0.0,0.0,0.0,69.67,0,0.257,sensor,0.3,noise,74.99
2548,DESERT_PATROL,15912.5,-0.2,0.614,0.531,3859.5,48.9,19.9,447.3,151.0,73.5,2.65,15.87,1.33,70.21,0.765,0.0,0.311,0.0,0.0,65.49,1,0.214,cooling,0.31,none,69.7
2549,TRANSIT,9911.1,-6.9,0.764,0.7,4615.2,66.3,32.0,553.4,171.4,77.8,3.15,21.58,1.065,48.87,0.765,0.0,0.0,0.0,0.0,79.33,0,0.241,healthy,0.0,none,89.42
2550,ISR,12898.2,-7.4,0.732,0.651,4455.2,58.6,27.2,527.3,162.1,74.7,3.13,19.43,1.175,55.77,0.765,0.0,0.0,0.0,0.0,86.39,0,0.242,healthy,0.0,none,101.29
2551,HIGH_ALTITUDE,19832.4,-23.4,0.927,0.77,5433.4,48.9,28.0,672.7,195.3,70.0,4.02,22.34,0.683,23.81,0.765,0.0,0.0,0.0,0.0,72.83,0,0.042,healthy,0.0,none,79.1
2552,DESERT_PATROL,5477.6,30.9,0.809,0.771,4846.3,69.5,35.3,618.5,210.3,103.3,2.51,24.64,0.901,8.48,0.765,0.0,0.0,0.0,0.0,72.26,0,0.054,healthy,0.0,none,75.34
2553,TRANSIT,3709.5,7.5,0.761,0.737,4596.4,79.5,38.3,544.7,184.2,87.6,2.82,23.45,1.033,39.6,0.765,0.0,0.0,0.0,0.0,85.31,0,0.065,healthy,0.0,none,100.77
2554,LOITER,6011.4,3.5,0.58,0.55,3705.6,70.2,27.3,415.9,137.3,76.8,2.41,17.24,1.28,81.86,0.765,0.0,0.0,0.0,0.0,83.36,0,0.145,healthy,0.0,none,95.67
2555,ISR,4742.2,2.6,0.616,0.591,3879.7,74.9,30.3,439.7,144.6,78.0,2.57,18.6,1.255,75.16,0.765,0.0,0.0,0.0,0.0,54.06,1,0.931,sensor,0.92,noise,58.23
2556,LOITER,7742.7,-1.6,0.484,0.452,3231.0,64.2,21.6,335.3,114.3,88.1,0.96,13.97,1.087,107.09,0.765,0.0,0.0,0.937,0.0,50.0,1,0.873,lubrication,0.94,none,55.46
2557,TRANSIT,5965.2,2.5,0.713,0.676,4396.4,73.6,33.7,510.8,167.4,82.6,2.84,21.48,1.194,53.57,0.765,0.0,0.0,0.0,0.0,83.63,0,0.203,healthy,0.0,none,98.25
2558,LOITER,3766.2,7.2,0.495,0.479,3277.2,57.8,19.9,397.3,134.6,76.1,2.09,21.61,1.123,85.92,0.608,0.585,0.0,0.0,0.0,54.02,1,0.48,injector,0.59,none,55.92
2559,DESERT_PATROL,14933.3,5.5,0.739,0.645,4501.8,51.7,24.3,555.2,181.2,83.1,2.89,19.32,1.126,37.62,0.765,0.0,0.316,0.0,0.0,61.09,1,0.384,cooling,0.32,none,60.95
2560,ISR,13265.5,-10.1,0.731,0.648,4222.9,41.2,18.3,585.9,182.5,73.8,2.94,31.15,3.069,39.01,0.514,0.323,0.0,0.0,0.323,35.04,1,0.567,combustion,0.65,none,31.4
2561,DESERT_PATROL,8653.2,20.8,0.839,0.777,4533.2,57.5,27.6,635.4,208.9,96.8,2.54,29.64,2.634,9.29,0.624,0.0,0.0,0.0,0.615,27.15,1,0.58,mechanical,0.61,none,27.92
2562,LOITER,6900.7,-3.8,0.557,0.524,3591.0,69.1,25.7,382.9,126.9,71.0,2.44,16.3,1.204,92.97,0.765,0.0,0.0,0.0,0.0,86.07,0,0.074,healthy,0.0,none,101.02
2563,TRANSIT,9410.5,-8.9,0.653,0.601,4039.3,66.2,28.2,455.0,145.4,71.4,2.81,18.51,1.267,75.33,0.765,0.0,0.0,0.0,0.0,86.73,0,0.225,healthy,0.0,none,100.58
2564,ISR,5103.3,8.9,0.637,0.609,3981.9,72.7,30.3,458.6,154.8,83.4,2.51,19.36,1.282,65.23,0.765,0.0,0.0,0.0,0.0,72.93,0,0.193,sensor,0.22,spike,76.45
2565,HIGH_ALTITUDE,16550.6,-17.5,0.835,0.717,4975.6,53.8,28.0,597.2,179.1,88.6,1.76,21.02,0.852,40.3,0.765,0.0,0.0,0.854,0.0,48.37,1,0.762,lubrication,0.85,none,50.14
2566,TRANSIT,10701.6,-10.2,0.539,0.489,3522.7,60.7,22.3,368.9,118.7,66.2,2.46,14.85,1.236,101.58,0.765,0.0,0.0,0.0,0.0,54.02,1,0.921,sensor,0.99,noise,53.56
2567,LOITER,4321.4,7.8,0.545,0.525,3542.6,72.7,26.8,392.6,133.6,77.9,2.22,16.88,1.226,86.38,0.765,0.0,0.0,0.0,0.0,85.23,0,0.115,healthy,0.0,none,99.11
2568,TRANSIT,3510.6,17.4,0.658,0.639,4089.9,75.4,32.3,488.1,166.5,90.0,2.44,20.43,1.279,53.75,0.765,0.0,0.0,0.0,0.0,73.47,0,0.234,sensor,0.2,noise,83.65
2569,HIGH_ALTITUDE,19569.2,-21.9,0.864,0.719,5101.1,48.6,26.3,617.5,182.6,69.0,3.84,20.78,0.781,36.73,0.765,0.0,0.0,0.0,0.0,56.98,1,0.854,sensor,0.93,drift,56.55
2570,HIGH_ALTITUDE,23540.2,-23.1,0.94,0.75,5533.0,41.8,23.8,677.0,201.2,69.8,4.13,21.45,0.689,19.89,0.765,0.0,0.0,0.0,0.0,83.59,0,0.117,healthy,0.0,none,93.65
2571,DESERT_PATROL,3800.2,24.2,0.794,0.768,4742.3,75.4,37.6,588.8,200.7,99.1,2.57,24.77,0.929,18.08,0.765,0.0,0.0,0.0,0.0,43.93,1,0.859,sensor,0.92,drift,35.89
2572,DESERT_PATROL,13264.5,8.6,0.666,0.591,4142.1,53.6,23.3,496.7,164.6,81.6,2.63,17.83,1.301,56.72,0.765,0.0,0.0,0.0,0.0,76.57,0,0.198,healthy,0.0,none,80.04
2573,TRANSIT,13242.3,-15.6,0.769,0.682,4477.5,57.9,27.2,540.5,166.2,72.1,3.2,22.07,1.734,54.26,0.709,0.0,0.0,0.0,0.245,68.55,0,0.281,mechanical,0.24,none,70.29
2574,TRANSIT,4680.4,3.9,0.77,0.739,4647.2,77.9,37.6,554.1,179.0,85.7,3.0,23.53,0.991,40.33,0.765,0.0,0.0,0.0,0.0,86.79,0,0.066,healthy,0.0,none,102.08
2575,ISR,6699.6,0.8,0.81,0.763,4836.0,73.6,37.4,580.3,186.2,85.3,3.08,23.89,0.924,33.44,0.765,0.0,0.0,0.0,0.0,53.11,1,0.779,sensor,0.96,spike,55.57
2576,DESERT_PATROL,2191.4,32.5,0.656,0.643,4049.3,75.1,32.3,500.3,177.9,98.9,2.19,20.79,1.294,41.94,0.765,0.0,0.0,0.0,0.0,79.7,0,0.157,healthy,0.0,none,88.78
2577,LOITER,6541.8,3.2,0.581,0.548,3707.0,68.9,26.7,420.6,137.4,76.1,2.42,17.16,1.208,81.95,0.765,0.0,0.0,0.0,0.0,81.88,0,0.188,healthy,0.0,none,90.14
2578,ISR,7464.1,-0.1,0.845,0.791,5022.3,72.2,37.8,602.5,193.9,85.6,3.25,24.55,0.84,26.21,0.765,0.0,0.0,0.0,0.0,77.62,0,0.143,healthy,0.0,none,86.03
2579,LOITER,6661.5,5.8,0.555,0.524,3594.3,67.3,25.2,395.1,134.1,76.6,2.28,16.44,1.246,85.29,0.765,0.0,0.0,0.0,0.0,84.85,0,0.244,healthy,0.0,none,98.65
2580,DESERT_PATROL,2004.3,40.4,0.812,0.798,4839.7,76.6,39.2,619.5,216.3,110.5,2.35,25.74,0.922,1.36,0.765,0.0,0.0,0.0,0.0,59.41,0,0.194,healthy,0.0,none,55.97
2581,TRANSIT,11689.4,-11.1,0.633,0.569,3979.5,60.7,25.2,437.5,138.4,87.6,1.26,17.1,1.337,81.27,0.765,0.0,0.0,0.942,0.0,47.09,1,0.973,lubrication,0.94,none,43.03
2582,LOITER,7966.3,0.4,0.542,0.505,3508.9,65.0,23.9,381.4,128.0,73.3,2.32,15.46,1.157,92.58,0.765,0.0,0.0,0.0,0.0,85.65,0,0.167,healthy,0.0,none,97.58
2583,LOITER,7980.8,1.9,0.401,0.373,2802.3,39.7,11.6,356.3,119.1,68.7,1.81,21.01,0.827,102.45,0.508,0.96,0.0,0.0,0.0,47.55,1,0.881,injector,0.96,none,49.92
2584,HIGH_ALTITUDE,20733.3,-30.9,0.942,0.774,5506.6,44.3,25.7,692.4,198.8,66.6,4.35,25.24,0.67,21.35,0.697,0.255,0.0,0.0,0.0,66.48,0,0.252,injector,0.25,none,70.88
2585,LOITER,3824.1,7.9,0.442,0.427,3011.5,70.3,22.2,314.7,111.5,74.3,1.88,13.75,0.915,109.17,0.765,0.0,0.0,0.0,0.0,87.01,0,0.106,healthy,0.0,none,106.58
2586,LOITER,7267.8,-0.1,0.478,0.448,3179.7,64.8,21.7,331.8,122.4,69.8,2.12,14.06,1.027,99.44,0.765,0.0,0.461,0.0,0.0,57.56,1,0.447,cooling,0.46,none,53.41
2587,DESERT_PATROL,4994.7,27.4,0.701,0.671,4311.7,48.4,21.8,599.1,205.3,96.8,2.36,25.36,1.196,17.22,0.531,0.876,0.0,0.0,0.0,35.08,1,0.745,injector,0.88,none,27.86
2588,ISR,10649.5,-7.2,0.681,0.619,3784.2,56.3,22.3,478.0,155.2,73.5,2.55,23.45,2.953,67.43,0.615,0.0,0.0,0.0,0.654,39.98,1,0.667,mechanical,0.65,none,45.16
2589,LOITER,6486.9,4.3,0.468,0.442,3139.7,65.4,21.5,331.5,113.8,72.2,2.01,13.83,0.987,105.85,0.765,0.0,0.0,0.0,0.0,85.78,0,0.158,healthy,0.0,none,96.52
2590,TRANSIT,13899.1,-16.0,0.831,0.732,4973.2,59.5,30.8,597.2,178.6,74.0,3.57,22.1,0.869,40.64,0.765,0.0,0.0,0.0,0.0,84.23,0,0.124,healthy,0.0,none,100.71
2591,LOITER,6586.0,-0.8,0.486,0.459,3235.9,67.0,22.7,333.7,113.8,70.5,2.15,14.45,1.038,106.14,0.765,0.0,0.0,0.0,0.0,84.17,0,0.165,healthy,0.0,none,95.63
2592,DESERT_PATROL,4076.3,23.6,0.661,0.638,4104.4,49.4,21.4,565.0,192.4,93.0,2.35,24.78,1.293,28.87,0.523,0.903,0.0,0.0,0.0,37.73,1,0.849,injector,0.9,none,33.53
2593,LOITER,4747.4,12.0,0.536,0.514,3468.7,46.5,16.8,467.7,152.4,80.4,2.16,19.86,1.186,64.72,0.506,0.966,0.0,0.0,0.0,46.59,1,0.832,injector,0.97,none,43.62
2594,TRANSIT,15701.5,-15.9,0.69,0.597,4244.7,53.6,24.0,480.4,148.9,67.3,3.11,17.61,1.24,71.68,0.765,0.0,0.0,0.0,0.0,89.51,0,0.053,healthy,0.0,none,102.71
2595,DESERT_PATROL,11051.6,9.2,0.766,0.693,4312.1,55.4,24.9,571.2,185.4,86.9,2.66,24.63,2.336,34.59,0.66,0.0,0.0,0.0,0.457,42.36,1,0.439,mechanical,0.46,none,42.04
2596,HIGH_ALTITUDE,20880.5,-27.9,0.829,0.68,4964.9,46.8,24.2,577.5,170.7,63.7,3.89,19.51,0.924,49.55,0.765,0.0,0.0,0.0,0.0,88.55,0,0.141,healthy,0.0,none,104.32
2597,LOITER,7454.8,0.9,0.487,0.456,3251.5,64.5,21.8,344.0,115.7,71.1,2.13,14.36,1.038,104.3,0.765,0.0,0.0,0.0,0.0,84.18,0,0.229,healthy,0.0,none,97.31
2598,HIGH_ALTITUDE,19179.8,-25.3,0.939,0.784,5256.7,36.6,20.1,719.2,207.9,70.5,3.86,30.98,2.405,11.18,0.527,0.304,0.0,0.0,0.304,33.68,1,0.477,combustion,0.61,none,24.09
2599,LOITER,7364.4,-1.3,0.408,0.383,2552.7,55.2,14.8,280.2,96.3,66.9,1.59,15.28,2.388,123.59,0.609,0.0,0.0,0.0,0.678,44.98,1,0.554,mechanical,0.68,none,40.42
2600,DESERT_PATROL,11839.7,9.2,0.677,0.608,4002.4,40.3,16.9,565.2,181.4,83.5,2.47,28.92,3.081,38.33,0.517,0.318,0.0,0.0,0.318,33.71,1,0.495,combustion,0.64,none,33.8
2601,ISR,14376.0,-13.6,0.572,0.501,3656.8,53.9,20.6,394.7,124.6,76.0,1.69,14.86,1.296,96.43,0.765,0.0,0.0,0.577,0.0,53.9,1,0.541,lubrication,0.58,none,51.51
2602,DESERT_PATROL,15456.9,8.5,0.551,0.478,3569.0,47.2,17.6,412.3,137.1,95.0,1.02,14.06,1.207,82.19,0.765,0.0,0.0,0.947,0.0,49.98,1,0.779,lubrication,0.95,none,48.64
2603,LOITER,4120.8,7.3,0.461,0.444,3108.3,70.4,22.9,323.3,114.4,74.6,1.97,14.09,0.957,105.46,0.765,0.0,0.0,0.0,0.0,85.51,0,0.062,healthy,0.0,none,99.41
2604,ISR,6312.5,1.6,0.541,0.511,3516.8,68.8,25.2,381.9,127.2,73.6,2.29,15.88,1.21,92.22,0.765,0.0,0.0,0.0,0.0,85.51,0,0.209,healthy,0.0,none,94.32
2605,ISR,12384.3,-2.5,0.779,0.697,4039.6,49.6,20.9,568.7,179.2,80.3,2.65,29.44,3.672,41.15,0.549,0.0,0.0,0.0,0.942,32.9,1,0.855,mechanical,0.94,none,29.38
2606,HIGH_ALTITUDE,17777.1,-21.7,0.776,0.658,4696.6,51.4,25.1,547.9,163.9,66.3,3.59,19.17,1.004,56.89,0.765,0.0,0.0,0.0,0.0,92.2,0,0.224,healthy,0.0,none,106.78
2607,ISR,9801.6,-6.7,0.794,0.727,4755.0,67.0,33.5,561.5,181.5,79.1,3.22,22.18,0.933,42.14,0.765,0.0,0.0,0.0,0.0,88.29,0,0.03,healthy,0.0,none,102.09
2608,HIGH_ALTITUDE,15599.3,-18.2,0.759,0.658,4616.0,55.2,26.4,525.5,167.9,68.6,3.48,19.62,1.078,50.54,0.765,0.0,0.445,0.0,0.0,62.41,1,0.362,cooling,0.45,none,64.55
2609,HIGH_ALTITUDE,16970.2,-19.3,0.782,0.669,4190.7,46.2,20.2,551.8,166.2,68.4,3.01,25.03,3.191,53.51,0.596,0.0,0.0,0.0,0.738,40.76,1,0.703,mechanical,0.74,none,34.3
2610,TRANSIT,12028.7,-5.0,0.536,0.481,3480.7,56.5,20.5,379.4,121.8,69.0,2.38,14.56,1.227,97.48,0.765,0.0,0.0,0.0,0.0,80.75,0,0.214,healthy,0.0,none,91.51
2611,DESERT_PATROL,15624.6,0.8,0.733,0.635,4476.8,51.0,23.9,540.3,171.9,79.9,2.98,18.83,1.136,47.95,0.765,0.0,0.0,0.0,0.0,87.01,0,0.114,healthy,0.0,none,99.64
2612,DESERT_PATROL,3885.7,28.2,0.788,0.761,4708.3,50.5,25.0,669.3,221.1,101.5,2.54,42.41,0.966,-2.75,0.522,0.908,0.0,0.0,0.0,29.76,1,0.722,injector,0.91,none,24.41
2613,LOITER,4663.1,3.4,0.545,0.523,3243.3,66.9,22.9,388.1,128.4,76.0,2.07,19.57,2.352,90.07,0.649,0.0,0.0,0.0,0.507,47.24,1,0.458,mechanical,0.51,none,42.97
2614,LOITER,6675.9,6.4,0.468,0.441,3022.5,61.9,19.5,336.6,115.2,73.8,1.85,14.75,1.581,104.05,0.707,0.0,0.0,0.0,0.254,66.28,0,0.259,mechanical,0.25,none,67.36
2615,DESERT_PATROL,12492.3,9.4,0.71,0.634,4347.4,55.7,25.5,526.1,172.2,99.5,1.35,19.27,1.19,46.6,0.765,0.0,0.0,0.808,0.0,50.12,1,0.725,lubrication,0.81,none,49.95
2616,TRANSIT,9721.3,-6.6,0.755,0.692,4581.2,66.6,32.2,535.2,169.3,77.2,3.11,21.09,1.097,50.73,0.765,0.0,0.0,0.0,0.0,86.56,0,0.1,healthy,0.0,none,96.85
2617,HIGH_ALTITUDE,24001.4,-31.5,0.72,0.572,4392.5,40.6,18.7,495.1,142.8,56.8,3.45,15.9,1.141,76.64,0.765,0.0,0.0,0.0,0.0,90.86,0,0.09,healthy,0.0,none,106.96
2618,ISR,9765.3,-5.5,0.707,0.647,4331.7,65.4,29.6,497.2,160.3,76.2,2.99,19.86,1.179,60.57,0.765,0.0,0.0,0.0,0.0,89.4,0,0.062,healthy,0.0,none,103.19
2619,TRANSIT,15213.4,-12.6,0.788,0.686,4719.0,55.2,27.6,569.2,172.7,73.5,3.32,20.22,0.945,46.85,0.765,0.0,0.0,0.0,0.0,85.55,0,0.089,healthy,0.0,none,101.96
2620,ISR,10084.4,-7.2,0.793,0.724,4466.8,41.9,19.9,656.7,200.2,78.2,3.0,34.57,3.465,19.28,0.452,0.417,0.0,0.0,0.417,24.71,1,0.643,combustion,0.83,none,24.59
2621,HIGH_ALTITUDE,18408.4,-22.7,0.881,0.742,5205.1,38.9,21.4,679.3,202.4,69.6,3.92,24.11,0.727,19.4,0.579,0.694,0.0,0.0,0.0,46.92,1,0.576,injector,0.69,none,49.51
2622,DESERT_PATROL,6372.0,17.8,0.591,0.558,3742.2,66.1,26.1,440.9,163.5,85.7,2.22,17.44,1.271,55.28,0.765,0.0,0.645,0.0,0.0,52.74,1,0.636,cooling,0.65,none,50.96
2623,HIGH_ALTITUDE,17094.5,-17.4,0.797,0.68,4794.2,52.2,26.2,566.1,189.1,69.9,3.49,20.03,0.951,32.0,0.765,0.0,0.803,0.0,0.0,49.95,1,0.733,cooling,0.8,none,50.0
2624,HIGH_ALTITUDE,16179.3,-19.4,0.715,0.616,4393.2,53.6,24.7,504.9,150.5,65.5,3.24,18.06,1.206,68.81,0.765,0.0,0.0,0.0,0.0,59.89,1,0.68,sensor,0.78,spike,57.96
2625,ISR,1482.5,9.6,0.615,0.608,3868.4,82.3,33.2,433.6,149.8,83.1,2.43,19.76,1.314,70.36,0.765,0.0,0.0,0.0,0.0,83.69,0,0.136,healthy,0.0,none,94.78
2626,TRANSIT,6214.4,6.5,0.589,0.557,3754.6,69.2,27.1,421.5,140.9,79.3,2.38,17.68,1.28,77.47,0.765,0.0,0.0,0.0,0.0,85.43,0,0.208,healthy,0.0,none,97.03
2627,ISR,13826.5,-13.9,0.527,0.465,3423.1,54.2,19.5,365.0,112.8,62.6,2.48,13.88,1.149,106.66,0.765,0.0,0.0,0.0,0.0,58.37,1,0.551,sensor,0.66,noise,56.1
2628,LOITER,6989.0,0.2,0.595,0.559,3796.2,68.9,27.3,419.0,139.9,75.7,2.52,17.48,1.291,81.27,0.765,0.0,0.0,0.0,0.0,81.07,0,0.147,healthy,0.0,none,91.03
2629,ISR,1115.9,7.0,0.62,0.614,3883.6,84.3,34.3,431.7,149.9,80.7,2.46,19.91,1.304,71.68,0.765,0.0,0.0,0.0,0.0,83.99,0,0.164,healthy,0.0,none,92.66
2630,DESERT_PATROL,10834.3,8.8,0.66,0.599,4101.6,58.8,25.3,497.6,161.6,82.8,2.56,18.44,1.288,58.55,0.765,0.0,0.0,0.0,0.0,78.99,0,0.132,healthy,0.0,none,90.19
2631,DESERT_PATROL,7608.1,22.6,0.681,0.636,4206.7,47.6,20.9,569.8,191.1,92.6,2.44,22.46,1.268,28.04,0.571,0.726,0.0,0.0,0.0,41.38,1,0.628,injector,0.73,none,40.54
2632,LOITER,7941.2,-2.4,0.521,0.486,2932.2,54.8,16.9,363.0,120.0,70.9,1.89,21.01,3.345,99.54,0.556,0.0,0.0,0.0,0.912,36.87,1,0.766,mechanical,0.91,none,32.49
2633,ISR,6343.0,-2.3,0.592,0.56,3753.1,71.2,27.9,418.5,135.1,73.8,2.54,17.7,1.251,84.11,0.765,0.0,0.0,0.0,0.0,86.29,0,0.114,healthy,0.0,none,102.52
2634,LOITER,5371.5,4.4,0.412,0.393,2856.6,65.9,19.7,285.9,108.0,70.3,1.82,12.48,0.848,111.94,0.765,0.0,0.385,0.0,0.0,61.14,1,0.345,cooling,0.39,none,67.57
2635,TRANSIT,4484.4,9.2,0.841,0.809,5018.3,78.1,40.7,606.4,208.9,91.2,3.0,25.78,0.802,10.51,0.765,0.0,0.545,0.0,0.0,43.7,1,0.443,cooling,0.54,none,47.39
2636,ISR,7470.5,4.3,0.748,0.7,4551.6,69.6,33.3,532.4,176.2,84.4,2.9,21.78,1.109,43.74,0.765,0.0,0.0,0.0,0.0,83.14,0,0.093,healthy,0.0,none,95.67
2637,LOITER,3916.3,4.9,0.554,0.536,3548.3,74.8,27.8,396.0,133.4,77.1,2.25,17.06,1.206,86.93,0.765,0.0,0.0,0.0,0.0,84.37,0,0.221,healthy,0.0,none,94.39
2638,DESERT_PATROL,11490.5,9.7,0.614,0.553,3863.4,56.3,22.8,452.9,153.0,80.9,2.45,16.76,1.286,67.82,0.765,0.0,0.0,0.0,0.0,86.83,0,0.049,healthy,0.0,none,98.96
2639,DESERT_PATROL,12209.9,13.3,0.509,0.456,3334.2,51.8,18.1,385.7,132.5,77.4,2.08,13.92,1.127,88.05,0.765,0.0,0.0,0.0,0.0,55.6,1,0.845,sensor,0.97,drift,55.03
2640,HIGH_ALTITUDE,20319.7,-24.2,0.794,0.656,4771.6,46.9,23.8,563.3,164.0,64.8,3.72,18.84,0.996,54.36,0.765,0.0,0.0,0.0,0.0,93.1,0,0.138,healthy,0.0,none,104.35
2641,LOITER,6383.1,1.0,0.564,0.533,3527.4,58.7,21.4,427.9,140.5,75.4,2.31,19.71,2.069,80.71,0.631,0.161,0.0,0.0,0.161,56.28,1,0.294,combustion,0.32,none,58.78
2642,ISR,6706.5,4.7,0.6,0.566,3788.5,68.6,27.6,432.5,141.8,78.0,2.47,17.8,1.289,76.3,0.765,0.0,0.0,0.0,0.0,85.32,0,0.133,healthy,0.0,none,98.37
2643,HIGH_ALTITUDE,20166.1,-24.3,0.702,0.581,4300.7,46.2,20.8,494.9,146.6,61.5,3.33,16.69,1.201,75.2,0.765,0.0,0.0,0.0,0.0,84.65,0,0.169,healthy,0.0,none,95.45
2644,HIGH_ALTITUDE,15787.1,-13.6,0.744,0.643,4525.1,53.6,25.5,526.1,161.3,70.5,3.26,19.17,1.094,57.64,0.765,0.0,0.0,0.0,0.0,85.06,0,0.05,healthy,0.0,none,94.7
2645,LOITER,7394.0,-6.4,0.518,0.485,3392.4,67.4,24.1,358.6,117.0,67.5,2.3,15.13,1.152,103.65,0.765,0.0,0.0,0.0,0.0,86.61,0,0.225,healthy,0.0,none,95.26
2646,LOITER,6264.3,4.6,0.426,0.403,2832.7,51.8,15.5,350.7,118.2,70.6,1.81,16.51,1.94,101.52,0.598,0.206,0.0,0.0,0.206,50.37,1,0.36,combustion,0.41,none,51.02
2647,DESERT_PATROL,1698.1,26.2,0.713,0.702,4377.7,79.4,36.4,541.3,185.1,97.9,2.46,22.79,1.192,35.01,0.765,0.0,0.0,0.0,0.0,54.18,1,0.339,sensor,0.42,noise,56.58
2648,DESERT_PATROL,15485.9,2.9,0.604,0.524,3821.3,49.0,19.5,442.1,152.7,75.2,2.58,15.57,1.341,69.1,0.765,0.0,0.358,0.0,0.0,61.26,1,0.289,cooling,0.36,none,64.3
2649,HIGH_ALTITUDE,15723.2,-6.7,0.821,0.71,4185.1,44.0,19.2,590.7,185.6,78.5,2.73,30.02,3.833,34.57,0.537,0.0,0.0,0.0,0.991,29.8,1,0.906,mechanical,0.99,none,24.59
2650,HIGH_ALTITUDE,19250.5,-20.3,0.731,0.611,4453.9,47.6,22.3,511.9,154.7,65.2,3.35,17.74,1.183,65.34,0.765,0.0,0.0,0.0,0.0,81.09,0,0.128,healthy,0.0,none,94.3
2651,TRANSIT,4379.0,11.0,0.557,0.536,3600.1,72.0,27.1,400.9,139.1,80.6,2.2,17.09,1.206,81.17,0.765,0.0,0.0,0.0,0.0,87.49,0,0.044,healthy,0.0,none,98.65
2652,LOITER,4214.3,11.0,0.433,0.418,2967.8,68.1,21.2,308.2,112.2,75.2,1.81,13.42,0.891,108.33,0.765,0.0,0.0,0.0,0.0,86.34,0,0.043,healthy,0.0,none,100.68
2653,LOITER,4770.0,3.7,0.513,0.492,3049.1,64.0,20.4,364.6,123.9,74.2,1.93,19.15,2.491,96.85,0.619,0.0,0.0,0.0,0.635,43.94,1,0.607,mechanical,0.63,none,42.67
2654,ISR,13543.8,-4.6,0.783,0.692,4698.4,57.2,28.2,570.4,178.2,97.1,1.4,20.65,1.044,41.77,0.765,0.0,0.0,0.946,0.0,46.65,1,0.905,lubrication,0.95,none,45.39
2655,TRANSIT,7885.9,-1.7,0.838,0.781,4990.5,49.7,26.0,675.9,206.3,83.9,3.26,29.12,0.856,10.84,0.532,0.87,0.0,0.0,0.0,36.8,1,0.8,injector,0.87,none,33.69
2656,ISR,5248.8,5.5,0.757,0.723,4214.6,68.8,30.2,534.7,180.2,85.4,2.6,27.39,2.621,41.65,0.64,0.0,0.0,0.0,0.546,41.58,1,0.511,mechanical,0.55,none,44.5
2657,HIGH_ALTITUDE,24527.5,-34.2,0.898,0.709,4920.6,24.2,12.5,707.5,201.5,61.5,3.86,33.01,3.541,17.2,0.413,0.482,0.0,0.0,0.482,23.15,1,0.953,combustion,0.96,none,22.24
2658,HIGH_ALTITUDE,21211.4,-24.7,0.705,0.577,4326.0,44.3,20.1,493.3,144.0,61.2,3.33,16.49,1.228,74.72,0.765,0.0,0.0,0.0,0.0,90.61,0,0.089,healthy,0.0,none,101.53
2659,LOITER,6875.0,0.8,0.588,0.553,3749.6,68.9,26.9,419.3,138.1,75.8,2.49,17.11,1.259,82.28,0.765,0.0,0.0,0.0,0.0,79.33,0,0.132,healthy,0.0,none,90.24
2660,LOITER,5064.4,2.1,0.469,0.448,3147.3,69.6,22.9,325.3,123.0,71.4,2.04,14.13,0.981,98.67,0.765,0.0,0.52,0.0,0.0,57.42,1,0.446,cooling,0.52,none,56.93
2661,TRANSIT,12007.0,-8.4,0.568,0.509,3637.3,58.0,21.9,401.6,126.5,67.9,2.57,15.42,1.265,93.35,0.765,0.0,0.0,0.0,0.0,83.96,0,0.14,healthy,0.0,none,95.4
2662,HIGH_ALTITUDE,17614.4,-24.7,0.934,0.793,5470.5,54.0,30.9,660.7,194.9,70.9,4.1,23.05,0.693,23.98,0.765,0.0,0.0,0.0,0.0,84.29,0,0.066,healthy,0.0,none,94.07
2663,HIGH_ALTITUDE,24618.5,-29.5,0.796,0.628,4772.9,39.9,20.2,563.3,162.4,60.4,3.77,17.4,0.956,57.58,0.765,0.0,0.0,0.0,0.0,83.83,0,0.045,healthy,0.0,none,99.16
2664,TRANSIT,1502.1,11.3,0.82,0.81,4882.4,86.2,44.3,592.9,194.7,93.2,2.87,26.65,0.869,24.26,0.765,0.0,0.0,0.0,0.0,74.35,0,0.202,healthy,0.0,none,84.03
2665,ISR,3408.3,8.0,0.567,0.55,3640.6,75.8,28.7,405.4,139.4,79.8,2.28,18.01,1.263,81.86,0.765,0.0,0.0,0.0,0.0,65.15,1,0.3,sensor,0.33,drift,67.95
2666,ISR,8297.5,3.5,0.792,0.736,4524.0,47.1,22.4,651.6,206.4,85.6,2.82,33.09,3.12,14.96,0.5,0.343,0.0,0.0,0.343,24.09,1,0.61,combustion,0.69,none,16.93
2667,ISR,1708.5,9.3,0.519,0.511,3393.4,78.7,28.1,367.5,128.1,77.7,2.15,16.68,1.106,91.73,0.765,0.0,0.0,0.0,0.0,85.03,0,0.106,healthy,0.0,none,100.27
2668,DESERT_PATROL,11913.0,20.6,0.693,0.622,4262.0,54.6,24.4,531.3,176.9,90.4,2.52,18.89,1.2,40.93,0.765,0.0,0.0,0.0,0.0,52.0,1,0.796,sensor,0.9,noise,53.67
2669,LOITER,6734.1,-3.5,0.482,0.455,3216.2,67.2,22.6,331.6,126.3,68.0,2.18,14.28,1.084,96.0,0.765,0.0,0.687,0.0,0.0,53.96,1,0.629,cooling,0.69,none,54.56
2670,DESERT_PATROL,6246.9,23.7,0.726,0.687,4437.5,67.8,31.7,543.1,186.2,95.0,2.53,21.65,1.155,32.62,0.765,0.0,0.0,0.0,0.0,78.01,0,0.202,healthy,0.0,none,92.93
2671,TRANSIT,15499.5,-15.9,0.544,0.472,3075.6,44.2,14.3,365.5,116.6,61.6,2.19,18.55,3.081,104.35,0.577,0.0,0.0,0.0,0.821,37.79,1,0.728,mechanical,0.82,none,37.46
2672,LOITER,4183.9,11.5,0.489,0.471,3132.1,67.7,22.1,354.5,125.8,77.5,1.91,16.19,1.585,95.7,0.711,0.0,0.0,0.0,0.236,67.6,0,0.242,mechanical,0.24,none,76.55
2673,HIGH_ALTITUDE,16727.3,-19.5,0.717,0.614,4402.6,52.5,24.2,501.0,154.1,66.1,3.27,18.13,1.186,68.52,0.765,0.0,0.0,0.0,0.0,75.7,0,0.185,healthy,0.0,none,84.78
2674,HIGH_ALTITUDE,22736.1,-35.8,0.899,0.724,5265.8,45.3,25.1,631.3,181.1,68.6,3.3,20.54,0.703,40.0,0.765,0.0,0.0,0.369,0.0,62.07,1,0.304,lubrication,0.37,none,63.42
2675,DESERT_PATROL,6205.7,25.0,0.569,0.538,3645.2,64.4,24.5,428.6,153.4,89.5,2.13,16.67,1.262,66.22,0.765,0.0,0.0,0.0,0.0,78.0,0,0.089,healthy,0.0,none,90.66
2676,DESERT_PATROL,11757.6,9.7,0.702,0.632,4319.9,57.2,25.9,520.5,172.6,84.7,2.71,18.98,1.25,48.13,0.765,0.0,0.0,0.0,0.0,83.13,0,0.073,healthy,0.0,none,94.05
2677,ISR,1414.0,15.6,0.61,0.602,3859.2,67.3,27.1,488.1,163.1,86.5,2.28,25.44,1.268,56.76,0.638,0.473,0.0,0.0,0.0,54.39,1,0.434,injector,0.47,none,57.36
2678,DESERT_PATROL,5072.3,20.9,0.502,0.48,3242.6,57.1,19.4,398.2,141.4,83.7,1.89,17.27,1.849,78.39,0.646,0.143,0.0,0.0,0.143,61.46,0,0.202,combustion,0.29,none,62.63
2679,HIGH_ALTITUDE,20860.7,-29.1,0.893,0.734,5240.3,47.7,26.5,634.2,183.6,65.6,4.02,20.79,0.726,36.01,0.765,0.0,0.0,0.0,0.0,83.33,0,0.16,healthy,0.0,none,92.03
2680,HIGH_ALTITUDE,21565.3,-25.8,0.714,0.582,4371.2,44.0,20.0,494.0,145.3,60.8,3.43,16.61,1.231,73.55,0.765,0.0,0.0,0.0,0.0,91.57,0,0.032,healthy,0.0,none,110.71
2681,ISR,3842.4,5.2,0.803,0.777,4819.1,61.0,31.0,637.4,200.8,88.5,3.03,28.04,0.947,17.77,0.58,0.692,0.0,0.0,0.0,42.56,1,0.563,injector,0.69,none,38.98
2682,HIGH_ALTITUDE,23385.7,-29.3,0.945,0.755,5537.4,43.2,24.9,665.3,196.8,66.6,4.25,21.1,0.709,24.04,0.765,0.0,0.0,0.0,0.0,79.74,0,0.082,healthy,0.0,none,90.28
2683,HIGH_ALTITUDE,21465.8,-23.9,0.926,0.756,5434.5,45.7,26.2,664.4,205.7,69.8,4.13,21.63,0.697,14.02,0.765,0.0,0.56,0.0,0.0,49.59,1,0.476,cooling,0.56,none,49.82
2684,ISR,7061.7,3.2,0.694,0.652,4276.7,70.0,31.3,498.9,163.9,80.6,2.77,20.68,1.237,56.68,0.765,0.0,0.0,0.0,0.0,84.59,0,0.111,healthy,0.0,none,99.14
2685,TRANSIT,8944.1,1.6,0.636,0.587,3983.4,64.5,26.8,455.2,166.3,77.0,2.62,18.06,1.346,55.23,0.765,0.0,0.762,0.0,0.0,51.82,1,0.651,cooling,0.76,none,48.41
2686,TRANSIT,6560.5,1.0,0.807,0.761,4802.3,73.9,37.9,573.4,190.3,85.1,3.08,23.78,0.963,30.39,0.765,0.0,0.232,0.0,0.0,67.11,0,0.226,cooling,0.23,none,77.81
2687,TRANSIT,4462.8,12.2,0.59,0.567,3767.2,72.4,28.3,435.0,149.4,82.7,2.29,18.31,1.257,72.85,0.765,0.0,0.0,0.0,0.0,78.36,0,0.236,healthy,0.0,none,88.78
2688,ISR,9741.2,-5.4,0.795,0.728,4771.4,66.8,33.5,557.9,177.3,79.3,3.18,22.6,0.964,40.93,0.765,0.0,0.0,0.0,0.0,73.96,0,0.173,sensor,0.23,drift,81.71
2689,ISR,13129.2,-10.4,0.624,0.553,3915.9,57.0,23.4,441.0,138.1,68.6,2.74,16.73,1.267,82.33,0.765,0.0,0.0,0.0,0.0,86.18,0,0.179,healthy,0.0,none,97.53
2690,HIGH_ALTITUDE,24564.8,-32.9,0.731,0.577,4438.9,40.0,18.6,506.8,145.1,56.3,3.52,16.04,1.16,75.14,0.765,0.0,0.0,0.0,0.0,88.35,0,0.09,healthy,0.0,none,105.28
2691,LOITER,7784.2,3.1,0.528,0.493,3446.8,64.4,23.3,379.0,127.2,74.0,2.21,15.53,1.123,93.33,0.765,0.0,0.0,0.0,0.0,85.1,0,0.026,healthy,0.0,none,94.96
2692,ISR,15274.1,-17.4,0.582,0.506,3713.2,53.0,20.6,400.6,123.2,62.4,2.81,14.93,1.248,97.1,0.765,0.0,0.0,0.0,0.0,67.07,1,0.335,sensor,0.32,drift,74.54
2693,TRANSIT,10912.3,-5.8,0.508,0.461,3336.5,58.4,20.4,355.1,116.3,67.5,2.32,14.23,1.124,104.53,0.765,0.0,0.0,0.0,0.0,85.27,0,0.165,healthy,0.0,none,99.1
2694,ISR,11951.7,-10.6,0.718,0.645,4424.6,52.1,24.0,539.2,167.9,72.1,3.1,21.01,1.196,52.66,0.649,0.435,0.0,0.0,0.0,58.55,1,0.37,injector,0.43,none,63.75
2695,HIGH_ALTITUDE,24680.5,-37.3,0.804,0.634,4837.9,41.2,20.7,556.2,156.5,55.9,3.87,17.7,0.942,62.44,0.765,0.0,0.0,0.0,0.0,89.27,0,0.12,healthy,0.0,none,106.23
2696,LOITER,3209.7,12.2,0.438,0.426,2979.2,70.6,22.2,314.8,117.8,76.5,1.85,13.63,0.914,101.32,0.765,0.0,0.313,0.0,0.0,66.62,1,0.269,cooling,0.31,none,71.67
2697,DESERT_PATROL,15697.2,2.5,0.844,0.731,5026.4,51.8,27.5,627.5,196.9,84.2,3.27,21.86,0.848,21.49,0.765,0.0,0.0,0.0,0.0,79.66,0,0.111,healthy,0.0,none,95.47
2698,DESERT_PATROL,10112.4,10.7,0.566,0.517,3627.7,58.2,22.3,418.1,142.0,84.5,1.92,15.93,1.22,77.86,0.765,0.0,0.0,0.248,0.0,69.34,0,0.266,lubrication,0.25,none,73.86
2699,HIGH_ALTITUDE,19703.1,-29.3,0.84,0.698,4997.0,49.6,26.0,593.1,172.3,63.7,3.99,20.07,0.803,48.42,0.765,0.0,0.0,0.0,0.0,65.77,1,0.505,sensor,0.6,freeze,70.58
2700,HIGH_ALTITUDE,20699.1,-28.5,0.823,0.677,4924.4,37.8,19.4,620.6,181.3,63.0,3.88,21.18,0.905,39.47,0.612,0.57,0.0,0.0,0.0,56.63,1,0.502,injector,0.57,none,57.07
2701,HIGH_ALTITUDE,20151.9,-24.5,0.83,0.687,4937.0,47.6,24.8,596.1,172.3,65.6,3.79,19.94,0.877,46.51,0.765,0.0,0.0,0.0,0.0,89.71,0,0.164,healthy,0.0,none,105.51
2702,TRANSIT,13497.2,-11.6,0.692,0.612,4089.7,55.3,23.7,491.0,152.0,70.3,2.9,19.85,1.96,68.05,0.708,0.0,0.0,0.0,0.249,65.27,0,0.282,mechanical,0.25,none,67.34
2703,ISR,3316.2,11.6,0.52,0.505,3392.5,73.6,26.4,380.8,130.4,98.5,0.94,16.24,1.154,89.01,0.765,0.0,0.0,0.91,0.0,50.77,1,0.761,lubrication,0.91,none,46.56
2704,HIGH_ALTITUDE,15931.1,-20.6,0.776,0.67,4679.8,55.2,27.1,541.3,178.0,67.6,3.41,19.51,0.987,43.98,0.765,0.0,0.653,0.0,0.0,56.77,1,0.588,cooling,0.65,none,59.97
2705,DESERT_PATROL,5129.4,22.6,0.708,0.677,4314.4,70.7,32.5,527.6,182.3,94.8,2.45,21.54,1.197,37.83,0.765,0.0,0.0,0.0,0.0,50.93,1,0.772,sensor,0.91,freeze,50.76
2706,TRANSIT,3063.5,11.6,0.609,0.593,3848.2,77.0,31.1,439.7,149.9,84.0,2.34,18.71,1.292,69.68,0.765,0.0,0.0,0.0,0.0,82.06,0,0.082,healthy,0.0,none,93.65
2707,HIGH_ALTITUDE,15970.7,-15.6,0.73,0.63,3908.5,46.0,18.7,510.6,158.8,69.2,2.77,24.69,3.245,62.35,0.578,0.0,0.0,0.0,0.815,38.91,1,0.737,mechanical,0.82,none,36.65
2708,LOITER,6487.1,-0.3,0.474,0.447,3172.5,66.7,22.1,331.0,111.1,70.2,2.12,14.03,1.022,108.58,0.765,0.0,0.0,0.0,0.0,59.92,1,0.491,sensor,0.55,spike,65.33
2709,TRANSIT,11303.6,-9.9,0.771,0.696,4656.1,63.6,31.2,553.5,171.5,95.5,1.35,21.05,1.043,49.59,0.765,0.0,0.0,0.984,0.0,49.12,1,0.948,lubrication,0.98,none,48.93
2710,ISR,7785.2,-0.8,0.798,0.745,4753.7,70.9,35.3,582.5,183.5,88.7,2.53,23.15,0.97,37.01,0.765,0.0,0.0,0.261,0.0,65.26,0,0.243,lubrication,0.26,none,70.92
2711,LOITER,6421.0,5.8,0.429,0.405,2946.0,63.7,19.6,304.4,130.0,71.7,1.86,12.79,0.902,91.25,0.765,0.0,0.965,0.0,0.0,49.85,1,0.936,cooling,0.97,none,50.33
2712,ISR,8011.6,-1.0,0.705,0.657,4320.4,68.8,31.2,503.0,163.2,95.2,1.48,20.26,1.164,57.53,0.765,0.0,0.0,0.791,0.0,51.88,1,0.715,lubrication,0.79,none,55.54
2713,ISR,4975.7,5.0,0.635,0.607,3854.1,71.6,28.8,453.9,151.0,80.5,2.43,20.67,1.847,68.97,0.717,0.0,0.0,0.0,0.208,68.14,0,0.179,mechanical,0.21,none,67.36
2714,TRANSIT,15584.8,-16.7,0.714,0.618,4346.5,54.3,24.6,502.0,152.9,68.3,3.21,18.46,1.181,66.95,0.765,0.0,0.0,0.0,0.0,87.07,0,0.195,healthy,0.0,none,99.29
2715,ISR,6930.9,-3.2,0.511,0.481,3358.0,67.5,23.7,354.6,136.3,69.6,2.26,14.92,1.08,83.86,0.765,0.0,0.87,0.0,0.0,51.33,1,0.785,cooling,0.87,none,47.38
2716,HIGH_ALTITUDE,24716.5,-36.9,0.864,0.681,5135.3,41.5,22.3,593.2,171.8,59.1,4.14,18.99,0.789,48.53,0.765,0.0,0.0,0.0,0.0,89.45,0,0.179,healthy,0.0,none,101.4
2717,LOITER,3204.2,9.7,0.553,0.537,3303.4,69.8,24.4,398.2,134.6,80.3,2.02,20.03,2.244,83.56,0.658,0.0,0.0,0.0,0.467,48.62,1,0.425,mechanical,0.47,none,46.51
2718,HIGH_ALTITUDE,16584.9,-18.7,0.719,0.617,4182.5,37.4,16.4,564.0,171.3,66.1,3.11,28.69,3.099,51.53,0.518,0.318,0.0,0.0,0.318,39.69,1,0.631,combustion,0.64,none,37.51
2719,HIGH_ALTITUDE,22140.5,-27.2,0.918,0.744,5404.7,45.0,25.4,655.7,192.4,67.6,4.16,21.03,0.698,28.6,0.765,0.0,0.0,0.0,0.0,72.98,0,0.089,healthy,0.0,none,76.82
2720,TRANSIT,8734.6,-2.1,0.553,0.511,3560.0,63.9,23.8,386.0,128.4,71.5,2.37,15.69,1.21,92.07,0.765,0.0,0.0,0.0,0.0,56.82,1,0.66,sensor,0.74,drift,58.67
2721,ISR,3994.5,8.6,0.594,0.574,3768.4,74.7,29.5,427.6,145.3,81.3,2.33,18.13,1.3,75.14,0.765,0.0,0.0,0.0,0.0,83.56,0,0.198,healthy,0.0,none,91.84
2722,HIGH_ALTITUDE,17147.3,-20.2,0.883,0.753,5190.4,53.6,29.4,625.8,195.0,71.8,3.84,22.18,0.745,24.64,0.765,0.0,0.418,0.0,0.0,54.22,1,0.395,cooling,0.42,none,51.22
2723,HIGH_ALTITUDE,20079.3,-20.9,0.934,0.773,5469.0,35.5,20.2,735.4,216.1,72.1,4.05,34.01,0.7,4.76,0.567,0.74,0.0,0.0,0.0,40.06,1,0.694,injector,0.74,none,36.93
2724,HIGH_ALTITUDE,20914.8,-28.5,0.793,0.651,4749.7,46.5,23.2,555.2,162.3,62.2,3.72,18.6,0.991,58.03,0.765,0.0,0.0,0.0,0.0,85.03,0,0.216,healthy,0.0,none,92.57
2725,LOITER,4768.1,7.6,0.421,0.403,2897.9,67.0,20.4,301.3,106.2,72.4,1.81,12.78,0.886,113.9,0.765,0.0,0.0,0.0,0.0,58.47,1,0.653,sensor,0.73,spike,58.2
2726,DESERT_PATROL,15888.1,7.4,0.678,0.585,4194.6,48.6,21.4,513.4,166.7,80.3,2.71,17.31,1.259,54.65,0.765,0.0,0.0,0.0,0.0,57.44,1,0.651,sensor,0.75,noise,61.94
2727,TRANSIT,14391.2,-11.4,0.597,0.523,3774.3,53.9,21.5,420.9,130.1,66.5,2.68,15.71,1.291,88.88,0.765,0.0,0.0,0.0,0.0,79.33,0,0.164,healthy,0.0,none,97.16
2728,TRANSIT,15351.9,-12.5,0.503,0.437,3301.0,50.1,17.3,344.6,109.2,62.2,2.33,13.01,1.081,110.71,0.765,0.0,0.0,0.0,0.0,84.08,0,0.11,healthy,0.0,none,94.79
2729,LOITER,5847.6,4.3,0.597,0.567,3758.3,70.9,28.2,426.7,142.6,77.7,2.44,18.04,1.338,77.71,0.765,0.0,0.0,0.0,0.0,69.64,0,0.184,healthy,0.0,none,74.02
2730,HIGH_ALTITUDE,24812.9,-34.6,0.726,0.572,4422.4,39.8,18.5,493.6,142.3,55.2,3.42,15.82,1.141,77.64,0.765,0.0,0.0,0.0,0.0,68.18,1,0.309,sensor,0.36,spike,72.14
2731,ISR,1656.3,13.5,0.8,0.788,4788.1,84.7,42.7,578.9,191.7,93.4,2.77,25.48,0.933,26.8,0.765,0.0,0.0,0.0,0.0,77.77,0,0.037,healthy,0.0,none,84.98
2732,HIGH_ALTITUDE,21513.8,-30.6,0.736,0.6,4477.4,45.2,21.2,515.6,147.8,58.5,3.51,16.95,1.133,72.62,0.765,0.0,0.0,0.0,0.0,88.77,0,0.149,healthy,0.0,none,103.56
2733,TRANSIT,11508.7,-15.9,0.713,0.642,4356.3,47.1,21.5,549.4,168.0,69.4,3.16,22.6,1.179,52.09,0.565,0.746,0.0,0.0,0.0,53.66,1,0.617,injector,0.75,none,56.13
2734,TRANSIT,10342.0,-6.4,0.54,0.492,3505.0,60.7,22.2,376.5,120.9,68.3,2.42,15.13,1.206,98.08,0.765,0.0,0.0,0.0,0.0,86.38,0,0.18,healthy,0.0,none,106.41
2735,LOITER,4527.3,5.7,0.456,0.439,2795.9,62.4,18.4,320.4,111.4,72.9,1.69,17.2,2.431,107.71,0.621,0.0,0.0,0.0,0.627,45.25,1,0.526,mechanical,0.63,none,43.62
2736,ISR,9352.9,-5.7,0.765,0.703,4634.0,67.5,32.8,543.7,169.1,78.1,3.12,21.9,1.035,47.98,0.765,0.0,0.0,0.0,0.0,83.32,0,0.187,healthy,0.0,none,90.33
2737,TRANSIT,7677.2,0.9,0.595,0.556,3769.6,44.0,17.3,507.3,159.8,75.9,2.52,21.11,1.253,60.05,0.503,0.977,0.0,0.0,0.0,45.15,1,0.925,injector,0.98,none,43.84
2738,HIGH_ALTITUDE,24112.4,-33.1,0.752,0.597,4562.2,41.0,19.7,513.8,150.2,56.5,3.58,16.72,1.145,70.69,0.765,0.0,0.0,0.0,0.0,89.11,0,0.232,healthy,0.0,none,100.79
2739,TRANSIT,10096.4,0.1,0.753,0.687,4563.0,64.0,30.7,547.4,176.2,80.9,3.0,20.96,1.103,45.52,0.765,0.0,0.0,0.0,0.0,84.65,0,0.124,healthy,0.0,none,95.85
2740,DESERT_PATROL,8418.5,17.6,0.515,0.477,3368.9,59.3,21.0,382.6,136.2,81.5,2.01,14.95,1.13,83.92,0.765,0.0,0.0,0.0,0.0,88.09,0,0.022,healthy,0.0,none,102.33
2741,TRANSIT,14310.5,-10.0,0.544,0.477,3529.8,52.7,19.5,378.0,120.1,65.3,2.52,14.25,1.199,99.58,0.765,0.0,0.0,0.0,0.0,84.15,0,0.136,healthy,0.0,none,104.09
2742,ISR,10944.2,-7.6,0.676,0.612,4180.1,62.5,27.1,476.1,153.2,73.5,2.94,18.62,1.247,68.9,0.765,0.0,0.0,0.0,0.0,81.62,0,0.187,healthy,0.0,none,95.4
2743,TRANSIT,8548.9,-2.9,0.713,0.661,4364.8,68.0,31.2,499.5,164.0,77.8,2.92,20.23,1.204,57.38,0.765,0.0,0.0,0.0,0.0,66.89,1,0.232,sensor,0.35,noise,69.58
2744,HIGH_ALTITUDE,24232.7,-32.5,0.859,0.681,5090.2,41.6,22.3,618.1,172.6,79.3,1.88,18.9,0.774,45.94,0.765,0.0,0.0,0.924,0.0,49.83,1,0.801,lubrication,0.92,none,43.28
2745,ISR,6067.9,7.8,0.515,0.488,3381.2,67.2,23.6,371.2,141.4,76.6,2.14,15.48,1.145,77.95,0.765,0.0,0.737,0.0,0.0,52.39,1,0.71,cooling,0.74,none,52.41
2746,HIGH_ALTITUDE,23778.2,-34.2,0.903,0.719,5287.0,43.0,24.0,634.6,180.9,61.6,4.35,19.94,0.708,37.6,0.765,0.0,0.0,0.0,0.0,89.84,0,0.122,healthy,0.0,none,110.3
2747,DESERT_PATROL,5958.4,23.1,0.774,0.734,4670.1,69.5,34.0,588.1,198.2,96.7,2.61,23.23,1.04,22.73,0.765,0.0,0.0,0.0,0.0,71.44,0,0.081,healthy,0.0,none,73.78
2748,TRANSIT,2760.1,4.6,0.833,0.814,4972.4,84.5,43.8,592.8,192.6,89.7,3.07,25.71,0.84,26.54,0.765,0.0,0.0,0.0,0.0,52.66,1,0.543,sensor,0.62,drift,49.32
2749,LOITER,3273.8,11.1,0.48,0.467,3212.4,72.5,24.3,354.1,119.7,77.8,1.98,14.93,1.047,98.19,0.765,0.0,0.0,0.0,0.0,84.41,0,0.143,healthy,0.0,none,94.14
2750,LOITER,7764.1,6.9,0.417,0.39,2886.7,59.9,18.2,300.4,105.8,71.8,1.81,12.41,0.86,114.59,0.765,0.0,0.0,0.0,0.0,59.13,1,0.587,sensor,0.61,freeze,59.12
2751,LOITER,6708.5,-3.4,0.454,0.428,3071.1,66.2,21.3,311.7,103.2,67.0,2.04,13.35,0.936,115.44,0.765,0.0,0.0,0.0,0.0,78.95,0,0.217,healthy,0.0,none,89.68
2752,TRANSIT,5284.8,5.2,0.62,0.592,3902.3,72.8,29.6,439.0,147.0,79.6,2.47,18.78,1.335,71.94,0.765,0.0,0.0,0.0,0.0,83.93,0,0.071,healthy,0.0,none,96.2
2753,DESERT_PATROL,6522.3,28.0,0.623,0.588,3356.4,53.6,19.0,475.4,168.6,92.9,1.79,25.43,3.492,51.64,0.548,0.0,0.0,0.0,0.944,35.78,1,0.855,mechanical,0.94,none,31.62
2754,HIGH_ALTITUDE,19861.0,-24.7,0.855,0.709,5064.6,34.0,18.0,678.2,195.1,67.3,3.93,34.22,0.828,23.43,0.537,0.852,0.0,0.0,0.0,45.19,1,0.776,injector,0.85,none,43.74
2755,DESERT_PATROL,8476.0,17.9,0.816,0.757,4867.7,64.8,33.1,611.7,225.3,94.8,2.81,23.38,0.907,-4.88,0.765,0.0,0.957,0.0,0.0,31.84,1,0.878,cooling,0.96,none,30.47
2756,DESERT_PATROL,2187.5,37.5,0.704,0.691,4294.7,74.9,34.3,539.0,190.9,103.2,2.19,22.25,1.196,27.21,0.765,0.0,0.0,0.0,0.0,74.38,0,0.129,healthy,0.0,none,85.36
2757,ISR,12295.9,-13.8,0.502,0.449,3319.8,56.9,19.5,339.3,106.9,62.1,2.36,13.49,1.137,112.59,0.765,0.0,0.0,0.0,0.0,85.27,0,0.107,healthy,0.0,none,100.23
2758,ISR,3687.5,6.1,0.672,0.651,4164.9,78.2,34.1,485.3,159.4,84.1,2.65,20.41,1.23,60.12,0.765,0.0,0.0,0.0,0.0,55.72,1,0.822,sensor,0.94,noise,58.13
2759,LOITER,5395.5,10.0,0.589,0.562,3752.5,70.4,27.8,425.6,144.2,80.9,2.37,17.48,1.307,74.57,0.765,0.0,0.0,0.0,0.0,85.85,0,0.127,healthy,0.0,none,100.49
2760,TRANSIT,1689.6,16.1,0.812,0.8,4840.0,84.0,42.8,593.1,197.4,94.9,2.84,25.7,0.886,21.93,0.765,0.0,0.0,0.0,0.0,47.66,1,0.758,sensor,0.89,freeze,49.4
2761,HIGH_ALTITUDE,24499.7,-33.2,0.738,0.583,4512.1,40.2,18.9,509.2,145.8,56.4,3.55,16.33,1.134,73.8,0.765,0.0,0.0,0.0,0.0,89.28,0,0.142,healthy,0.0,none,105.85
2762,LOITER,6629.4,2.1,0.416,0.393,2878.1,47.0,14.2,352.4,117.5,68.7,1.9,14.1,0.839,103.66,0.566,0.744,0.0,0.0,0.0,52.07,1,0.624,injector,0.74,none,50.66
2763,DESERT_PATROL,13361.3,17.5,0.755,0.669,4576.4,52.9,25.4,578.2,191.0,103.2,1.71,19.96,1.069,29.32,0.765,0.0,0.0,0.575,0.0,48.24,1,0.452,lubrication,0.57,none,48.76
2764,LOITER,5456.1,5.7,0.6,0.572,3802.0,71.7,28.8,426.3,145.2,79.9,2.44,18.34,1.313,75.92,0.765,0.0,0.0,0.0,0.0,57.91,1,0.474,sensor,0.47,spike,53.26
2765,ISR,8386.8,0.3,0.594,0.552,3773.9,65.2,25.8,425.7,138.7,75.2,2.54,17.23,1.285,80.84,0.765,0.0,0.0,0.0,0.0,68.48,0,0.073,healthy,0.0,none,73.31
2766,ISR,13101.2,-20.9,0.779,0.692,4705.7,62.0,30.6,544.1,167.1,68.3,3.46,20.9,1.027,53.26,0.765,0.0,0.218,0.0,0.0,77.95,0,0.164,cooling,0.22,none,85.46
2767,ISR,14796.7,-17.3,0.57,0.498,3649.5,53.7,20.5,386.4,119.0,62.0,2.73,14.84,1.303,99.8,0.765,0.0,0.0,0.0,0.0,74.65,0,0.173,sensor,0.21,noise,75.11
2768,TRANSIT,10705.5,-6.5,0.765,0.694,4608.8,64.2,31.0,543.1,170.2,90.9,1.75,21.25,1.038,48.33,0.765,0.0,0.0,0.712,0.0,54.38,1,0.54,lubrication,0.71,none,51.73
2769,TRANSIT,15632.3,-12.9,0.667,0.578,4136.8,41.7,18.2,522.2,159.3,68.4,2.99,24.12,1.272,61.77,0.605,0.598,0.0,0.0,0.0,54.65,1,0.505,injector,0.6,none,57.15
2770,DESERT_PATROL,12579.6,9.3,0.792,0.707,4162.0,48.5,20.9,593.0,191.9,87.5,2.51,28.45,3.43,28.12,0.573,0.0,0.0,0.0,0.839,28.13,1,0.815,mechanical,0.84,none,25.1
2771,DESERT_PATROL,7156.6,21.6,0.533,0.501,3461.5,61.9,22.3,397.7,142.3,85.5,2.04,15.75,1.201,76.68,0.765,0.0,0.0,0.0,0.0,84.85,0,0.073,healthy,0.0,none,99.07
2772,DESERT_PATROL,14183.1,6.0,0.599,0.526,3803.4,51.0,20.5,443.0,146.8,76.6,2.45,15.91,1.282,73.7,0.765,0.0,0.0,0.0,0.0,83.86,0,0.238,healthy,0.0,none,96.37
2773,ISR,6695.6,6.6,0.555,0.523,3591.0,67.0,25.2,397.3,136.1,77.4,2.29,16.48,1.213,84.7,0.765,0.0,0.0,0.0,0.0,85.76,0,0.203,healthy,0.0,none,100.11
2774,DESERT_PATROL,5663.1,23.3,0.654,0.623,3516.8,57.3,21.3,482.7,170.6,92.6,1.95,27.24,3.486,48.99,0.556,0.0,0.0,0.0,0.911,36.62,1,0.751,mechanical,0.91,none,35.66
2775,TRANSIT,4859.4,-0.4,0.678,0.65,4201.1,65.9,28.7,513.7,165.1,78.8,2.77,22.32,1.271,55.63,0.656,0.406,0.0,0.0,0.0,57.15,1,0.395,injector,0.41,none,56.49
2776,DESERT_PATROL,8776.5,14.1,0.572,0.529,3653.9,60.7,23.4,422.6,143.8,83.1,2.24,16.28,1.21,74.02,0.765,0.0,0.0,0.0,0.0,71.94,0,0.21,healthy,0.0,none,79.92
2777,TRANSIT,13252.0,-11.6,0.573,0.508,3662.0,56.0,21.5,396.9,125.9,65.7,2.57,15.13,1.226,94.64,0.765,0.0,0.0,0.0,0.0,83.02,0,0.149,healthy,0.0,none,97.01
2778,ISR,2851.6,9.1,0.586,0.572,3746.3,77.6,30.4,413.6,143.8,80.9,2.4,18.56,1.32,76.84,0.765,0.0,0.0,0.0,0.0,85.2,0,0.164,healthy,0.0,none,95.01
2779,TRANSIT,11587.4,-9.4,0.822,0.74,4903.8,63.5,32.4,582.9,181.3,84.8,2.67,22.45,0.872,37.72,0.765,0.0,0.0,0.341,0.0,60.47,1,0.285,lubrication,0.34,none,60.0
2780,DESERT_PATROL,2366.0,32.0,0.55,0.539,3265.9,65.5,22.3,427.0,156.1,93.6,1.73,21.06,2.405,65.44,0.637,0.0,0.0,0.0,0.557,46.53,1,0.459,mechanical,0.56,none,46.53
2781,DESERT_PATROL,11048.8,17.3,0.591,0.535,3742.2,55.3,21.9,446.6,154.0,99.4,1.23,16.52,1.295,66.64,0.765,0.0,0.0,0.746,0.0,51.87,1,0.645,lubrication,0.75,none,48.46
2782,HIGH_ALTITUDE,18442.4,-24.0,0.867,0.73,5130.7,51.4,27.8,624.7,184.2,68.0,3.88,21.25,0.783,38.27,0.765,0.0,0.0,0.0,0.0,88.89,0,0.169,healthy,0.0,none,103.06
2783,DESERT_PATROL,5917.0,28.2,0.577,0.548,3686.4,64.6,25.0,447.3,159.0,107.7,1.01,17.41,1.281,61.67,0.765,0.0,0.0,0.805,0.0,51.02,1,0.704,lubrication,0.81,none,51.77
2784,LOITER,7277.4,2.3,0.516,0.484,3210.6,45.5,15.3,448.3,144.5,73.4,2.08,24.35,2.916,74.18,0.505,0.336,0.0,0.0,0.336,37.34,1,0.623,combustion,0.67,none,34.2
2785,DESERT_PATROL,11468.6,11.7,0.516,0.465,3371.2,53.8,19.1,386.2,132.7,78.2,2.1,14.0,1.139,88.06,0.765,0.0,0.0,0.0,0.0,85.99,0,0.102,healthy,0.0,none,97.83
2786,HIGH_ALTITUDE,21972.3,-30.3,0.913,0.741,5376.2,45.8,25.7,644.4,186.7,65.2,4.2,21.25,0.703,32.23,0.765,0.0,0.0,0.0,0.0,76.98,0,0.104,healthy,0.0,none,82.26
2787,HIGH_ALTITUDE,21534.7,-21.0,0.805,0.656,4846.4,44.1,22.3,570.4,172.8,66.6,3.63,18.65,0.932,48.96,0.765,0.0,0.0,0.0,0.0,88.22,0,0.183,healthy,0.0,none,102.57
2788,TRANSIT,6406.5,1.8,0.682,0.645,4218.9,72.0,31.6,484.8,159.6,80.1,2.71,20.34,1.255,60.82,0.765,0.0,0.0,0.0,0.0,82.26,0,0.066,healthy,0.0,none,92.58
2789,DESERT_PATROL,4147.8,31.2,0.646,0.623,4024.1,70.0,29.5,493.6,177.5,112.6,1.12,19.92,1.318,44.64,0.765,0.0,0.0,0.735,0.0,49.06,1,0.699,lubrication,0.74,none,50.5
2790,ISR,1598.9,8.3,0.519,0.512,3413.8,79.3,28.4,363.6,127.8,78.8,2.11,16.56,1.136,92.36,0.765,0.0,0.0,0.0,0.0,84.22,0,0.113,healthy,0.0,none,95.92
2791,DESERT_PATROL,11597.3,15.1,0.799,0.72,4550.8,40.0,19.2,661.5,218.2,91.3,2.69,31.28,2.975,3.96,0.503,0.34,0.0,0.0,0.34,20.38,1,0.508,combustion,0.68,none,14.09
2792,ISR,14246.0,-15.4,0.825,0.724,4927.0,58.5,30.0,586.4,177.2,93.2,1.48,21.49,0.864,41.39,0.765,0.0,0.0,0.995,0.0,47.31,1,0.828,lubrication,0.99,none,47.72
2793,LOITER,4833.1,8.8,0.435,0.417,2985.2,67.2,20.8,312.2,108.5,74.2,1.84,13.27,0.898,109.81,0.765,0.0,0.0,0.0,0.0,88.45,0,0.148,healthy,0.0,none,102.85
2794,DESERT_PATROL,14642.9,7.0,0.672,0.588,4164.6,35.5,15.4,565.2,180.2,80.9,2.72,20.91,1.251,38.37,0.532,0.87,0.0,0.0,0.0,43.7,1,0.79,injector,0.87,none,38.27
2795,ISR,9478.1,-8.6,0.609,0.559,3853.5,65.0,26.0,420.4,135.8,70.2,2.72,17.38,1.31,85.0,0.765,0.0,0.0,0.0,0.0,83.52,0,0.09,healthy,0.0,none,98.83
2796,LOITER,3446.6,7.4,0.572,0.555,3660.8,76.0,29.0,406.4,140.2,79.4,2.31,17.92,1.248,81.14,0.765,0.0,0.0,0.0,0.0,83.02,0,0.069,healthy,0.0,none,93.73
2797,HIGH_ALTITUDE,17241.2,-24.5,0.87,0.742,5139.2,54.1,29.2,609.5,182.7,79.2,2.52,21.8,0.759,38.06,0.765,0.0,0.0,0.543,0.0,53.18,1,0.388,lubrication,0.54,none,52.96
2798,ISR,9547.9,-6.3,0.576,0.528,3678.6,63.5,24.4,406.5,129.6,70.4,2.53,16.29,1.24,90.36,0.765,0.0,0.0,0.0,0.0,86.27,0,0.058,healthy,0.0,none,98.68
2799,LOITER,5888.5,2.6,0.462,0.439,3096.7,67.1,22.0,324.4,111.0,76.1,1.68,13.9,1.014,108.8,0.765,0.0,0.0,0.237,0.0,72.28,0,0.199,lubrication,0.24,none,82.64
2800,TRANSIT,11528.5,-13.0,0.57,0.514,3530.9,48.1,17.7,436.4,134.2,64.7,2.53,21.07,2.321,85.57,0.591,0.214,0.0,0.0,0.214,46.17,1,0.457,combustion,0.43,none,44.19
2801,ISR,14397.3,-14.2,0.543,0.476,3513.2,53.3,19.6,372.9,117.7,76.1,1.48,14.1,1.233,103.38,0.765,0.0,0.0,0.685,0.0,53.39,1,0.575,lubrication,0.68,none,52.35
2802,LOITER,3918.8,6.2,0.528,0.51,3454.2,55.4,20.1,436.6,141.5,76.9,2.2,18.58,1.17,76.89,0.575,0.709,0.0,0.0,0.0,51.03,1,0.632,injector,0.71,none,53.24
2803,HIGH_ALTITUDE,16558.4,-13.9,0.753,0.646,4575.5,52.1,25.1,537.0,166.9,70.6,3.25,18.98,1.089,55.66,0.765,0.0,0.0,0.0,0.0,81.18,0,0.195,healthy,0.0,none,86.68
2804,TRANSIT,14481.4,-12.6,0.812,0.712,4869.3,57.2,29.0,572.8,179.6,74.5,3.44,21.6,0.931,41.75,0.765,0.0,0.0,0.0,0.0,83.58,0,0.123,healthy,0.0,none,98.52
2805,LOITER,4222.3,4.1,0.563,0.542,3642.4,74.4,28.1,403.9,135.1,76.1,2.37,17.18,1.276,85.81,0.765,0.0,0.0,0.0,0.0,65.38,1,0.215,sensor,0.34,freeze,69.13
2806,ISR,6516.7,7.1,0.757,0.715,4578.0,71.6,34.5,547.6,181.1,85.8,2.94,22.27,1.051,39.73,0.765,0.0,0.0,0.0,0.0,85.67,0,0.025,healthy,0.0,none,101.49
2807,TRANSIT,15783.3,-15.8,0.785,0.679,4720.5,54.6,27.1,552.1,168.6,70.7,3.45,20.08,1.001,50.27,0.765,0.0,0.0,0.0,0.0,78.58,0,0.091,healthy,0.0,none,89.63
2808,LOITER,6349.6,0.6,0.529,0.5,3438.9,68.6,24.6,369.1,124.5,72.9,2.28,15.62,1.185,95.64,0.765,0.0,0.0,0.0,0.0,77.52,0,0.2,healthy,0.0,none,85.37
2809,HIGH_ALTITUDE,15527.4,-14.5,0.866,0.751,5147.6,55.8,30.1,614.3,190.4,74.6,3.6,21.99,0.779,31.03,0.765,0.0,0.0,0.0,0.0,86.63,0,0.047,healthy,0.0,none,96.7
2810,DESERT_PATROL,14609.2,2.9,0.53,0.464,3463.9,49.4,18.0,389.1,127.6,72.3,2.31,13.99,1.15,91.67,0.765,0.0,0.0,0.0,0.0,86.09,0,0.245,healthy,0.0,none,98.4
2811,TRANSIT,5653.4,0.9,0.667,0.635,4142.2,74.0,32.2,472.5,154.7,79.1,2.69,20.12,1.275,65.05,0.765,0.0,0.0,0.0,0.0,84.55,0,0.188,healthy,0.0,none,96.28
2812,DESERT_PATROL,9194.7,9.6,0.666,0.614,4120.7,44.4,19.3,551.4,182.6,84.0,2.62,22.29,1.296,39.59,0.542,0.832,0.0,0.0,0.0,44.4,1,0.726,injector,0.83,none,38.99
2813,LOITER,5220.1,6.5,0.485,0.463,3073.9,50.4,16.3,402.9,136.0,75.1,1.94,21.6,2.521,85.5,0.537,0.289,0.0,0.0,0.289,42.86,1,0.466,combustion,0.58,none,36.07
2814,HIGH_ALTITUDE,16403.4,-18.7,0.721,0.62,4406.4,53.1,24.4,506.4,152.6,81.4,1.81,18.17,1.216,66.84,0.765,0.0,0.0,0.738,0.0,53.14,1,0.582,lubrication,0.74,none,52.61
2815,LOITER,7264.6,-0.7,0.496,0.465,3299.3,65.6,22.5,344.6,139.7,70.3,2.19,14.54,1.105,81.21,0.765,0.0,0.977,0.0,0.0,48.35,1,1.0,cooling,0.98,none,48.82
2816,LOITER,7376.3,-2.3,0.599,0.561,3797.4,68.6,27.2,419.7,135.8,73.6,2.63,17.26,1.296,82.38,0.765,0.0,0.0,0.0,0.0,86.44,0,0.044,healthy,0.0,none,99.41
2817,TRANSIT,5453.0,1.6,0.842,0.802,4991.1,77.4,40.5,602.2,194.7,98.4,1.98,25.35,0.828,26.2,0.765,0.0,0.0,0.573,0.0,46.61,1,0.543,lubrication,0.57,none,46.02
2818,DESERT_PATROL,11294.5,16.9,0.671,0.606,4027.3,44.7,18.9,557.3,184.3,87.5,2.43,25.34,2.486,36.44,0.588,0.219,0.0,0.0,0.219,40.01,1,0.382,combustion,0.44,none,39.81
2819,ISR,7699.9,-1.7,0.591,0.552,3728.9,67.4,26.6,422.4,136.1,73.9,2.49,17.02,1.264,83.55,0.765,0.0,0.0,0.0,0.0,84.24,0,0.171,healthy,0.0,none,93.67
2820,DESERT_PATROL,12409.4,13.5,0.631,0.564,3949.7,53.9,22.3,470.8,160.6,83.8,2.45,17.14,1.293,60.71,0.765,0.0,0.0,0.0,0.0,82.7,0,0.25,healthy,0.0,none,93.83
2821,HIGH_ALTITUDE,24642.0,-31.3,0.704,0.555,4328.8,39.3,17.8,483.2,140.5,67.3,2.39,15.5,1.21,79.96,0.765,0.0,0.0,0.513,0.0,55.01,1,0.533,lubrication,0.51,none,62.01
2822,DESERT_PATROL,4493.9,30.2,0.848,0.815,5063.3,72.8,38.4,646.9,217.9,104.8,2.6,25.97,0.819,1.07,0.765,0.0,0.0,0.0,0.0,59.35,0,0.203,healthy,0.0,none,58.73
2823,HIGH_ALTITUDE,17060.3,-19.1,0.804,0.686,4813.3,52.7,26.5,574.4,170.9,68.5,3.56,20.54,0.952,48.49,0.765,0.0,0.0,0.0,0.0,87.9,0,0.032,healthy,0.0,none,99.74
2824,DESERT_PATROL,9561.6,12.0,0.549,0.504,3550.4,58.8,21.7,400.2,138.3,80.0,2.25,15.46,1.254,80.88,0.765,0.0,0.0,0.0,0.0,85.56,0,0.203,healthy,0.0,none,104.92
2825,ISR,12526.5,-10.0,0.66,0.589,4108.4,59.0,25.3,466.4,146.7,70.7,2.91,17.77,1.277,74.1,0.765,0.0,0.0,0.0,0.0,77.17,0,0.022,healthy,0.0,none,88.31
2826,LOITER,3602.1,3.2,0.579,0.562,3677.4,76.9,29.7,403.8,136.8,76.3,2.35,17.91,1.266,83.04,0.765,0.0,0.0,0.0,0.0,84.79,0,0.16,healthy,0.0,none,94.16
2827,HIGH_ALTITUDE,17495.0,-19.2,0.7,0.595,4322.1,50.6,22.7,484.8,147.4,64.8,3.26,17.48,1.208,71.75,0.765,0.0,0.0,0.0,0.0,90.87,0,0.077,healthy,0.0,none,102.27
2828,HIGH_ALTITUDE,15597.8,-18.5,0.921,0.798,5383.8,57.0,32.2,658.3,197.0,75.0,3.92,23.53,0.676,22.19,0.765,0.0,0.0,0.0,0.0,60.26,1,0.363,sensor,0.35,spike,57.03
2829,LOITER,5219.2,2.7,0.565,0.54,3623.8,60.1,22.9,435.6,142.5,76.4,2.36,22.92,1.248,76.16,0.637,0.479,0.0,0.0,0.0,54.65,1,0.418,injector,0.48,none,55.18
2830,TRANSIT,11731.9,-8.6,0.788,0.709,4754.7,43.6,21.8,636.0,191.0,77.1,3.29,25.53,1.018,26.61,0.534,0.863,0.0,0.0,0.0,42.54,1,0.864,injector,0.86,none,36.53
2831,ISR,6594.5,4.4,0.75,0.708,4533.3,50.3,24.0,612.7,196.1,83.6,2.93,26.24,1.056,25.73,0.535,0.859,0.0,0.0,0.0,40.36,1,0.863,injector,0.86,none,35.78
2832,DESERT_PATROL,2079.5,31.7,0.618,0.607,3460.3,65.6,23.8,467.2,171.1,96.0,1.84,24.77,3.03,50.93,0.597,0.0,0.0,0.0,0.73,39.68,1,0.594,mechanical,0.73,none,32.17
2833,DESERT_PATROL,11600.1,13.1,0.615,0.554,3890.8,55.4,22.7,456.9,155.8,82.2,2.38,16.75,1.309,64.76,0.765,0.0,0.0,0.0,0.0,83.97,0,0.199,healthy,0.0,none,91.38
2834,LOITER,3738.2,8.6,0.519,0.502,3395.8,67.8,24.0,390.5,133.4,77.7,2.14,16.57,1.14,87.36,0.709,0.211,0.0,0.0,0.0,72.16,0,0.225,injector,0.21,none,81.76
2835,DESERT_PATROL,11645.2,11.0,0.552,0.497,3437.7,52.6,18.9,406.0,140.2,79.1,2.19,16.2,1.702,80.59,0.715,0.0,0.0,0.0,0.219,68.43,0,0.188,mechanical,0.22,none,73.32
2836,TRANSIT,4304.3,3.2,0.764,0.735,4371.9,54.0,24.8,612.5,196.3,85.0,2.77,33.21,3.131,22.67,0.495,0.35,0.0,0.0,0.35,27.03,1,0.583,combustion,0.7,none,21.17
2837,LOITER,3334.9,8.5,0.552,0.536,3552.3,75.4,27.8,391.8,135.4,79.6,2.27,17.01,1.218,84.72,0.765,0.0,0.0,0.0,0.0,82.82,0,0.094,healthy,0.0,none,94.29
2838,LOITER,7841.0,3.1,0.56,0.522,3605.5,65.1,24.6,404.9,144.9,74.9,2.36,16.05,1.242,73.23,0.765,0.0,0.68,0.0,0.0,53.5,1,0.56,cooling,0.68,none,50.72
2839,ISR,2270.2,11.9,0.643,0.63,4016.6,80.0,33.9,458.8,159.3,85.6,2.44,20.12,1.305,62.18,0.765,0.0,0.0,0.0,0.0,83.9,0,0.13,healthy,0.0,none,96.93
2840,TRANSIT,13768.8,-13.3,0.659,0.581,4090.8,56.8,24.3,458.7,144.8,67.5,3.0,17.38,1.281,76.72,0.765,0.0,0.0,0.0,0.0,87.25,0,0.205,healthy,0.0,none,98.97
2841,LOITER,7365.6,-0.0,0.509,0.477,2947.0,56.9,17.7,360.6,120.7,71.1,1.89,19.42,2.85,100.25,0.585,0.0,0.0,0.0,0.783,39.37,1,0.706,mechanical,0.78,none,37.46
2842,LOITER,5652.7,1.8,0.522,0.497,3418.6,69.9,24.8,368.2,123.5,89.4,1.16,15.53,1.139,96.31,0.765,0.0,0.0,0.791,0.0,52.51,1,0.67,lubrication,0.79,none,51.87
2843,DESERT_PATROL,10960.3,10.2,0.604,0.547,3645.3,40.9,15.6,515.9,169.4,80.8,2.29,25.92,2.897,50.3,0.521,0.313,0.0,0.0,0.313,38.77,1,0.544,combustion,0.63,none,34.31
2844,TRANSIT,2572.4,12.4,0.601,0.588,3807.4,77.9,31.1,430.9,151.0,83.8,2.34,18.81,1.32,70.86,0.765,0.0,0.0,0.0,0.0,59.11,1,0.35,sensor,0.48,spike,59.13
2845,LOITER,3656.6,7.8,0.565,0.547,3610.7,75.1,28.8,406.7,138.3,79.7,2.29,17.47,1.242,82.39,0.765,0.0,0.0,0.0,0.0,83.85,0,0.056,healthy,0.0,none,100.03
2846,DESERT_PATROL,13558.4,2.8,0.837,0.74,4967.5,56.3,29.6,615.4,195.8,85.5,3.17,22.11,0.848,23.42,0.765,0.0,0.0,0.0,0.0,79.19,0,0.049,healthy,0.0,none,89.63
2847,TRANSIT,2111.1,7.4,0.793,0.778,4786.8,85.0,42.4,567.4,186.4,89.9,2.87,24.77,0.988,33.34,0.765,0.0,0.0,0.0,0.0,77.04,0,0.113,healthy,0.0,none,81.43
2848,LOITER,6038.1,-1.9,0.546,0.517,3518.7,70.6,26.0,383.9,126.5,86.8,1.31,16.33,1.189,94.11,0.765,0.0,0.0,0.731,0.0,52.67,1,0.652,lubrication,0.73,none,51.37
2849,ISR,12015.6,-5.8,0.811,0.728,4849.2,61.4,31.4,576.3,183.4,91.1,2.12,22.16,0.93,36.96,0.765,0.0,0.0,0.573,0.0,51.3,1,0.505,lubrication,0.57,none,47.21
2850,LOITER,5864.7,5.6,0.515,0.489,3386.5,51.4,18.1,420.5,139.0,74.9,2.22,17.64,1.111,79.92,0.576,0.704,0.0,0.0,0.0,52.16,1,0.567,injector,0.7,none,49.8
2851,DESERT_PATROL,6190.4,27.4,0.52,0.493,3406.4,62.7,22.2,401.4,144.1,88.7,1.91,15.63,1.15,74.91,0.765,0.0,0.0,0.0,0.0,82.74,0,0.107,healthy,0.0,none,93.48
2852,HIGH_ALTITUDE,18812.3,-20.5,0.725,0.608,4428.7,48.4,22.2,507.5,153.7,65.3,3.38,17.74,1.159,67.05,0.765,0.0,0.0,0.0,0.0,88.12,0,0.024,healthy,0.0,none,102.46
2853,LOITER,4198.8,9.5,0.519,0.5,3397.7,71.7,25.5,373.0,126.5,78.5,2.11,16.02,1.184,90.78,0.765,0.0,0.0,0.0,0.0,80.63,0,0.232,healthy,0.0,none,91.66
2854,HIGH_ALTITUDE,18554.6,-18.6,0.805,0.677,4824.1,49.5,25.1,575.2,172.5,88.4,1.53,19.92,0.942,47.59,0.765,0.0,0.0,0.967,0.0,49.83,1,0.84,lubrication,0.97,none,56.46
2855,TRANSIT,12324.1,-16.3,0.765,0.684,4639.2,62.6,30.2,531.3,164.1,71.2,3.39,21.15,1.06,56.0,0.765,0.0,0.0,0.0,0.0,87.49,0,0.023,healthy,0.0,none,100.41
2856,HIGH_ALTITUDE,15001.1,-11.3,0.716,0.624,4366.9,54.5,24.8,505.8,154.7,71.1,3.15,18.57,1.179,62.1,0.765,0.0,0.0,0.0,0.0,86.68,0,0.176,healthy,0.0,none,98.72
2857,ISR,4223.1,6.7,0.797,0.768,4791.2,78.9,39.6,572.7,189.1,88.4,2.96,24.45,0.961,27.93,0.765,0.0,0.272,0.0,0.0,62.32,0,0.288,cooling,0.27,none,63.94
2858,HIGH_ALTITUDE,24645.7,-38.8,0.917,0.723,5395.2,42.4,23.8,638.3,180.3,59.4,4.43,20.27,0.71,38.12,0.765,0.0,0.0,0.0,0.0,91.5,0,0.194,healthy,0.0,none,110.41
2859,LOITER,6127.1,1.7,0.451,0.427,3058.8,66.3,21.1,316.3,110.1,69.9,2.05,13.32,0.956,111.89,0.765,0.0,0.0,0.0,0.0,87.54,0,0.137,healthy,0.0,none,102.46
2860,LOITER,5745.3,0.0,0.45,0.428,2840.8,40.7,12.1,419.1,133.1,68.5,1.83,26.25,3.301,86.54,0.429,0.455,0.0,0.0,0.455,32.51,1,0.794,combustion,0.91,none,24.91
2861,DESERT_PATROL,13117.1,8.1,0.747,0.663,4523.0,55.1,26.1,556.8,182.3,85.5,2.92,19.98,1.11,39.25,0.765,0.0,0.0,0.0,0.0,86.3,0,0.022,healthy,0.0,none,97.54
2862,HIGH_ALTITUDE,23575.6,-29.0,0.898,0.717,5287.6,38.3,21.1,663.9,190.3,65.3,4.13,23.8,0.715,28.41,0.69,0.28,0.0,0.0,0.0,66.46,0,0.266,injector,0.28,none,71.72
2863,HIGH_ALTITUDE,19160.9,-23.1,0.798,0.667,4783.2,49.1,24.7,556.0,166.2,66.5,3.67,19.2,0.94,52.63,0.765,0.0,0.0,0.0,0.0,86.32,0,0.151,healthy,0.0,none,91.89
2864,HIGH_ALTITUDE,15994.3,-13.7,0.939,0.81,5494.7,55.2,31.9,680.6,218.8,79.1,3.8,23.82,0.693,2.57,0.765,0.0,0.609,0.0,0.0,43.19,1,0.486,cooling,0.61,none,40.91
2865,TRANSIT,15348.8,-15.1,0.668,0.58,4145.7,53.8,23.2,468.9,144.2,80.5,1.81,17.09,1.269,75.82,0.765,0.0,0.0,0.667,0.0,51.96,1,0.702,lubrication,0.67,none,52.04
2866,TRANSIT,11172.7,-9.8,0.61,0.552,3848.7,61.2,24.6,428.9,134.7,68.8,2.71,17.05,1.256,85.3,0.765,0.0,0.0,0.0,0.0,56.46,1,0.755,sensor,0.75,drift,59.38
2867,TRANSIT,13654.7,-12.8,0.697,0.615,4275.9,57.6,25.9,492.3,152.0,70.1,3.08,18.45,1.195,67.95,0.765,0.0,0.0,0.0,0.0,83.82,0,0.237,healthy,0.0,none,98.0
2868,TRANSIT,4169.2,2.8,0.6,0.579,3567.8,71.2,26.9,425.3,142.6,78.7,2.28,20.8,2.248,78.58,0.674,0.0,0.0,0.0,0.398,50.09,1,0.427,mechanical,0.4,none,51.21
2869,LOITER,7598.1,0.4,0.554,0.518,3568.5,54.4,20.2,435.3,141.6,73.8,2.36,21.76,1.25,79.34,0.629,0.51,0.0,0.0,0.0,54.23,1,0.431,injector,0.51,none,56.03
2870,ISR,1935.0,12.5,0.559,0.549,3604.4,78.5,29.6,399.9,140.7,82.5,2.22,17.97,1.236,80.2,0.765,0.0,0.0,0.0,0.0,81.73,0,0.156,healthy,0.0,none,84.58
2871,HIGH_ALTITUDE,22591.2,-31.3,0.918,0.74,5409.0,44.9,25.5,655.5,189.9,64.3,4.29,21.12,0.698,31.85,0.765,0.0,0.0,0.0,0.0,89.16,0,0.094,healthy,0.0,none,102.55
2872,LOITER,4975.9,6.5,0.499,0.478,3279.4,69.8,24.1,357.3,121.9,74.8,2.11,15.14,1.122,97.43,0.765,0.0,0.0,0.0,0.0,65.17,1,0.267,sensor,0.35,spike,69.47
2873,LOITER,5721.4,4.7,0.472,0.448,2716.8,56.3,15.9,336.4,114.3,73.1,1.64,19.8,3.137,104.95,0.549,0.0,0.0,0.0,0.939,35.83,1,0.853,mechanical,0.94,none,34.01
2874,HIGH_ALTITUDE,18503.4,-23.1,0.722,0.607,4429.5,49.5,22.9,496.1,150.7,63.8,3.39,17.93,1.194,70.08,0.765,0.0,0.0,0.0,0.0,58.92,1,0.849,sensor,0.97,freeze,57.63
2875,HIGH_ALTITUDE,15712.8,-14.3,0.807,0.698,4844.6,39.5,19.8,638.9,191.4,72.4,3.48,23.79,0.919,27.59,0.553,0.792,0.0,0.0,0.0,46.05,1,0.713,injector,0.79,none,43.79
2876,ISR,15215.4,-14.0,0.747,0.65,4552.1,55.0,26.2,530.0,164.8,88.1,1.64,19.29,1.096,57.3,0.765,0.0,0.0,0.835,0.0,51.47,1,0.78,lubrication,0.84,none,51.51
2877,TRANSIT,5411.1,5.8,0.552,0.526,3565.3,70.5,26.2,396.0,133.4,96.4,1.0,16.64,1.199,86.37,0.765,0.0,0.0,0.937,0.0,49.86,1,0.802,lubrication,0.94,none,46.19
2878,HIGH_ALTITUDE,22508.6,-31.8,0.812,0.655,4845.9,44.3,22.6,568.9,167.2,59.7,3.91,18.47,0.919,52.27,0.765,0.0,0.261,0.0,0.0,75.44,0,0.341,cooling,0.26,none,80.04
2879,LOITER,6985.5,4.0,0.466,0.438,3131.0,64.1,21.2,327.8,114.0,72.0,1.98,13.79,1.014,106.54,0.765,0.0,0.0,0.0,0.0,87.01,0,0.135,healthy,0.0,none,103.14
2880,HIGH_ALTITUDE,16718.4,-15.9,0.844,0.723,5027.7,48.1,25.3,631.1,187.8,72.4,3.61,22.48,0.816,31.08,0.691,0.277,0.0,0.0,0.0,65.48,0,0.265,injector,0.28,none,71.29
2881,ISR,9587.9,0.6,0.768,0.705,4642.6,65.4,32.0,548.9,178.6,81.9,3.09,21.9,1.036,41.85,0.765,0.0,0.0,0.0,0.0,79.69,0,0.143,healthy,0.0,none,90.62
2882,LOITER,7428.6,-1.1,0.415,0.389,2860.6,62.3,18.7,286.1,99.2,78.4,1.19,12.0,0.827,121.94,0.765,0.0,0.0,0.595,0.0,55.71,1,0.572,lubrication,0.6,none,53.07
2883,HIGH_ALTITUDE,15432.8,-17.3,0.763,0.662,4607.5,55.5,26.9,545.1,163.4,69.7,3.43,19.47,1.04,56.51,0.765,0.0,0.0,0.0,0.0,92.75,0,0.046,healthy,0.0,none,115.6
2884,TRANSIT,6869.7,0.1,0.63,0.593,3956.2,70.0,28.9,452.0,152.9,76.6,2.61,18.48,1.284,65.56,0.765,0.0,0.473,0.0,0.0,55.97,1,0.456,cooling,0.47,none,62.42
2885,ISR,5079.1,6.0,0.689,0.659,4244.7,74.6,33.2,498.0,163.7,83.7,2.67,20.66,1.235,56.24,0.765,0.0,0.0,0.0,0.0,87.64,0,0.099,healthy,0.0,none,99.88
2886,HIGH_ALTITUDE,19807.4,-27.9,0.716,0.594,4397.3,47.8,22.0,495.0,145.5,60.4,3.41,17.1,1.252,75.23,0.765,0.0,0.0,0.0,0.0,62.46,1,0.46,sensor,0.51,spike,68.61
2887,HIGH_ALTITUDE,23950.4,-30.2,0.783,0.622,4727.9,41.1,20.2,543.0,175.6,59.6,3.77,17.4,1.0,43.57,0.765,0.0,0.838,0.0,0.0,55.77,1,0.717,cooling,0.84,none,59.14
2888,ISR,4096.9,4.5,0.644,0.621,4030.5,76.8,32.1,451.2,151.6,80.1,2.56,19.84,1.327,67.64,0.765,0.0,0.0,0.0,0.0,84.55,0,0.187,healthy,0.0,none,93.26
2889,DESERT_PATROL,1289.9,33.6,0.579,0.573,3677.3,75.4,29.0,442.1,185.1,96.3,1.94,18.66,1.244,35.04,0.765,0.0,0.991,0.0,0.0,41.79,1,0.945,cooling,0.99,none,41.23
2890,TRANSIT,4692.8,2.0,0.677,0.65,3642.5,64.9,24.9,479.6,156.6,80.4,2.26,28.17,3.521,62.18,0.563,0.0,0.0,0.0,0.878,36.28,1,0.845,mechanical,0.88,none,28.5
2891,LOITER,6751.2,-1.4,0.461,0.434,3113.1,65.8,21.4,316.2,109.0,79.0,1.34,13.75,0.963,112.32,0.765,0.0,0.0,0.537,0.0,56.5,1,0.527,lubrication,0.54,none,60.31
2892,TRANSIT,4448.4,1.2,0.682,0.656,4240.4,77.6,34.1,488.9,159.8,80.3,2.77,20.86,1.281,61.9,0.765,0.0,0.0,0.0,0.0,87.43,0,0.032,healthy,0.0,none,104.81
2893,DESERT_PATROL,3467.3,23.5,0.556,0.539,3574.9,47.7,18.0,491.1,168.8,88.2,2.07,30.55,1.25,51.41,0.512,0.946,0.0,0.0,0.0,46.15,1,0.847,injector,0.95,none,44.25
2894,DESERT_PATROL,8556.5,24.0,0.533,0.494,3476.3,45.0,16.1,468.7,159.0,85.9,2.0,17.16,1.158,60.89,0.591,0.651,0.0,0.0,0.0,51.58,1,0.637,injector,0.65,none,55.53
2895,HIGH_ALTITUDE,16203.7,-21.1,0.835,0.719,4629.8,32.3,15.6,669.4,193.5,69.9,3.37,43.23,3.607,25.4,0.414,0.48,0.0,0.0,0.48,25.07,1,0.878,combustion,0.96,none,18.28
2896,HIGH_ALTITUDE,22578.2,-26.8,0.798,0.644,4766.7,38.8,19.5,591.9,169.3,62.9,3.76,19.11,1.002,49.19,0.688,0.288,0.0,0.0,0.0,72.95,0,0.234,injector,0.29,none,76.86
2897,LOITER,5241.8,5.7,0.437,0.418,2992.5,67.0,20.8,309.9,108.3,72.3,1.89,13.24,0.9,111.7,0.765,0.0,0.0,0.0,0.0,85.99,0,0.194,healthy,0.0,none,99.38
2898,HIGH_ALTITUDE,22727.9,-25.2,0.758,0.611,4583.3,42.2,20.3,535.1,156.3,68.9,2.77,17.39,1.098,62.83,0.765,0.0,0.0,0.342,0.0,64.01,1,0.386,lubrication,0.34,none,65.67
2899,ISR,5894.4,7.6,0.689,0.654,4222.1,72.0,31.8,501.2,164.6,95.0,1.68,20.56,1.204,54.61,0.765,0.0,0.0,0.578,0.0,53.8,1,0.62,lubrication,0.58,none,53.33
2900,TRANSIT,9120.0,-11.9,0.811,0.747,4844.4,70.4,35.7,571.3,177.1,81.7,2.82,23.13,0.928,43.09,0.765,0.0,0.0,0.237,0.0,71.21,0,0.179,lubrication,0.24,none,81.73
2901,ISR,1403.0,11.9,0.85,0.84,5024.1,86.8,45.8,607.5,200.2,94.6,2.93,27.39,0.81,17.34,0.765,0.0,0.0,0.0,0.0,76.42,0,0.203,healthy,0.0,none,83.35
2902,LOITER,5010.4,1.7,0.448,0.429,3029.6,69.0,21.9,312.5,107.9,70.2,2.0,13.49,0.933,112.73,0.765,0.0,0.0,0.0,0.0,88.45,0,0.118,healthy,0.0,none,100.1
2903,DESERT_PATROL,7725.5,18.0,0.777,0.726,4688.2,66.2,32.8,572.6,195.6,94.3,2.73,22.45,1.033,25.69,0.765,0.0,0.0,0.0,0.0,65.68,0,0.197,sensor,0.22,noise,71.7
2904,HIGH_ALTITUDE,20215.5,-27.5,0.85,0.703,4490.7,42.5,20.0,602.1,175.9,64.8,3.46,25.74,2.964,44.56,0.602,0.0,0.0,0.0,0.709,41.54,1,0.648,mechanical,0.71,none,40.32
2905,DESERT_PATROL,15375.3,-2.7,0.843,0.732,5020.1,40.8,21.3,680.1,205.8,80.8,3.39,32.32,0.848,12.12,0.584,0.677,0.0,0.0,0.0,41.27,1,0.635,injector,0.68,none,42.21
2906,LOITER,6647.9,-1.7,0.525,0.495,3432.3,68.3,24.6,366.6,120.1,72.3,2.3,15.37,1.169,98.35,0.765,0.0,0.0,0.0,0.0,86.64,0,0.054,healthy,0.0,none,98.0
2907,DESERT_PATROL,15635.7,8.9,0.622,0.539,3922.7,48.0,19.7,465.0,152.4,79.8,2.48,16.12,1.281,65.78,0.765,0.0,0.0,0.0,0.0,84.75,0,0.25,healthy,0.0,none,94.53
2908,TRANSIT,6231.7,-2.2,0.625,0.592,3919.2,72.2,29.7,435.7,143.9,75.1,2.65,18.52,1.294,76.83,0.765,0.0,0.0,0.0,0.0,84.02,0,0.031,healthy,0.0,none,92.02
2909,HIGH_ALTITUDE,16465.0,-20.4,0.935,0.803,5460.7,55.6,31.8,670.3,199.3,74.1,3.99,23.78,0.695,20.3,0.765,0.0,0.0,0.0,0.0,82.2,0,0.066,healthy,0.0,none,95.93
2910,DESERT_PATROL,7080.3,20.6,0.66,0.62,4094.1,65.2,28.1,502.1,170.5,89.6,2.39,19.24,1.31,49.54,0.765,0.0,0.0,0.0,0.0,57.02,1,0.548,sensor,0.55,drift,58.61
2911,LOITER,4907.5,9.7,0.426,0.408,2930.3,66.4,20.4,305.4,109.7,74.4,1.82,12.91,0.864,110.96,0.765,0.0,0.0,0.0,0.0,85.26,0,0.212,healthy,0.0,none,95.37
2912,DESERT_PATROL,11072.1,16.0,0.707,0.64,4350.8,57.6,26.3,539.1,178.3,96.4,1.87,19.75,1.16,41.9,0.765,0.0,0.0,0.427,0.0,54.11,1,0.389,lubrication,0.43,none,51.4
2913,HIGH_ALTITUDE,22002.4,-27.3,0.773,0.627,4693.4,44.0,21.4,542.0,159.5,62.6,3.65,17.78,1.013,61.35,0.765,0.0,0.0,0.0,0.0,92.7,0,0.166,healthy,0.0,none,105.14
2914,LOITER,3128.3,6.1,0.449,0.437,3041.2,72.9,23.1,312.7,110.6,73.5,1.91,14.0,0.97,109.24,0.765,0.0,0.0,0.0,0.0,83.93,0,0.145,healthy,0.0,none,94.31
2915,TRANSIT,1498.0,14.7,0.833,0.822,4968.5,70.3,36.9,650.3,214.2,96.1,2.83,35.4,0.845,8.1,0.63,0.505,0.0,0.0,0.0,40.03,1,0.511,injector,0.51,none,34.02
2916,TRANSIT,12830.8,-9.9,0.701,0.624,4310.6,58.9,26.6,492.1,154.0,72.1,3.03,18.79,1.182,64.72,0.765,0.0,0.0,0.0,0.0,86.18,0,0.184,healthy,0.0,none,102.21
2917,LOITER,6959.2,-2.0,0.487,0.458,3241.7,44.8,15.2,400.4,131.6,68.8,2.19,25.32,1.033,87.68,0.517,0.927,0.0,0.0,0.0,47.33,1,0.908,injector,0.93,none,48.4
2918,DESERT_PATROL,10371.0,14.9,0.805,0.734,4460.4,55.5,25.7,601.3,195.7,91.5,2.62,27.2,2.481,21.19,0.643,0.0,0.0,0.0,0.532,33.97,1,0.574,mechanical,0.53,none,29.52
2919,LOITER,3183.0,14.1,0.579,0.564,3701.9,75.2,28.9,417.5,145.9,84.2,2.25,18.18,1.228,73.93,0.765,0.0,0.0,0.0,0.0,83.88,0,0.125,healthy,0.0,none,102.22
2920,LOITER,3778.9,10.7,0.454,0.439,2904.0,47.1,14.4,398.3,136.4,75.9,1.75,20.38,2.935,85.96,0.485,0.366,0.0,0.0,0.366,36.77,1,0.604,combustion,0.73,none,31.1
2921,HIGH_ALTITUDE,22543.7,-35.2,0.809,0.652,4872.7,44.8,22.8,556.7,161.2,58.7,3.83,18.55,0.872,59.96,0.765,0.0,0.0,0.0,0.0,90.34,0,0.071,healthy,0.0,none,105.11
2922,DESERT_PATROL,15054.8,9.0,0.661,0.576,3935.9,47.5,19.4,497.4,164.1,81.7,2.49,18.65,2.007,57.17,0.7,0.0,0.0,0.0,0.284,61.7,0,0.202,mechanical,0.28,none,64.83
2923,LOITER,6501.8,4.4,0.415,0.392,2872.7,63.3,18.8,290.7,123.7,69.8,1.77,12.28,0.854,94.8,0.765,0.0,0.983,0.0,0.0,50.49,1,0.861,cooling,0.98,none,51.17
2924,LOITER,7010.1,-3.1,0.418,0.393,2662.6,58.5,16.2,282.8,96.7,66.2,1.69,14.6,2.077,123.04,0.645,0.0,0.0,0.0,0.523,48.93,1,0.486,mechanical,0.52,none,46.65
2925,TRANSIT,3493.0,6.8,0.538,0.522,3494.2,75.0,27.3,381.4,133.1,78.0,2.18,16.64,1.251,89.08,0.765,0.0,0.0,0.0,0.0,77.4,0,0.093,healthy,0.0,none,84.44
2926,TRANSIT,15280.6,-16.0,0.731,0.635,4461.8,41.2,19.2,575.6,173.2,69.0,3.23,28.92,1.139,47.72,0.572,0.719,0.0,0.0,0.0,51.36,1,0.838,injector,0.72,none,49.18
2927,ISR,5130.6,6.2,0.756,0.722,4330.9,49.2,22.3,619.2,197.7,85.4,2.72,40.35,3.223,22.09,0.468,0.393,0.0,0.0,0.393,24.57,1,0.697,combustion,0.79,none,22.33
2928,LOITER,6707.2,2.7,0.577,0.544,3239.1,59.3,20.1,413.7,134.5,75.8,2.04,22.55,3.183,83.07,0.583,0.0,0.0,0.0,0.793,38.65,1,0.659,mechanical,0.79,none,34.61
2929,ISR,1110.1,11.2,0.544,0.539,3360.3,76.3,26.7,388.3,135.6,80.4,2.06,19.44,2.003,84.82,0.684,0.0,0.0,0.0,0.352,57.37,1,0.187,mechanical,0.35,none,56.24
2930,DESERT_PATROL,2436.5,34.5,0.699,0.684,3976.7,42.7,17.8,636.2,216.8,101.4,2.03,37.33,4.25,6.61,0.404,0.497,0.0,0.0,0.497,13.89,1,0.832,combustion,0.99,none,3.71
2931,ISR,13646.2,-17.5,0.518,0.457,3397.2,55.1,19.7,355.0,108.0,59.8,2.53,13.83,1.153,111.82,0.765,0.0,0.0,0.0,0.0,88.2,0,0.038,healthy,0.0,none,97.11
2932,LOITER,4828.8,4.3,0.584,0.56,3736.6,73.3,28.6,415.4,147.8,78.0,2.4,17.73,1.264,73.12,0.765,0.0,0.448,0.0,0.0,56.58,1,0.375,cooling,0.45,none,51.57
2933,HIGH_ALTITUDE,20409.4,-23.6,0.913,0.753,4722.7,41.1,20.3,654.6,193.2,69.8,3.45,28.43,2.908,27.06,0.58,0.0,0.0,0.0,0.804,33.1,1,0.771,mechanical,0.8,none,28.42
2934,ISR,4352.9,2.9,0.584,0.562,3720.8,75.0,29.5,409.6,136.0,77.9,2.41,18.1,1.261,82.05,0.765,0.0,0.0,0.0,0.0,64.77,1,0.322,sensor,0.33,drift,64.6
2935,LOITER,5350.8,6.8,0.536,0.511,3479.3,69.9,25.5,379.8,133.2,77.0,2.24,16.22,1.186,89.19,0.765,0.0,0.0,0.0,0.0,87.04,0,0.033,healthy,0.0,none,100.56
2936,HIGH_ALTITUDE,21470.5,-32.0,0.943,0.769,5525.4,47.4,27.2,667.3,193.6,85.8,1.85,21.61,0.685,27.12,0.765,0.0,0.0,0.976,0.0,40.47,1,0.952,lubrication,0.98,none,36.34
2937,LOITER,5495.2,0.3,0.556,0.53,3151.4,62.2,20.7,389.7,130.1,74.1,2.0,22.05,2.999,90.12,0.585,0.0,0.0,0.0,0.783,38.77,1,0.654,mechanical,0.78,none,36.37
2938,TRANSIT,6236.4,-0.6,0.585,0.554,3268.8,61.0,20.9,415.3,135.9,74.9,2.11,22.96,3.106,84.32,0.579,0.0,0.0,0.0,0.809,37.11,1,0.803,mechanical,0.81,none,36.3
2939,TRANSIT,4918.3,-0.7,0.692,0.663,4233.6,77.0,34.3,485.0,159.1,97.2,1.35,20.98,1.219,61.13,0.765,0.0,0.0,0.861,0.0,50.5,1,0.769,lubrication,0.86,none,50.94
2940,HIGH_ALTITUDE,21675.0,-30.9,0.934,0.761,5437.4,46.7,26.7,653.6,193.8,66.3,4.31,21.65,0.681,28.05,0.765,0.0,0.0,0.0,0.0,71.01,0,0.255,sensor,0.26,freeze,74.02
2941,HIGH_ALTITUDE,20244.3,-30.6,0.88,0.727,5211.7,49.1,26.6,620.8,181.0,65.0,4.06,21.37,0.722,40.5,0.765,0.0,0.0,0.0,0.0,89.39,0,0.048,healthy,0.0,none,107.05
2942,ISR,6376.3,-1.4,0.665,0.629,4040.7,63.0,26.8,497.3,162.9,77.2,2.65,22.9,2.077,59.54,0.651,0.136,0.0,0.0,0.136,61.45,0,0.19,combustion,0.27,none,64.45
2943,LOITER,5296.1,6.2,0.422,0.403,2866.4,59.7,17.8,310.8,109.7,72.1,1.81,14.03,1.414,110.51,0.68,0.1,0.0,0.0,0.1,70.75,0,0.205,combustion,0.2,none,77.8
2944,DESERT_PATROL,8191.5,20.1,0.521,0.484,3411.9,59.5,21.3,391.7,145.3,84.3,2.02,14.95,1.155,75.22,0.765,0.0,0.322,0.0,0.0,65.6,1,0.198,cooling,0.32,none,68.4
2945,LOITER,3133.2,8.3,0.531,0.517,3462.2,67.4,24.2,405.5,139.0,78.5,2.15,17.7,1.202,83.07,0.684,0.301,0.0,0.0,0.0,65.15,1,0.258,injector,0.3,none,63.83
2946,DESERT_PATROL,13166.2,7.3,0.523,0.464,3409.2,51.3,18.4,387.5,128.0,75.2,2.22,13.65,1.173,89.88,0.765,0.0,0.0,0.0,0.0,68.84,0,0.061,healthy,0.0,none,78.45
2947,ISR,15772.4,-20.3,0.778,0.673,4674.0,55.5,27.3,541.8,161.3,68.0,3.5,19.72,1.033,55.61,0.765,0.0,0.0,0.0,0.0,79.29,0,0.246,healthy,0.0,none,90.51
2948,TRANSIT,12021.1,-8.1,0.516,0.463,3277.5,45.0,15.4,403.3,125.8,66.2,2.28,19.14,2.357,93.88,0.588,0.219,0.0,0.0,0.219,46.3,1,0.392,combustion,0.44,none,41.71
2949,ISR,11259.4,-4.8,0.624,0.564,3911.6,45.1,18.4,502.6,156.6,72.2,2.74,26.57,1.291,63.06,0.574,0.715,0.0,0.0,0.0,50.71,1,0.672,injector,0.72,none,53.18
2950,HIGH_ALTITUDE,22196.0,-32.7,0.837,0.678,4992.3,45.2,23.7,586.8,186.5,60.6,3.97,19.34,0.837,33.68,0.765,0.0,0.842,0.0,0.0,51.96,1,0.786,cooling,0.84,none,53.94
2951,TRANSIT,9778.3,-8.1,0.787,0.721,4759.8,59.8,29.7,586.1,182.2,77.8,3.19,23.29,0.955,38.24,0.68,0.318,0.0,0.0,0.0,63.71,1,0.264,injector,0.32,none,58.52
2952,DESERT_PATROL,10470.6,14.5,0.546,0.497,3529.7,56.2,20.9,412.1,159.2,80.7,2.19,15.24,1.178,59.16,0.765,0.0,0.911,0.0,0.0,50.07,1,0.813,cooling,0.91,none,52.14
2953,LOITER,4303.5,6.0,0.493,0.474,3267.1,71.4,24.7,344.9,120.6,75.1,2.08,15.26,1.07,99.49,0.765,0.0,0.0,0.0,0.0,55.9,1,0.858,sensor,0.91,freeze,52.71
2954,DESERT_PATROL,10842.6,13.4,0.656,0.595,4085.7,57.8,24.4,494.0,166.3,85.2,2.52,18.1,1.257,55.44,0.765,0.0,0.0,0.0,0.0,83.3,0,0.147,healthy,0.0,none,97.84
2955,HIGH_ALTITUDE,23845.3,-34.3,0.907,0.722,5329.3,33.0,18.5,698.0,196.8,62.5,4.26,22.68,0.698,23.01,0.588,0.66,0.0,0.0,0.0,49.95,1,0.597,injector,0.66,none,52.36
2956,HIGH_ALTITUDE,20510.0,-23.8,0.728,0.6,4430.9,45.8,21.4,505.3,152.7,70.5,2.55,17.13,1.165,68.91,0.765,0.0,0.0,0.417,0.0,57.35,1,0.411,lubrication,0.42,none,58.47
2957,DESERT_PATROL,2015.3,25.5,0.618,0.607,3886.7,76.5,31.2,468.0,164.1,94.3,2.15,19.34,1.325,56.19,0.765,0.0,0.0,0.0,0.0,73.0,0,0.146,sensor,0.22,freeze,83.48
2958,ISR,11576.3,-8.3,0.757,0.682,4189.5,56.7,25.1,538.9,169.4,75.5,2.86,24.65,2.671,51.1,0.637,0.0,0.0,0.0,0.558,44.99,1,0.57,mechanical,0.56,none,45.86
2959,HIGH_ALTITUDE,23399.8,-27.5,0.87,0.696,5078.8,37.5,19.9,631.7,186.7,64.8,3.92,23.3,1.483,34.41,0.666,0.118,0.0,0.0,0.118,67.26,0,0.241,combustion,0.24,none,77.04
2960,LOITER,6651.6,2.9,0.553,0.522,3573.6,68.0,25.6,389.6,131.6,75.2,2.38,16.33,1.19,88.2,0.765,0.0,0.0,0.0,0.0,65.22,1,0.286,sensor,0.34,noise,67.17
2961,DESERT_PATROL,14342.3,6.4,0.519,0.456,3405.1,49.0,17.4,387.2,146.8,74.0,2.18,13.7,1.141,74.97,0.765,0.0,0.79,0.0,0.0,52.03,1,0.717,cooling,0.79,none,46.82
2962,HIGH_ALTITUDE,18851.3,-20.8,0.935,0.784,4894.6,44.4,22.5,672.6,199.7,72.3,3.56,29.04,2.751,20.07,0.6,0.0,0.0,0.0,0.717,33.76,1,0.646,mechanical,0.72,none,30.42
2963,HIGH_ALTITUDE,24117.8,-30.1,0.85,0.675,5040.6,41.3,21.8,601.6,175.2,62.4,4.01,18.89,0.786,45.94,0.765,0.0,0.0,0.0,0.0,91.85,0,0.163,healthy,0.0,none,109.01
2964,LOITER,3504.8,8.4,0.573,0.556,3659.1,75.6,29.1,413.5,140.7,80.4,2.32,17.71,1.256,80.08,0.765,0.0,0.0,0.0,0.0,78.11,0,0.09,healthy,0.0,none,83.71
2965,DESERT_PATROL,1996.7,27.7,0.596,0.586,3540.7,70.0,25.9,448.0,160.8,92.9,1.93,21.61,2.333,59.15,0.663,0.0,0.0,0.0,0.447,47.08,1,0.525,mechanical,0.45,none,44.16
2966,DESERT_PATROL,12451.5,6.6,0.64,0.572,4011.6,40.1,16.7,537.5,172.3,79.4,2.61,27.34,1.293,48.09,0.555,0.786,0.0,0.0,0.0,48.73,1,0.67,injector,0.79,none,44.13
2967,LOITER,6975.5,-2.5,0.482,0.453,3197.9,66.3,22.2,335.2,126.4,68.7,2.17,14.07,1.039,93.96,0.765,0.0,0.736,0.0,0.0,53.95,1,0.635,cooling,0.74,none,50.52
2968,ISR,8333.5,-3.6,0.655,0.608,3855.5,63.7,25.4,467.3,149.3,74.1,2.56,21.51,2.209,70.8,0.68,0.0,0.0,0.0,0.371,53.88,1,0.284,mechanical,0.37,none,59.73
2969,ISR,12313.7,-8.1,0.513,0.459,3369.7,55.9,19.7,353.8,114.5,65.5,2.36,13.89,1.103,105.27,0.765,0.0,0.0,0.0,0.0,81.37,0,0.228,healthy,0.0,none,90.08
2970,DESERT_PATROL,2113.4,26.8,0.762,0.748,4630.1,78.9,38.4,573.5,196.2,99.8,2.52,24.1,1.077,23.59,0.765,0.0,0.0,0.0,0.0,75.65,0,0.126,healthy,0.0,none,80.73
2971,DESERT_PATROL,8572.0,7.3,0.653,0.605,3663.5,57.0,21.8,481.5,158.4,81.5,2.26,23.63,2.934,61.83,0.606,0.0,0.0,0.0,0.691,39.23,1,0.712,mechanical,0.69,none,35.33
2972,TRANSIT,12169.5,-7.9,0.507,0.454,3331.4,56.0,19.5,350.6,112.5,70.4,1.98,13.9,1.108,106.44,0.765,0.0,0.0,0.223,0.0,73.31,0,0.115,lubrication,0.22,none,86.25
2973,HIGH_ALTITUDE,23770.2,-35.9,0.77,0.613,4651.5,42.3,20.5,531.0,151.7,56.0,3.77,17.28,1.016,69.05,0.765,0.0,0.0,0.0,0.0,62.17,1,0.825,sensor,0.94,spike,65.63
2974,ISR,12555.1,-12.5,0.751,0.671,4543.3,60.9,29.0,532.8,165.3,73.0,3.21,20.41,1.099,55.76,0.765,0.0,0.0,0.0,0.0,89.36,0,0.24,healthy,0.0,none,106.55
2975,TRANSIT,11918.5,-9.8,0.815,0.731,4880.3,62.7,31.9,577.2,180.8,77.6,3.41,22.21,0.909,39.57,0.765,0.0,0.0,0.0,0.0,77.61,0,0.246,healthy,0.0,none,87.81
2976,LOITER,6237.2,9.2,0.512,0.485,3344.9,66.3,23.4,371.1,128.6,91.8,1.16,15.25,1.157,92.04,0.765,0.0,0.0,0.724,0.0,52.92,1,0.656,lubrication,0.72,none,53.69
2977,DESERT_PATROL,7067.2,24.6,0.801,0.752,4651.6,50.4,24.4,672.3,222.4,98.9,2.51,30.94,2.514,-2.83,0.555,0.264,0.0,0.0,0.264,23.9,1,0.425,combustion,0.53,none,20.45
2978,ISR,12509.3,-1.8,0.582,0.519,3698.8,55.7,21.6,409.7,151.4,72.7,2.53,15.74,1.213,70.15,0.765,0.0,0.729,0.0,0.0,53.05,1,0.612,cooling,0.73,none,53.83
2979,ISR,4955.0,9.3,0.573,0.549,3648.7,53.7,20.6,466.9,156.0,80.3,2.33,26.87,1.278,64.01,0.575,0.709,0.0,0.0,0.0,50.56,1,0.598,injector,0.71,none,47.15
2980,LOITER,5778.5,-2.5,0.424,0.403,2765.6,63.7,18.4,284.5,98.0,66.9,1.8,13.95,1.587,121.43,0.691,0.0,0.0,0.0,0.324,62.34,1,0.189,mechanical,0.32,none,64.97
2981,LOITER,6134.6,0.8,0.414,0.392,2883.2,65.0,19.5,286.3,100.4,67.8,1.87,12.37,0.86,120.81,0.765,0.0,0.0,0.0,0.0,85.64,0,0.111,healthy,0.0,none,98.71
2982,DESERT_PATROL,15585.0,7.3,0.552,0.478,3564.3,47.1,17.5,406.2,137.7,75.9,2.29,14.24,1.245,82.97,0.765,0.0,0.0,0.0,0.0,56.41,1,0.676,sensor,0.74,drift,61.63
2983,TRANSIT,3492.7,6.6,0.839,0.814,4976.6,81.8,42.8,593.4,196.4,90.9,3.03,26.35,0.835,23.24,0.765,0.0,0.0,0.0,0.0,79.46,0,0.158,healthy,0.0,none,84.35
2984,ISR,15248.9,-15.0,0.6,0.521,3808.9,52.9,21.1,412.9,128.7,64.3,2.76,15.48,1.287,91.18,0.765,0.0,0.0,0.0,0.0,78.49,0,0.124,healthy,0.0,none,85.23
2985,DESERT_PATROL,5861.0,21.1,0.763,0.724,4621.3,70.0,33.9,571.3,195.0,95.1,2.62,22.97,1.052,26.88,0.765,0.0,0.0,0.0,0.0,76.28,0,0.114,healthy,0.0,none,86.79
2986,HIGH_ALTITUDE,21989.3,-28.1,0.802,0.651,4794.6,44.5,22.4,570.2,163.8,62.8,3.8,18.57,0.94,55.6,0.765,0.0,0.0,0.0,0.0,69.15,1,0.333,sensor,0.39,noise,78.98
2987,DESERT_PATROL,4126.8,29.4,0.644,0.622,3497.5,59.9,21.9,490.4,173.8,94.9,1.85,27.07,3.433,46.47,0.565,0.0,0.0,0.0,0.869,36.19,1,0.718,mechanical,0.87,none,35.63
2988,ISR,11761.6,-11.7,0.847,0.762,5028.3,63.9,33.9,601.8,187.8,77.1,3.57,23.08,0.794,30.28,0.765,0.0,0.235,0.0,0.0,69.22,0,0.204,cooling,0.23,none,73.15
2989,TRANSIT,14952.0,-14.8,0.656,0.572,3723.3,49.1,19.0,457.6,140.5,66.8,2.66,20.72,2.787,78.47,0.628,0.0,0.0,0.0,0.597,43.44,1,0.526,mechanical,0.6,none,37.37
2990,ISR,12652.6,-10.9,0.735,0.655,4465.8,47.0,21.9,570.7,174.5,73.2,3.19,22.25,1.1,45.06,0.598,0.623,0.0,0.0,0.0,53.95,1,0.572,injector,0.62,none,50.91
2991,HIGH_ALTITUDE,16699.5,-25.9,0.726,0.622,4420.5,54.0,25.1,497.9,149.2,69.4,2.67,18.39,1.168,71.8,0.765,0.0,0.0,0.337,0.0,63.51,1,0.373,lubrication,0.34,none,67.9
2992,TRANSIT,14856.4,-13.8,0.725,0.633,4418.2,55.5,25.7,512.9,156.7,69.8,3.15,18.7,1.164,62.14,0.765,0.0,0.0,0.0,0.0,73.8,0,0.284,sensor,0.25,freeze,83.05
2993,ISR,7930.0,0.2,0.834,0.777,4995.8,48.7,25.4,665.0,208.6,84.7,3.2,29.01,0.863,9.62,0.526,0.892,0.0,0.0,0.0,36.05,1,0.78,injector,0.89,none,29.4
2994,DESERT_PATROL,11864.9,16.7,0.597,0.537,3782.6,53.8,21.3,457.9,155.9,84.2,2.32,16.53,1.246,60.98,0.765,0.0,0.287,0.0,0.0,66.13,0,0.31,cooling,0.29,none,71.4
2995,DESERT_PATROL,15408.4,8.9,0.828,0.719,4496.1,46.3,22.0,621.2,201.5,88.2,2.77,25.85,2.523,19.7,0.635,0.0,0.0,0.0,0.568,33.71,1,0.549,mechanical,0.57,none,27.61
2996,ISR,2983.8,9.8,0.547,0.533,3532.8,75.9,28.1,395.3,134.1,80.1,2.23,17.23,1.184,84.72,0.765,0.0,0.0,0.0,0.0,81.39,0,0.132,healthy,0.0,none,93.62
2997,HIGH_ALTITUDE,23845.0,-35.4,0.785,0.624,4536.3,31.8,15.3,606.5,167.9,56.8,3.52,23.04,2.597,50.57,0.553,0.266,0.0,0.0,0.266,46.59,1,0.53,combustion,0.53,none,48.11
2998,DESERT_PATROL,4481.6,33.5,0.55,0.529,3555.5,66.3,24.7,429.2,156.1,94.0,1.93,16.56,1.224,63.51,0.765,0.0,0.0,0.0,0.0,83.8,0,0.203,healthy,0.0,none,91.39
2999,DESERT_PATROL,14819.1,8.6,0.716,0.625,4378.4,51.0,23.3,532.2,175.1,83.3,2.79,18.43,1.181,45.21,0.765,0.0,0.0,0.0,0.0,86.43,0,0.079,healthy,0.0,none,93.93
3000,HIGH_ALTITUDE,22077.9,-27.9,0.884,0.716,5229.5,45.0,24.4,623.7,182.8,65.7,4.04,20.77,0.749,36.93,0.765,0.0,0.0,0.0,0.0,84.53,0,0.175,healthy,0.0,none,92.75
3001,ISR,14121.4,-8.3,0.606,0.533,3819.0,54.0,21.7,425.5,136.2,68.6,2.69,16.08,1.281,84.31,0.765,0.0,0.0,0.0,0.0,81.22,0,0.108,healthy,0.0,none,95.41
3002,DESERT_PATROL,11884.7,14.8,0.599,0.538,3790.4,54.2,21.6,447.5,153.5,82.7,2.39,16.11,1.319,66.79,0.765,0.0,0.0,0.0,0.0,85.39,0,0.028,healthy,0.0,none,100.98
3003,ISR,13474.6,-12.7,0.73,0.645,4449.6,58.5,27.3,522.8,162.2,90.1,1.41,19.31,1.124,60.57,0.765,0.0,0.0,0.938,0.0,49.93,1,0.851,lubrication,0.94,none,47.66
3004,DESERT_PATROL,15337.6,-0.1,0.525,0.456,3407.6,48.3,17.4,380.6,125.0,70.3,2.29,13.58,1.198,95.26,0.765,0.0,0.0,0.0,0.0,83.25,0,0.224,healthy,0.0,none,95.25
3005,TRANSIT,1280.9,9.6,0.83,0.821,4944.0,60.2,31.2,668.4,212.8,92.8,2.96,31.79,0.868,5.13,0.526,0.892,0.0,0.0,0.0,33.82,1,0.719,injector,0.89,none,26.57
3006,HIGH_ALTITUDE,24182.1,-31.8,0.84,0.666,4980.7,41.4,21.6,590.6,171.8,61.2,3.99,18.58,0.83,49.75,0.765,0.0,0.0,0.0,0.0,95.28,0,0.097,healthy,0.0,none,111.05
3007,ISR,12751.5,-10.0,0.51,0.454,2998.6,48.6,15.2,358.1,111.9,64.7,2.04,17.44,2.652,107.4,0.6,0.0,0.0,0.0,0.719,41.49,1,0.68,mechanical,0.72,none,35.78
3008,DESERT_PATROL,9119.9,20.6,0.612,0.564,3864.8,59.4,23.6,461.4,160.3,87.3,2.29,17.53,1.279,59.55,0.765,0.0,0.0,0.0,0.0,54.37,1,0.853,sensor,0.87,noise,53.55
3009,TRANSIT,10663.3,-7.7,0.781,0.709,4696.3,64.8,31.9,551.8,173.3,77.4,3.22,21.86,1.025,45.75,0.765,0.0,0.0,0.0,0.0,90.79,0,0.037,healthy,0.0,none,106.26
3010,ISR,14056.9,-13.4,0.748,0.658,4543.0,57.5,27.3,528.7,161.2,72.3,3.28,19.62,1.059,56.82,0.765,0.0,0.0,0.0,0.0,59.84,1,0.812,sensor,0.99,noise,66.64
3011,TRANSIT,5435.6,3.7,0.503,0.48,3315.5,69.4,24.3,349.3,120.8,73.7,2.14,15.14,1.104,98.83,0.765,0.0,0.0,0.0,0.0,80.97,0,0.17,healthy,0.0,none,90.81
3012,ISR,12445.8,-5.2,0.571,0.51,3436.8,38.0,13.7,464.2,144.9,70.1,2.35,22.63,3.265,73.64,0.487,0.363,0.0,0.0,0.363,35.88,1,0.649,combustion,0.73,none,31.37
3013,TRANSIT,11145.7,-7.3,0.628,0.568,3956.5,61.0,25.2,442.7,141.3,91.2,1.17,17.38,1.336,79.17,0.765,0.0,0.0,0.977,0.0,47.53,1,0.909,lubrication,0.98,none,46.31
3014,TRANSIT,11695.8,-6.3,0.645,0.58,3797.2,56.3,22.5,460.6,144.8,71.7,2.61,19.7,2.176,74.47,0.679,0.0,0.0,0.0,0.374,53.99,1,0.3,mechanical,0.37,none,53.76
3015,LOITER,5730.3,3.1,0.516,0.491,3349.9,61.4,21.6,392.2,130.9,74.1,2.21,16.31,1.129,89.69,0.678,0.324,0.0,0.0,0.0,63.69,1,0.296,injector,0.32,none,63.41
3016,DESERT_PATROL,2854.0,21.4,0.727,0.709,4437.8,77.6,36.1,539.6,185.4,94.1,2.48,22.7,1.135,35.62,0.765,0.0,0.0,0.0,0.0,81.66,0,0.098,healthy,0.0,none,95.22
3017,TRANSIT,14368.8,-13.5,0.615,0.539,3865.7,45.2,18.3,474.5,144.3,65.8,2.87,17.61,1.303,76.24,0.631,0.5,0.0,0.0,0.0,55.36,1,0.446,injector,0.5,none,55.17
3018,HIGH_ALTITUDE,22240.3,-32.3,0.907,0.734,5341.0,45.6,25.4,634.8,184.3,63.7,4.25,20.91,0.719,35.43,0.765,0.0,0.0,0.0,0.0,89.24,0,0.15,healthy,0.0,none,99.18
3019,HIGH_ALTITUDE,19114.4,-21.8,0.802,0.67,4307.0,43.4,19.6,569.9,168.4,67.0,3.2,24.33,2.895,50.85,0.61,0.0,0.0,0.0,0.674,43.71,1,0.607,mechanical,0.67,none,43.57
3020,LOITER,5188.5,2.5,0.406,0.388,2825.1,66.5,19.7,281.4,99.4,69.1,1.8,12.25,0.85,121.41,0.765,0.0,0.0,0.0,0.0,83.92,0,0.168,healthy,0.0,none,100.59
3021,DESERT_PATROL,6695.9,24.5,0.662,0.624,4118.2,65.4,27.9,503.1,173.6,104.1,1.44,19.67,1.314,45.95,0.765,0.0,0.0,0.588,0.0,51.71,1,0.578,lubrication,0.59,none,51.22
3022,HIGH_ALTITUDE,20583.0,-23.3,0.877,0.723,5182.9,47.0,25.5,630.6,184.3,68.0,3.87,20.67,0.764,34.75,0.765,0.0,0.0,0.0,0.0,75.65,0,0.198,sensor,0.2,spike,81.98
3023,LOITER,5186.3,7.9,0.538,0.514,3502.4,70.1,25.7,386.3,132.6,79.1,2.21,16.19,1.204,87.68,0.765,0.0,0.0,0.0,0.0,85.95,0,0.139,healthy,0.0,none,99.63
3024,TRANSIT,5126.6,3.6,0.64,0.612,3746.2,44.7,17.5,554.6,175.2,79.5,2.38,31.22,3.84,44.68,0.43,0.454,0.0,0.0,0.454,30.16,1,0.818,combustion,0.91,none,31.85
3025,LOITER,7424.5,0.4,0.558,0.522,3604.7,66.7,25.3,390.7,130.4,73.0,2.33,16.32,1.205,89.16,0.765,0.0,0.0,0.0,0.0,77.39,0,0.093,healthy,0.0,none,88.78
3026,TRANSIT,8866.0,-0.9,0.745,0.689,4521.7,56.8,26.8,576.6,183.0,80.1,2.96,27.39,1.119,39.13,0.646,0.444,0.0,0.0,0.0,53.09,1,0.467,injector,0.44,none,55.07
3027,LOITER,3849.2,7.2,0.447,0.433,3054.6,70.6,22.5,313.3,111.1,81.0,1.42,13.78,0.924,108.55,0.765,0.0,0.0,0.39,0.0,60.48,1,0.379,lubrication,0.39,none,64.02
3028,HIGH_ALTITUDE,20532.6,-24.9,0.874,0.72,5174.1,47.3,25.7,619.5,182.9,67.4,3.93,20.73,0.733,36.87,0.765,0.0,0.0,0.0,0.0,85.97,0,0.185,healthy,0.0,none,98.08
3029,DESERT_PATROL,12875.5,11.3,0.786,0.699,4723.2,55.5,27.6,581.0,191.6,88.3,2.93,20.88,0.999,27.93,0.765,0.0,0.0,0.0,0.0,77.4,0,0.105,healthy,0.0,none,92.65
3030,ISR,12895.6,-10.8,0.541,0.481,3481.7,45.4,16.6,413.7,130.1,65.5,2.47,16.27,1.206,90.13,0.622,0.534,0.0,0.0,0.0,54.18,1,0.446,injector,0.53,none,52.79
3031,LOITER,4882.8,7.3,0.505,0.484,3314.6,70.0,24.3,362.0,129.9,75.7,2.13,15.33,1.147,89.21,0.765,0.0,0.379,0.0,0.0,60.72,1,0.316,cooling,0.38,none,60.95
3032,LOITER,3585.5,6.4,0.452,0.438,3053.1,71.7,23.0,325.8,112.3,73.7,1.94,13.94,1.002,108.39,0.765,0.0,0.0,0.0,0.0,88.49,0,0.13,healthy,0.0,none,102.65
3033,HIGH_ALTITUDE,17576.4,-14.7,0.825,0.701,4938.7,51.0,26.2,585.9,182.8,72.6,3.59,20.28,0.876,36.08,0.765,0.0,0.248,0.0,0.0,71.18,0,0.164,cooling,0.25,none,75.62
3034,LOITER,7937.3,-3.9,0.536,0.5,3476.0,65.9,23.9,374.8,121.3,70.6,2.38,15.6,1.189,97.44,0.765,0.0,0.0,0.0,0.0,82.67,0,0.227,healthy,0.0,none,90.05
3035,TRANSIT,1778.1,9.7,0.595,0.586,3781.3,80.8,32.0,422.7,153.2,81.8,2.36,19.04,1.245,66.96,0.765,0.0,0.449,0.0,0.0,56.73,1,0.374,cooling,0.45,none,54.14
3036,DESERT_PATROL,3512.2,30.7,0.645,0.626,4002.7,71.8,30.4,489.9,178.0,96.9,2.22,20.11,1.3,45.43,0.765,0.0,0.0,0.0,0.0,84.51,0,0.054,healthy,0.0,none,98.79
3037,DESERT_PATROL,11229.8,11.3,0.815,0.737,4883.0,59.6,30.8,613.3,199.2,90.5,2.98,22.76,0.9,21.77,0.765,0.0,0.0,0.0,0.0,80.19,0,0.052,healthy,0.0,none,90.96
3038,DESERT_PATROL,10787.6,10.2,0.515,0.467,3370.4,55.6,19.6,376.2,129.6,76.8,2.13,14.13,1.164,89.64,0.765,0.0,0.0,0.0,0.0,86.92,0,0.064,healthy,0.0,none,104.64
3039,TRANSIT,13286.0,-7.9,0.56,0.496,3122.8,46.7,15.4,390.4,123.6,68.1,2.08,19.92,3.242,94.45,0.567,0.0,0.0,0.0,0.863,36.99,1,0.783,mechanical,0.86,none,39.12
3040,HIGH_ALTITUDE,23173.8,-32.0,0.873,0.7,4401.9,36.0,16.5,619.8,177.5,61.8,3.42,28.15,3.738,42.59,0.538,0.0,0.0,0.0,0.99,35.61,1,0.946,mechanical,0.99,none,35.12
3041,DESERT_PATROL,12378.8,12.5,0.636,0.568,3982.6,54.2,22.6,472.3,156.9,87.3,2.15,17.17,1.313,60.5,0.765,0.0,0.0,0.211,0.0,72.38,0,0.134,lubrication,0.21,none,77.21
3042,HIGH_ALTITUDE,18091.7,-19.2,0.77,0.651,4654.0,50.2,24.3,551.0,163.1,68.1,3.43,18.86,1.061,55.84,0.765,0.0,0.0,0.0,0.0,78.33,0,0.18,sensor,0.22,spike,90.35
3043,HIGH_ALTITUDE,21817.4,-27.7,0.811,0.659,4889.6,44.8,22.7,575.5,174.4,62.9,3.79,18.95,0.897,44.65,0.765,0.0,0.488,0.0,0.0,61.18,1,0.437,cooling,0.49,none,68.72
3044,LOITER,4112.8,4.5,0.401,0.387,2790.8,68.5,20.1,277.7,99.1,70.1,1.74,12.36,0.822,120.88,0.765,0.0,0.0,0.0,0.0,83.88,0,0.038,healthy,0.0,none,93.47
3045,DESERT_PATROL,10627.9,13.1,0.644,0.585,3774.0,37.9,15.0,569.5,182.1,84.3,2.3,27.01,3.395,37.2,0.47,0.389,0.0,0.0,0.389,30.03,1,0.668,combustion,0.78,none,24.91
3046,DESERT_PATROL,8718.1,15.7,0.847,0.784,4645.5,59.7,28.9,637.5,206.4,94.7,2.67,28.61,2.349,11.78,0.649,0.0,0.0,0.0,0.508,32.55,1,0.475,mechanical,0.51,none,26.75
3047,TRANSIT,14428.6,-10.1,0.695,0.609,4268.4,48.5,21.6,516.2,161.0,71.1,3.08,22.2,1.241,58.61,0.672,0.349,0.0,0.0,0.0,62.98,1,0.367,injector,0.35,none,68.49
3048,TRANSIT,8012.0,-3.2,0.52,0.485,3411.1,48.0,17.1,418.2,134.9,69.9,2.29,24.02,1.138,84.69,0.564,0.753,0.0,0.0,0.0,50.26,1,0.693,injector,0.75,none,49.95
3049,HIGH_ALTITUDE,23332.1,-30.7,0.875,0.7,5179.4,43.0,23.3,625.6,179.2,63.0,4.05,19.9,0.758,40.97,0.765,0.0,0.0,0.0,0.0,91.02,0,0.111,healthy,0.0,none,105.42
3050,LOITER,7729.7,-2.5,0.504,0.471,3321.0,65.1,22.6,350.1,115.2,70.1,2.22,14.9,1.137,103.27,0.765,0.0,0.0,0.0,0.0,81.96,0,0.077,healthy,0.0,none,95.25
3051,ISR,3547.7,9.6,0.798,0.774,4813.4,80.1,40.0,573.5,188.9,89.6,2.9,24.55,0.961,29.71,0.765,0.0,0.0,0.0,0.0,60.0,1,0.367,sensor,0.33,spike,58.55
3052,HIGH_ALTITUDE,23760.2,-31.0,0.722,0.575,4404.5,41.0,19.0,495.1,143.8,57.1,3.47,16.16,1.145,75.63,0.765,0.0,0.0,0.0,0.0,64.07,1,0.405,sensor,0.44,noise,68.2
3053,LOITER,6141.1,3.2,0.425,0.403,2940.1,64.9,20.0,298.8,103.7,69.9,1.89,12.69,0.89,116.3,0.765,0.0,0.0,0.0,0.0,76.06,0,0.137,healthy,0.0,none,79.92
3054,TRANSIT,3363.1,6.7,0.646,0.627,4036.3,78.4,32.9,462.7,158.2,82.1,2.54,19.99,1.278,62.26,0.765,0.0,0.217,0.0,0.0,71.92,0,0.182,cooling,0.22,none,79.57
3055,TRANSIT,9861.3,-6.9,0.73,0.668,4455.3,47.0,21.9,582.5,180.7,75.9,3.06,33.45,1.168,39.49,0.546,0.819,0.0,0.0,0.0,46.89,1,0.77,injector,0.82,none,47.78
3056,DESERT_PATROL,13398.0,9.4,0.586,0.519,3717.7,51.8,20.4,438.6,145.6,78.6,2.36,15.45,1.265,73.85,0.765,0.0,0.0,0.0,0.0,86.73,0,0.064,healthy,0.0,none,100.24
3057,LOITER,7950.5,-4.6,0.572,0.533,3115.2,55.8,18.4,400.3,129.0,71.6,2.03,23.23,3.471,89.99,0.545,0.0,0.0,0.0,0.957,35.61,1,0.864,mechanical,0.96,none,28.98
3058,TRANSIT,3702.1,12.7,0.569,0.551,3631.0,73.8,28.1,406.8,145.3,82.0,2.27,17.51,1.226,77.35,0.765,0.0,0.0,0.0,0.0,86.58,0,0.103,healthy,0.0,none,102.82
3059,HIGH_ALTITUDE,18399.6,-19.9,0.772,0.65,4671.4,49.7,24.3,549.4,163.3,66.8,3.45,18.57,1.026,56.02,0.765,0.0,0.0,0.0,0.0,91.35,0,0.089,healthy,0.0,none,109.26
3060,TRANSIT,6628.2,2.8,0.523,0.493,3401.7,67.2,24.0,370.3,129.6,73.8,2.22,15.5,1.143,89.84,0.765,0.0,0.322,0.0,0.0,64.79,1,0.288,cooling,0.32,none,68.17
3061,LOITER,3511.3,8.6,0.416,0.404,2881.2,69.8,21.3,295.8,121.8,74.0,1.79,12.9,0.859,98.09,0.765,0.0,0.789,0.0,0.0,53.65,1,0.662,cooling,0.79,none,58.98
3062,LOITER,4002.3,9.4,0.538,0.519,3465.3,72.9,26.5,387.5,148.5,78.2,2.23,16.76,1.17,70.62,0.765,0.0,0.792,0.0,0.0,52.66,1,0.631,cooling,0.79,none,52.76
3063,HIGH_ALTITUDE,16872.3,-19.7,0.83,0.71,4938.4,53.5,27.7,587.5,179.8,70.0,3.61,21.01,0.883,39.28,0.765,0.0,0.248,0.0,0.0,71.56,0,0.263,cooling,0.25,none,79.44
3064,ISR,3629.9,4.6,0.71,0.688,4360.2,79.6,36.7,505.5,168.9,83.2,2.79,21.98,1.171,53.11,0.765,0.0,0.0,0.0,0.0,58.65,1,0.63,sensor,0.69,freeze,61.29
3065,DESERT_PATROL,9490.1,14.4,0.795,0.73,4772.9,62.8,31.4,595.3,195.2,91.4,2.82,22.28,0.997,24.14,0.765,0.0,0.0,0.0,0.0,50.6,1,0.546,sensor,0.66,noise,54.87
3066,ISR,15847.5,-15.7,0.677,0.585,4188.0,40.6,17.6,522.1,158.7,66.5,3.11,25.27,1.231,60.41,0.586,0.668,0.0,0.0,0.0,53.03,1,0.688,injector,0.67,none,49.5
3067,DESERT_PATROL,7315.4,24.6,0.753,0.706,4560.2,65.4,31.2,575.7,203.2,96.3,2.57,21.98,1.139,16.44,0.765,0.0,0.514,0.0,0.0,43.81,1,0.393,cooling,0.51,none,41.88
3068,TRANSIT,11062.9,-7.2,0.609,0.551,3852.3,60.8,24.3,425.2,136.7,70.3,2.68,16.82,1.292,83.5,0.765,0.0,0.0,0.0,0.0,84.27,0,0.074,healthy,0.0,none,93.69
3069,LOITER,4556.6,8.2,0.515,0.495,3381.3,71.0,25.0,364.1,126.9,76.6,2.15,15.73,1.135,92.68,0.765,0.0,0.0,0.0,0.0,84.99,0,0.217,healthy,0.0,none,98.97
3070,LOITER,4159.4,5.1,0.563,0.543,3623.3,74.4,27.9,402.5,135.9,76.9,2.32,17.33,1.225,84.89,0.765,0.0,0.0,0.0,0.0,77.12,0,0.096,healthy,0.0,none,84.75
3071,DESERT_PATROL,7713.1,23.1,0.683,0.638,4232.7,63.6,28.0,512.7,177.8,92.5,2.42,19.82,1.272,42.27,0.765,0.0,0.0,0.0,0.0,82.04,0,0.191,healthy,0.0,none,97.98
3072,DESERT_PATROL,3182.9,23.8,0.78,0.758,4680.0,52.2,25.8,656.7,216.2,98.1,2.6,29.15,1.002,2.73,0.519,0.92,0.0,0.0,0.0,30.14,1,0.812,injector,0.92,none,18.58
3073,HIGH_ALTITUDE,23022.4,-34.0,0.761,0.611,4611.2,43.2,20.9,529.2,151.6,57.7,3.63,17.11,1.082,69.62,0.765,0.0,0.0,0.0,0.0,61.71,1,0.758,sensor,0.92,drift,68.82
3074,TRANSIT,6508.6,-1.8,0.564,0.533,3625.5,69.8,26.6,403.0,139.6,73.2,2.47,17.06,1.251,80.52,0.765,0.0,0.528,0.0,0.0,54.71,1,0.524,cooling,0.53,none,58.36
3075,HIGH_ALTITUDE,20332.8,-25.6,0.767,0.633,4356.6,43.9,20.2,535.0,156.2,62.6,3.34,20.72,2.144,61.75,0.674,0.0,0.0,0.0,0.398,54.81,1,0.404,mechanical,0.4,none,59.82
3076,TRANSIT,10045.3,-3.1,0.789,0.721,4747.2,65.4,32.3,564.2,179.9,80.9,3.19,22.26,0.993,40.25,0.765,0.0,0.0,0.0,0.0,83.49,0,0.094,healthy,0.0,none,95.29
3077,TRANSIT,7361.9,-2.7,0.737,0.691,4277.7,51.4,23.0,573.3,181.8,79.3,2.82,33.89,2.849,38.64,0.524,0.308,0.0,0.0,0.308,35.15,1,0.634,combustion,0.62,none,32.64
3078,HIGH_ALTITUDE,24056.3,-32.3,0.828,0.657,4833.2,36.5,18.4,609.2,172.8,60.6,3.88,20.88,1.652,45.6,0.658,0.128,0.0,0.0,0.128,70.0,0,0.133,combustion,0.26,none,73.63
3079,TRANSIT,10795.7,-7.2,0.7,0.635,4302.5,63.1,28.5,488.7,155.0,91.5,1.39,19.36,1.233,63.14,0.765,0.0,0.0,0.88,0.0,49.66,1,0.832,lubrication,0.88,none,48.7
3080,HIGH_ALTITUDE,21788.1,-26.8,0.717,0.583,4384.0,43.8,20.1,499.6,146.3,60.2,3.45,16.71,1.205,73.7,0.765,0.0,0.0,0.0,0.0,90.51,0,0.145,healthy,0.0,none,104.36
3081,HIGH_ALTITUDE,17220.8,-22.0,0.844,0.719,5020.2,53.4,28.1,593.2,177.5,69.1,3.71,20.99,0.808,41.95,0.765,0.0,0.0,0.0,0.0,62.01,1,0.505,sensor,0.58,noise,65.22
3082,HIGH_ALTITUDE,21294.8,-29.6,0.774,0.633,4646.4,45.8,22.4,536.1,158.8,78.5,1.79,17.97,1.031,63.21,0.765,0.0,0.0,0.878,0.0,51.0,1,0.85,lubrication,0.88,none,46.56
3083,LOITER,5825.0,4.1,0.479,0.455,3192.4,67.5,22.4,337.7,119.3,72.5,2.06,14.27,1.027,99.45,0.765,0.0,0.267,0.0,0.0,69.84,0,0.234,cooling,0.27,none,73.67
3084,TRANSIT,6190.8,0.2,0.677,0.641,4211.4,72.8,32.0,484.1,157.9,79.2,2.76,20.18,1.238,63.31,0.765,0.0,0.0,0.0,0.0,84.74,0,0.033,healthy,0.0,none,93.46
3085,DESERT_PATROL,8160.5,16.5,0.849,0.79,5037.8,66.4,35.0,635.9,208.1,95.1,2.94,24.62,0.811,10.92,0.765,0.0,0.0,0.0,0.0,71.98,0,0.074,healthy,0.0,none,78.1
3086,TRANSIT,12760.3,-11.4,0.545,0.486,3506.8,56.4,20.8,374.1,121.6,65.0,2.54,14.71,1.196,97.35,0.765,0.0,0.222,0.0,0.0,72.92,0,0.112,cooling,0.22,none,78.37
3087,DESERT_PATROL,10733.6,19.3,0.766,0.695,4630.1,46.2,22.4,629.1,203.2,92.3,2.71,23.59,1.053,13.71,0.604,0.6,0.0,0.0,0.0,39.88,1,0.572,injector,0.6,none,34.42
3088,TRANSIT,14047.9,-10.2,0.561,0.493,3584.2,53.7,20.3,388.0,123.9,65.9,2.55,14.78,1.221,96.03,0.765,0.0,0.0,0.0,0.0,85.64,0,0.226,healthy,0.0,none,95.1
3089,LOITER,4485.3,3.8,0.543,0.522,3516.3,73.2,26.9,385.7,134.2,75.6,2.3,16.49,1.18,83.71,0.765,0.0,0.393,0.0,0.0,59.46,1,0.328,cooling,0.39,none,60.45
3090,HIGH_ALTITUDE,24029.8,-33.8,0.732,0.581,4452.5,41.1,19.4,511.7,144.4,75.4,1.52,16.34,1.124,75.85,0.765,0.0,0.0,0.994,0.0,49.81,1,0.829,lubrication,0.99,none,49.33
3091,ISR,8165.0,-3.7,0.847,0.788,5044.6,71.3,37.4,606.3,193.1,82.3,3.27,24.69,0.844,28.37,0.765,0.0,0.0,0.0,0.0,81.07,0,0.088,healthy,0.0,none,98.4
3092,ISR,6507.6,5.9,0.831,0.785,4958.1,73.1,37.8,604.5,195.8,106.9,1.34,24.57,0.856,24.42,0.765,0.0,0.0,0.904,0.0,41.17,1,0.817,lubrication,0.9,none,40.9
3093,ISR,4984.6,3.0,0.504,0.482,3324.7,70.8,24.7,356.7,119.9,73.4,2.15,15.23,1.115,99.41,0.765,0.0,0.0,0.0,0.0,87.46,0,0.029,healthy,0.0,none,99.84
3094,ISR,3934.8,12.6,0.52,0.503,3411.6,71.7,25.5,377.0,138.6,80.8,2.08,16.05,1.103,84.09,0.765,0.0,0.25,0.0,0.0,71.16,0,0.159,cooling,0.25,none,72.3
3095,ISR,8074.0,-3.5,0.504,0.469,3345.9,64.5,22.4,349.4,116.0,69.2,2.29,14.46,1.162,104.23,0.765,0.0,0.0,0.0,0.0,88.08,0,0.03,healthy,0.0,none,99.1
3096,ISR,7916.0,1.2,0.616,0.574,3874.3,66.7,27.2,436.0,144.8,75.9,2.57,17.95,1.337,75.59,0.765,0.0,0.0,0.0,0.0,57.47,1,0.53,sensor,0.57,drift,57.2
3097,ISR,6552.7,2.1,0.681,0.643,3899.7,40.9,16.7,566.1,182.6,80.4,2.5,41.3,3.986,37.28,0.406,0.494,0.0,0.0,0.494,25.76,1,0.879,combustion,0.99,none,22.03
3098,HIGH_ALTITUDE,16543.7,-21.2,0.742,0.637,4307.3,50.9,23.2,517.2,155.8,65.7,3.23,20.88,1.991,64.32,0.693,0.0,0.0,0.0,0.313,62.42,1,0.267,mechanical,0.31,none,66.62
3099,TRANSIT,7825.2,-2.0,0.558,0.521,3602.2,66.3,24.8,388.9,150.8,72.5,2.39,16.2,1.281,70.05,0.765,0.0,0.936,0.0,0.0,48.96,1,0.832,cooling,0.94,none,51.27
3100,ISR,5368.9,4.4,0.744,0.71,3958.9,64.6,26.7,533.0,172.5,84.9,2.43,30.16,3.395,45.39,0.574,0.0,0.0,0.0,0.832,35.94,1,0.723,mechanical,0.83,none,33.33
3101,LOITER,6199.2,3.5,0.419,0.397,2885.9,64.4,19.6,297.6,102.3,69.8,1.87,12.5,0.854,117.42,0.765,0.0,0.0,0.0,0.0,84.85,0,0.123,healthy,0.0,none,104.02
3102,TRANSIT,6300.8,0.4,0.672,0.636,4159.7,72.4,31.5,480.5,154.4,98.8,1.14,20.09,1.211,64.21,0.765,0.0,0.0,0.989,0.0,48.43,1,0.905,lubrication,0.99,none,46.97
3103,LOITER,6615.0,4.9,0.51,0.481,3365.0,66.3,23.4,362.8,125.0,74.1,2.17,15.11,1.185,96.0,0.765,0.0,0.0,0.0,0.0,86.44,0,0.108,healthy,0.0,none,98.05
3104,ISR,11888.4,-11.3,0.783,0.703,4744.6,62.7,31.0,555.9,172.1,74.8,3.32,20.87,0.998,47.82,0.765,0.0,0.0,0.0,0.0,87.14,0,0.043,healthy,0.0,none,99.2
3105,TRANSIT,10554.8,-3.9,0.608,0.553,3822.5,61.2,24.7,430.1,137.6,73.2,2.62,16.65,1.29,80.89,0.765,0.0,0.0,0.0,0.0,76.07,0,0.04,healthy,0.0,none,88.42
3106,TRANSIT,10097.5,-2.9,0.758,0.692,4493.8,56.9,27.0,563.8,178.2,78.9,3.0,25.0,1.848,41.25,0.659,0.126,0.0,0.0,0.126,62.75,0,0.183,combustion,0.25,none,64.35
3107,ISR,11034.0,-3.7,0.716,0.648,4368.5,62.0,28.4,510.6,163.3,77.1,2.98,19.84,1.223,56.68,0.765,0.0,0.0,0.0,0.0,85.43,0,0.204,healthy,0.0,none,91.79
3108,HIGH_ALTITUDE,18052.1,-20.6,0.801,0.677,4779.8,50.9,25.5,573.7,170.4,68.2,3.61,19.76,0.954,50.25,0.765,0.0,0.0,0.0,0.0,83.69,0,0.168,healthy,0.0,none,94.42
3109,ISR,15733.0,-13.7,0.566,0.49,3451.5,36.4,13.1,444.6,137.3,64.2,2.46,22.4,2.917,82.46,0.521,0.313,0.0,0.0,0.313,39.18,1,0.486,combustion,0.63,none,37.01
3110,TRANSIT,4614.0,4.5,0.839,0.806,5011.4,79.0,41.3,595.7,217.0,88.6,3.06,25.59,0.853,2.69,0.765,0.0,0.963,0.0,0.0,33.23,1,0.95,cooling,0.96,none,32.35
3111,LOITER,4152.9,7.4,0.401,0.387,2582.8,62.4,16.9,282.2,102.0,71.4,1.58,14.38,1.966,118.44,0.653,0.0,0.0,0.0,0.489,49.15,1,0.567,mechanical,0.49,none,47.37
3112,HIGH_ALTITUDE,17223.8,-25.1,0.783,0.668,4721.9,53.4,26.5,542.9,160.9,64.2,3.66,19.57,1.02,58.18,0.765,0.0,0.0,0.0,0.0,91.04,0,0.245,healthy,0.0,none,106.58
3113,LOITER,5274.2,6.7,0.589,0.562,3736.8,71.6,28.2,417.3,143.2,79.4,2.38,17.89,1.288,77.58,0.765,0.0,0.0,0.0,0.0,76.37,0,0.185,healthy,0.0,none,88.13
3114,DESERT_PATROL,4086.2,26.9,0.619,0.597,3905.3,70.5,28.9,469.1,167.1,93.5,2.2,19.01,1.318,54.15,0.765,0.0,0.0,0.0,0.0,85.37,0,0.223,healthy,0.0,none,96.17
3115,ISR,15327.0,-16.1,0.778,0.675,4690.7,55.6,27.2,553.2,167.1,71.3,3.35,20.06,1.006,52.27,0.765,0.0,0.0,0.0,0.0,92.98,0,0.043,healthy,0.0,none,112.83
3116,TRANSIT,1629.3,14.5,0.582,0.574,3698.0,79.5,31.0,428.6,145.1,99.9,1.13,18.6,1.298,73.49,0.765,0.0,0.0,0.792,0.0,50.62,1,0.74,lubrication,0.79,none,48.41
3117,ISR,5088.9,2.5,0.66,0.631,4087.9,74.9,32.1,470.8,154.1,80.0,2.69,19.71,1.334,65.54,0.765,0.0,0.0,0.0,0.0,82.98,0,0.21,healthy,0.0,none,92.76
3118,DESERT_PATROL,8404.3,12.4,0.619,0.574,3887.0,63.0,25.6,457.5,154.0,82.4,2.42,17.72,1.316,65.21,0.765,0.0,0.0,0.0,0.0,86.16,0,0.132,healthy,0.0,none,100.54
3119,DESERT_PATROL,11355.6,9.7,0.729,0.658,4451.2,58.5,27.2,541.6,178.5,84.7,2.77,20.32,1.146,42.28,0.765,0.0,0.0,0.0,0.0,56.29,1,0.571,sensor,0.6,spike,60.57
3120,TRANSIT,4357.7,7.6,0.744,0.717,4541.9,77.3,36.5,534.8,175.5,87.9,2.77,22.78,1.093,42.91,0.765,0.0,0.0,0.0,0.0,76.29,0,0.091,healthy,0.0,none,87.57
3121,TRANSIT,11936.5,-13.8,0.632,0.567,3953.4,60.7,25.2,440.9,134.5,67.7,2.89,17.28,1.303,83.65,0.765,0.0,0.0,0.0,0.0,85.46,0,0.065,healthy,0.0,none,101.02
3122,TRANSIT,11522.1,-8.2,0.823,0.742,4729.0,47.7,23.6,623.8,194.9,78.2,3.23,29.2,2.382,26.17,0.553,0.267,0.0,0.0,0.267,38.25,1,0.441,combustion,0.53,none,33.86
3123,DESERT_PATROL,14476.3,10.9,0.576,0.505,3687.1,49.1,18.9,433.6,146.2,79.1,2.35,15.0,1.257,74.66,0.765,0.0,0.0,0.0,0.0,83.53,0,0.188,healthy,0.0,none,94.77
3124,ISR,13812.8,-9.3,0.779,0.687,4693.9,57.6,28.2,556.5,172.6,75.3,3.29,20.4,1.019,46.56,0.765,0.0,0.0,0.0,0.0,88.08,0,0.053,healthy,0.0,none,101.27
3125,TRANSIT,2958.7,10.6,0.511,0.498,3349.1,74.5,26.1,369.9,129.0,78.4,2.1,16.17,1.103,91.86,0.765,0.0,0.0,0.0,0.0,86.79,0,0.093,healthy,0.0,none,98.97
3126,HIGH_ALTITUDE,20689.5,-26.6,0.813,0.669,4672.8,35.9,17.6,607.3,179.4,63.9,3.6,24.5,2.445,41.57,0.565,0.25,0.0,0.0,0.25,45.6,1,0.471,combustion,0.5,none,44.55
3127,LOITER,6939.6,3.7,0.49,0.461,3077.4,43.5,14.0,408.3,134.9,72.5,1.95,21.61,2.975,86.29,0.482,0.37,0.0,0.0,0.37,35.97,1,0.645,combustion,0.74,none,30.86
3128,DESERT_PATROL,13706.2,4.0,0.707,0.624,4343.7,54.1,24.8,523.1,173.3,80.3,2.83,18.62,1.175,45.91,0.765,0.0,0.334,0.0,0.0,63.78,1,0.269,cooling,0.33,none,64.12
3129,LOITER,4457.5,3.8,0.503,0.484,3312.6,72.0,25.0,353.2,136.4,74.2,2.13,15.53,1.116,83.5,0.765,0.0,0.768,0.0,0.0,52.75,1,0.677,cooling,0.77,none,51.59
3130,TRANSIT,14617.1,-14.8,0.741,0.648,4519.3,56.5,26.6,522.0,159.0,70.6,3.24,19.46,1.065,59.57,0.765,0.0,0.0,0.0,0.0,88.69,0,0.206,healthy,0.0,none,101.78
3131,LOITER,6792.6,10.1,0.412,0.388,2802.1,52.9,15.5,323.9,114.3,73.5,1.71,14.18,1.628,106.0,0.647,0.141,0.0,0.0,0.141,62.6,0,0.275,combustion,0.28,none,65.47
3132,LOITER,3317.1,0.9,0.433,0.421,2909.3,64.5,19.7,314.7,107.5,69.2,1.87,15.03,1.532,111.56,0.663,0.121,0.0,0.0,0.121,66.74,0,0.223,combustion,0.24,none,72.78
3133,TRANSIT,9259.2,-2.6,0.562,0.517,3626.5,63.0,24.0,391.8,130.7,70.9,2.44,15.81,1.225,90.34,0.765,0.0,0.0,0.0,0.0,83.9,0,0.135,healthy,0.0,none,92.14
3134,LOITER,3314.8,5.0,0.519,0.504,3237.2,53.4,18.1,417.6,139.2,75.4,2.02,25.27,2.851,80.98,0.517,0.319,0.0,0.0,0.319,37.97,1,0.646,combustion,0.64,none,39.42
3135,DESERT_PATROL,12008.3,7.1,0.718,0.644,4391.8,57.4,26.5,530.5,173.9,83.0,2.8,19.6,1.157,46.8,0.765,0.0,0.0,0.0,0.0,81.94,0,0.083,healthy,0.0,none,93.85
3136,HIGH_ALTITUDE,15406.1,-12.0,0.758,0.658,4575.3,35.3,17.0,620.4,187.0,72.7,3.27,24.09,1.054,32.31,0.497,1.0,0.0,0.0,0.0,42.0,1,0.986,injector,1.0,none,42.67
3137,DESERT_PATROL,7993.7,23.8,0.726,0.676,4425.6,63.4,29.2,548.4,186.8,94.7,2.55,20.79,1.161,32.11,0.765,0.0,0.0,0.0,0.0,73.88,0,0.132,healthy,0.0,none,79.48
3138,LOITER,6227.8,4.3,0.417,0.395,2889.7,53.4,16.2,327.8,112.5,70.5,1.84,13.53,0.837,107.17,0.638,0.476,0.0,0.0,0.0,57.02,1,0.37,injector,0.48,none,60.17
3139,DESERT_PATROL,1477.1,32.8,0.69,0.681,4259.2,77.8,34.7,514.0,185.1,100.4,2.27,22.08,1.244,34.49,0.765,0.0,0.0,0.0,0.0,72.69,0,0.074,healthy,0.0,none,78.4
3140,HIGH_ALTITUDE,19845.1,-20.8,0.925,0.768,5418.3,48.3,27.5,657.2,195.7,89.2,1.98,22.08,0.695,22.06,0.765,0.0,0.0,0.842,0.0,41.07,1,0.771,lubrication,0.84,none,35.39
3141,DESERT_PATROL,7789.2,21.3,0.766,0.715,4424.3,62.0,28.3,572.3,192.3,94.5,2.47,24.26,1.996,25.29,0.694,0.0,0.0,0.0,0.307,48.66,1,0.37,mechanical,0.31,none,48.54
3142,DESERT_PATROL,13429.4,13.7,0.721,0.638,4131.3,32.7,14.1,644.4,207.6,87.7,2.49,30.49,3.767,14.33,0.441,0.436,0.0,0.0,0.436,18.06,1,0.852,combustion,0.87,none,10.84
3143,HIGH_ALTITUDE,23401.4,-31.7,0.833,0.666,4773.2,41.1,20.5,586.8,166.4,61.4,3.81,20.31,1.493,51.37,0.709,0.0,0.0,0.0,0.243,73.73,0,0.223,mechanical,0.24,none,78.95
3144,DESERT_PATROL,3893.1,33.0,0.79,0.763,4746.6,72.9,36.1,593.6,208.7,110.1,1.97,24.33,1.0,11.6,0.765,0.0,0.0,0.281,0.0,53.38,0,0.272,lubrication,0.28,none,54.39
3145,ISR,3281.4,7.1,0.628,0.61,3939.9,78.0,32.1,447.2,150.3,81.6,2.49,19.49,1.319,69.26,0.765,0.0,0.0,0.0,0.0,68.98,0,0.263,sensor,0.27,freeze,74.01
3146,HIGH_ALTITUDE,24857.7,-34.3,0.825,0.649,4813.9,34.0,17.1,613.0,173.2,58.6,3.81,22.81,1.889,47.01,0.625,0.17,0.0,0.0,0.17,62.01,1,0.19,combustion,0.34,none,67.02
3147,ISR,11610.8,-7.1,0.841,0.757,4997.5,63.1,33.2,601.1,186.2,80.0,3.42,23.2,0.852,31.58,0.765,0.0,0.0,0.0,0.0,81.35,0,0.104,healthy,0.0,none,85.39
3148,LOITER,6431.2,-3.9,0.412,0.389,2865.3,65.3,19.5,280.9,93.6,64.8,1.87,12.35,0.827,125.18,0.765,0.0,0.0,0.0,0.0,86.89,0,0.223,healthy,0.0,none,104.9
3149,LOITER,4331.7,7.1,0.404,0.389,2811.9,67.5,20.0,286.8,100.5,71.3,1.76,12.27,0.843,117.94,0.765,0.0,0.0,0.0,0.0,81.28,0,0.199,healthy,0.0,none,87.39
3150,HIGH_ALTITUDE,24517.4,-31.5,0.791,0.625,4759.9,40.4,20.1,553.9,158.4,59.5,3.81,17.74,0.991,60.49,0.765,0.0,0.0,0.0,0.0,92.03,0,0.062,healthy,0.0,none,110.86
3151,ISR,15581.6,-21.0,0.515,0.446,3380.6,51.6,18.2,347.5,105.9,74.2,1.25,13.03,1.11,115.1,0.765,0.0,0.0,0.841,0.0,51.85,1,0.728,lubrication,0.84,none,53.18
3152,TRANSIT,4928.6,3.9,0.504,0.482,3333.7,70.7,24.4,358.0,122.3,73.8,2.11,15.17,1.059,98.74,0.765,0.0,0.0,0.0,0.0,68.04,1,0.262,sensor,0.32,freeze,73.4
3153,TRANSIT,11027.8,-6.0,0.79,0.715,4751.6,63.6,31.8,565.6,177.0,78.8,3.21,21.83,0.956,42.16,0.765,0.0,0.0,0.0,0.0,85.66,0,0.163,healthy,0.0,none,94.13
3154,TRANSIT,15802.5,-12.6,0.652,0.564,4070.7,52.1,22.2,455.8,143.0,88.0,1.2,16.85,1.257,77.21,0.765,0.0,0.0,0.998,0.0,49.03,1,0.806,lubrication,1.0,none,43.47
3155,HIGH_ALTITUDE,15906.1,-17.8,0.787,0.68,4747.5,54.8,27.2,549.2,168.3,70.3,3.45,20.04,0.979,51.51,0.765,0.0,0.0,0.0,0.0,79.93,0,0.153,healthy,0.0,none,92.24
3156,TRANSIT,12870.1,-10.8,0.617,0.549,3890.3,57.5,23.5,429.1,135.7,68.1,2.78,16.54,1.336,84.33,0.765,0.0,0.0,0.0,0.0,86.51,0,0.097,healthy,0.0,none,97.62
3157,HIGH_ALTITUDE,24848.0,-34.0,0.718,0.565,4407.7,39.5,18.1,495.5,141.1,55.3,3.41,15.57,1.181,79.04,0.765,0.0,0.0,0.0,0.0,87.35,0,0.162,healthy,0.0,none,103.32
3158,DESERT_PATROL,4514.3,27.7,0.63,0.605,3584.1,62.6,23.6,479.0,169.3,94.5,1.93,23.17,2.815,50.97,0.627,0.0,0.0,0.0,0.601,43.02,1,0.477,mechanical,0.6,none,38.32
3159,HIGH_ALTITUDE,17500.8,-18.1,0.879,0.747,5207.3,52.3,28.4,633.6,188.7,72.5,3.71,21.69,0.755,30.77,0.765,0.0,0.0,0.0,0.0,83.77,0,0.238,healthy,0.0,none,91.84
3160,TRANSIT,10675.6,-6.3,0.578,0.525,3688.5,60.8,23.5,409.1,130.3,69.5,2.59,15.95,1.304,89.65,0.765,0.0,0.0,0.0,0.0,84.42,0,0.2,healthy,0.0,none,94.47
3161,ISR,4921.8,4.1,0.698,0.668,4271.6,68.8,30.7,514.9,169.2,82.5,2.82,24.41,1.193,50.39,0.694,0.264,0.0,0.0,0.0,70.06,0,0.167,injector,0.26,none,68.68
3162,DESERT_PATROL,13378.3,8.4,0.794,0.703,4778.7,55.1,27.4,588.6,191.7,87.5,3.0,21.19,1.001,28.32,0.765,0.0,0.0,0.0,0.0,78.74,0,0.093,healthy,0.0,none,81.49
3163,TRANSIT,10880.3,-9.3,0.824,0.748,4915.3,65.3,33.7,583.9,180.4,78.1,3.39,22.8,0.882,37.25,0.765,0.0,0.0,0.0,0.0,84.01,0,0.053,healthy,0.0,none,94.61
3164,DESERT_PATROL,6531.8,20.7,0.558,0.527,3385.2,41.9,14.9,495.3,170.8,85.6,1.94,29.13,3.323,50.89,0.469,0.391,0.0,0.0,0.391,34.46,1,0.733,combustion,0.78,none,31.12
3165,DESERT_PATROL,10587.1,15.3,0.57,0.518,3431.1,52.8,18.8,427.9,146.5,82.6,2.08,17.87,2.122,73.14,0.676,0.0,0.0,0.0,0.388,52.0,1,0.397,mechanical,0.39,none,53.81
3166,LOITER,4718.3,11.2,0.48,0.46,3201.1,68.6,22.9,340.7,122.8,77.4,1.96,14.49,1.02,97.84,0.765,0.0,0.0,0.0,0.0,83.51,0,0.17,healthy,0.0,none,88.7
3167,HIGH_ALTITUDE,24769.8,-37.7,0.714,0.563,4393.9,40.2,18.4,487.8,139.0,52.8,3.45,15.58,1.185,82.99,0.765,0.0,0.0,0.0,0.0,89.13,0,0.078,healthy,0.0,none,102.49
3168,TRANSIT,15772.0,-12.8,0.807,0.698,4612.5,51.7,24.9,579.0,177.5,73.6,3.25,22.6,1.858,42.86,0.695,0.0,0.0,0.0,0.304,60.83,1,0.308,mechanical,0.3,none,67.52
3169,LOITER,5220.2,9.3,0.505,0.482,3090.8,63.5,20.4,366.8,124.4,77.4,1.87,17.79,2.126,93.81,0.658,0.0,0.0,0.0,0.465,49.95,1,0.382,mechanical,0.46,none,47.48
3170,HIGH_ALTITUDE,16477.5,-20.9,0.771,0.662,4659.5,54.0,26.3,539.8,162.4,81.6,2.0,19.47,1.054,57.47,0.765,0.0,0.0,0.712,0.0,53.04,1,0.728,lubrication,0.71,none,50.15
3171,TRANSIT,1377.6,14.2,0.711,0.703,4353.5,83.6,38.0,511.4,185.0,90.1,2.57,23.04,1.175,33.62,0.765,0.0,0.639,0.0,0.0,47.67,1,0.593,cooling,0.64,none,40.95
3172,DESERT_PATROL,11106.0,7.4,0.56,0.507,3611.9,56.5,21.4,412.7,139.1,77.2,2.32,15.7,1.28,81.94,0.765,0.0,0.0,0.0,0.0,75.41,0,0.175,healthy,0.0,none,81.24
3173,DESERT_PATROL,13725.7,10.7,0.634,0.56,3982.3,51.7,21.5,470.1,158.0,82.2,2.54,16.78,1.338,61.94,0.765,0.0,0.0,0.0,0.0,86.08,0,0.034,healthy,0.0,none,95.82
3174,LOITER,6755.1,8.1,0.554,0.522,3317.5,38.6,13.4,505.5,164.5,78.9,2.05,33.46,3.859,57.01,0.412,0.484,0.0,0.0,0.484,30.33,1,0.951,combustion,0.97,none,23.63
3175,ISR,13342.2,-11.2,0.576,0.51,3667.8,55.7,21.3,397.7,125.9,66.0,2.65,15.29,1.295,93.71,0.765,0.0,0.0,0.0,0.0,86.01,0,0.234,healthy,0.0,none,104.79
3176,LOITER,3808.9,10.5,0.422,0.408,2909.6,68.8,20.8,304.5,109.5,87.6,1.07,12.85,0.88,111.34,0.765,0.0,0.0,0.657,0.0,55.65,1,0.54,lubrication,0.66,none,50.55
3177,ISR,14451.7,-11.9,0.71,0.622,4364.6,55.8,25.1,506.4,160.8,70.7,3.13,18.67,1.206,57.36,0.765,0.0,0.402,0.0,0.0,60.6,1,0.406,cooling,0.4,none,64.58
3178,ISR,14351.5,-10.5,0.607,0.532,3850.5,54.0,21.7,427.0,134.3,67.8,2.77,15.93,1.29,85.92,0.765,0.0,0.0,0.0,0.0,59.18,1,0.484,sensor,0.48,noise,61.29
3179,LOITER,6797.4,3.2,0.573,0.54,3666.6,68.1,26.2,402.7,137.0,76.7,2.42,17.05,1.259,83.48,0.765,0.0,0.0,0.0,0.0,82.92,0,0.154,healthy,0.0,none,94.25
3180,ISR,3774.4,4.2,0.82,0.793,4910.4,81.3,41.8,592.0,189.6,87.9,3.04,25.13,0.868,29.52,0.765,0.0,0.0,0.0,0.0,79.95,0,0.094,healthy,0.0,none,85.11
3181,DESERT_PATROL,14010.0,6.8,0.632,0.556,3961.3,51.8,21.4,469.0,152.6,78.9,2.56,16.65,1.261,65.85,0.765,0.0,0.0,0.0,0.0,86.82,0,0.109,healthy,0.0,none,99.87
3182,HIGH_ALTITUDE,20520.7,-26.3,0.852,0.702,5075.7,47.5,25.1,603.4,178.2,65.8,3.9,20.22,0.805,43.06,0.765,0.0,0.0,0.0,0.0,84.86,0,0.109,healthy,0.0,none,97.41
3183,ISR,3817.6,9.0,0.684,0.662,4214.6,77.3,33.9,496.0,166.4,84.9,2.58,21.29,1.251,55.04,0.765,0.0,0.0,0.0,0.0,55.38,1,0.808,sensor,0.91,noise,55.44
3184,ISR,11197.1,-9.2,0.805,0.728,4819.1,49.3,24.9,619.8,193.3,76.9,3.33,33.33,0.935,27.61,0.588,0.662,0.0,0.0,0.0,47.1,1,0.661,injector,0.66,none,40.74
3185,ISR,14221.0,-12.7,0.553,0.485,3570.2,53.6,20.1,383.8,119.2,69.0,2.15,14.47,1.269,99.91,0.765,0.0,0.0,0.243,0.0,70.78,0,0.115,lubrication,0.24,none,76.4
3186,TRANSIT,11323.8,-2.5,0.621,0.561,3919.7,59.4,24.4,444.0,141.7,74.3,2.65,16.77,1.258,76.65,0.765,0.0,0.0,0.0,0.0,84.64,0,0.17,healthy,0.0,none,95.03
3187,TRANSIT,6595.4,4.4,0.663,0.625,4130.9,70.4,30.2,476.2,158.0,80.7,2.67,19.67,1.278,62.8,0.765,0.0,0.0,0.0,0.0,83.35,0,0.244,healthy,0.0,none,95.95
3188,TRANSIT,7723.4,3.0,0.723,0.675,4388.9,68.9,31.9,524.3,169.8,82.3,2.78,20.84,1.157,50.46,0.765,0.0,0.0,0.0,0.0,88.44,0,0.088,healthy,0.0,none,96.59
3189,ISR,7724.6,6.1,0.761,0.711,4641.9,68.7,33.2,552.2,188.5,85.6,2.88,21.94,1.084,30.19,0.765,0.0,0.515,0.0,0.0,49.84,1,0.516,cooling,0.51,none,41.98
3190,ISR,12006.7,-9.3,0.664,0.596,4136.9,60.1,25.9,469.7,146.3,86.1,1.59,18.0,1.277,72.63,0.765,0.0,0.0,0.729,0.0,52.06,1,0.649,lubrication,0.73,none,51.36
3191,ISR,9215.7,-0.6,0.712,0.656,4349.0,65.7,30.3,510.7,164.0,89.6,1.99,20.07,1.195,55.33,0.765,0.0,0.0,0.499,0.0,56.08,1,0.446,lubrication,0.5,none,60.07
3192,LOITER,4495.0,6.5,0.442,0.425,2945.1,58.1,17.9,343.1,119.0,72.8,1.83,17.07,1.785,102.07,0.63,0.164,0.0,0.0,0.164,58.28,1,0.274,combustion,0.33,none,53.45
3193,HIGH_ALTITUDE,24377.1,-37.4,0.806,0.638,4827.1,41.8,21.1,561.9,175.5,56.5,3.88,17.81,0.954,43.54,0.765,0.0,0.862,0.0,0.0,55.48,1,0.777,cooling,0.86,none,56.41
3194,ISR,6206.7,5.9,0.793,0.751,4572.7,55.0,26.3,629.5,198.6,87.7,2.83,31.18,2.692,19.34,0.551,0.27,0.0,0.0,0.27,31.05,1,0.476,combustion,0.54,none,24.43
3195,DESERT_PATROL,3656.4,31.2,0.736,0.713,4481.9,73.1,34.2,561.1,196.1,100.5,2.36,22.5,1.104,25.06,0.765,0.0,0.0,0.0,0.0,76.82,0,0.095,healthy,0.0,none,83.68
3196,TRANSIT,13643.9,-10.2,0.507,0.448,3355.4,53.3,18.7,345.4,112.1,63.8,2.36,13.37,1.136,108.13,0.765,0.0,0.0,0.0,0.0,87.36,0,0.069,healthy,0.0,none,100.2
3197,DESERT_PATROL,14446.5,11.0,0.843,0.739,5036.4,52.8,28.0,638.1,207.0,89.8,3.11,21.91,0.815,14.95,0.765,0.0,0.0,0.0,0.0,75.12,0,0.167,healthy,0.0,none,85.55
3198,HIGH_ALTITUDE,21604.7,-22.4,0.91,0.741,5318.3,30.2,16.9,724.3,211.7,69.7,4.03,37.59,0.699,6.84,0.513,0.942,0.0,0.0,0.0,37.56,1,0.837,injector,0.94,none,40.19
3199,LOITER,5048.3,6.0,0.484,0.463,3086.1,50.2,16.1,413.1,139.4,75.1,1.9,22.6,2.614,81.75,0.531,0.299,0.0,0.0,0.299,41.05,1,0.557,combustion,0.6,none,37.13
3200,TRANSIT,7960.5,-1.7,0.793,0.739,4779.9,54.5,27.1,624.1,192.6,81.9,3.13,34.02,0.917,25.37,0.591,0.649,0.0,0.0,0.0,46.36,1,0.57,injector,0.65,none,41.85
3201,LOITER,4788.0,10.7,0.493,0.473,2979.6,62.7,19.7,359.0,124.2,76.8,1.8,18.3,2.219,95.37,0.637,0.0,0.0,0.0,0.556,47.9,1,0.461,mechanical,0.56,none,43.9
3202,DESERT_PATROL,13640.0,7.6,0.593,0.523,3762.9,51.7,20.3,445.5,149.1,78.7,2.46,15.7,1.246,70.16,0.765,0.0,0.243,0.0,0.0,70.21,0,0.193,cooling,0.24,none,75.53
3203,DESERT_PATROL,8637.5,12.1,0.79,0.732,4590.8,51.1,24.8,635.7,205.5,90.8,2.76,31.29,2.364,14.36,0.577,0.233,0.0,0.0,0.233,32.92,1,0.385,combustion,0.47,none,25.43
3204,HIGH_ALTITUDE,18333.0,-18.7,0.832,0.702,4859.0,43.6,22.2,621.6,184.7,70.2,3.57,23.63,1.692,34.77,0.651,0.137,0.0,0.0,0.137,61.82,0,0.228,combustion,0.27,none,63.82
3205,DESERT_PATROL,1895.2,31.4,0.651,0.641,4057.1,76.1,32.1,496.1,184.9,96.7,2.12,20.74,1.268,35.48,0.765,0.0,0.486,0.0,0.0,50.13,1,0.413,cooling,0.49,none,53.61
3206,TRANSIT,11136.6,-7.9,0.547,0.495,3546.3,59.4,22.0,381.6,138.2,67.7,2.45,15.19,1.227,82.59,0.765,0.0,0.754,0.0,0.0,52.05,1,0.672,cooling,0.75,none,52.61
3207,HIGH_ALTITUDE,20375.2,-22.7,0.887,0.732,5248.7,47.3,25.9,630.2,189.4,69.6,3.94,21.29,0.721,32.02,0.765,0.0,0.0,0.0,0.0,82.93,0,0.026,healthy,0.0,none,100.38
3208,TRANSIT,9608.8,-8.1,0.556,0.51,3581.7,63.3,23.7,388.0,122.8,69.2,2.48,15.74,1.23,96.34,0.765,0.0,0.0,0.0,0.0,65.04,1,0.303,sensor,0.34,spike,64.35
3209,LOITER,4363.9,5.5,0.565,0.544,3636.1,73.7,28.1,398.7,134.2,77.3,2.36,17.47,1.197,84.08,0.765,0.0,0.0,0.0,0.0,59.06,1,0.447,sensor,0.45,spike,62.02
3210,ISR,14614.3,-16.6,0.512,0.448,3360.8,52.7,18.4,343.3,108.4,60.4,2.48,13.33,1.123,112.23,0.765,0.0,0.0,0.0,0.0,75.48,0,0.242,healthy,0.0,none,85.39
3211,ISR,2512.5,7.0,0.584,0.571,3728.4,79.1,31.0,415.3,140.9,80.4,2.32,18.48,1.244,79.19,0.765,0.0,0.0,0.0,0.0,87.73,0,0.027,healthy,0.0,none,99.33
3212,ISR,13644.4,-9.2,0.527,0.466,3375.1,48.1,17.1,397.6,125.2,65.6,2.4,15.43,1.671,96.51,0.677,0.105,0.0,0.0,0.105,68.84,0,0.137,combustion,0.21,none,74.42
3213,LOITER,5990.8,9.0,0.542,0.514,3524.1,67.9,24.8,395.2,134.6,78.6,2.24,16.23,1.192,85.65,0.765,0.0,0.0,0.0,0.0,77.86,0,0.035,healthy,0.0,none,87.48
3214,HIGH_ALTITUDE,15128.1,-11.4,0.745,0.649,4531.9,54.6,25.9,543.3,164.4,72.5,3.23,19.38,1.087,55.52,0.765,0.0,0.0,0.0,0.0,87.08,0,0.148,healthy,0.0,none,101.49
3215,DESERT_PATROL,10326.3,6.8,0.785,0.715,4719.6,62.3,30.8,580.6,206.7,86.5,3.01,21.89,0.964,13.41,0.765,0.0,0.886,0.0,0.0,38.4,1,0.886,cooling,0.89,none,28.51
3216,HIGH_ALTITUDE,19927.0,-23.5,0.79,0.655,4616.2,39.2,19.0,583.2,173.0,65.0,3.51,24.6,2.047,48.19,0.614,0.184,0.0,0.0,0.184,56.33,1,0.349,combustion,0.37,none,59.27
3217,ISR,8618.2,-8.0,0.727,0.673,4273.7,53.4,24.1,551.6,170.4,76.0,2.94,29.99,2.626,49.22,0.566,0.248,0.0,0.0,0.248,44.24,1,0.494,combustion,0.5,none,40.38
3218,DESERT_PATROL,4867.4,26.7,0.594,0.569,3622.0,52.4,20.0,494.5,171.6,91.4,2.07,25.4,2.621,49.58,0.568,0.245,0.0,0.0,0.245,42.88,1,0.464,combustion,0.49,none,35.27
3219,HIGH_ALTITUDE,22455.1,-33.8,0.81,0.654,4846.9,44.7,22.8,573.2,160.4,69.1,2.7,18.38,0.893,58.55,0.765,0.0,0.0,0.487,0.0,58.75,1,0.42,lubrication,0.49,none,58.62
3220,DESERT_PATROL,15098.4,5.0,0.843,0.734,5034.5,52.6,27.8,625.0,204.1,86.2,3.15,21.86,0.835,16.07,0.765,0.0,0.24,0.0,0.0,61.15,0,0.229,cooling,0.24,none,61.36
3221,HIGH_ALTITUDE,21476.1,-29.8,0.872,0.712,5170.7,40.7,21.9,649.8,185.2,63.8,4.03,24.51,0.772,33.98,0.672,0.348,0.0,0.0,0.0,62.75,1,0.347,injector,0.35,none,65.66
3222,HIGH_ALTITUDE,17832.0,-16.5,0.843,0.714,5016.8,51.0,26.7,608.5,179.5,71.6,3.7,20.73,0.806,37.39,0.765,0.0,0.0,0.0,0.0,77.63,0,0.045,healthy,0.0,none,83.7
3223,ISR,1903.8,10.8,0.709,0.697,4343.0,83.0,37.9,510.9,171.5,88.0,2.68,22.53,1.2,48.86,0.765,0.0,0.0,0.0,0.0,71.6,0,0.32,sensor,0.23,drift,82.12
3224,ISR,11733.6,-11.6,0.688,0.619,4230.4,61.7,27.4,482.2,151.2,79.8,2.13,18.6,1.171,69.24,0.765,0.0,0.0,0.456,0.0,57.45,1,0.353,lubrication,0.46,none,60.48
3225,TRANSIT,1976.6,12.8,0.678,0.667,3871.9,75.0,30.3,495.1,165.0,88.1,2.31,25.68,2.549,53.75,0.653,0.0,0.0,0.0,0.489,46.65,1,0.38,mechanical,0.49,none,43.68
3226,TRANSIT,1044.0,13.3,0.622,0.617,3626.8,75.8,28.6,441.4,154.7,86.1,2.14,23.23,2.516,65.94,0.647,0.0,0.0,0.0,0.516,45.99,1,0.454,mechanical,0.52,none,44.95
3227,LOITER,4668.0,8.9,0.532,0.511,3260.1,47.1,15.9,454.4,151.3,78.3,2.0,24.03,3.108,69.03,0.478,0.376,0.0,0.0,0.376,35.89,1,0.621,combustion,0.75,none,32.28
3228,LOITER,3252.6,6.2,0.485,0.471,3230.0,74.0,24.8,342.7,128.5,74.9,2.07,15.03,1.068,91.11,0.765,0.0,0.564,0.0,0.0,55.88,1,0.523,cooling,0.56,none,55.46
3229,DESERT_PATROL,5937.7,23.9,0.824,0.782,4918.0,70.1,35.8,624.3,207.6,99.1,2.67,24.52,0.885,11.07,0.765,0.0,0.0,0.0,0.0,73.91,0,0.118,healthy,0.0,none,76.25
3230,ISR,5240.4,6.6,0.657,0.628,4093.4,73.4,31.4,471.8,157.5,81.6,2.59,19.87,1.281,62.62,0.765,0.0,0.0,0.0,0.0,80.37,0,0.182,healthy,0.0,none,88.65
3231,ISR,2689.8,5.6,0.664,0.649,4113.8,81.1,35.1,467.0,158.3,82.0,2.62,21.15,1.306,62.82,0.765,0.0,0.0,0.0,0.0,87.07,0,0.098,healthy,0.0,none,101.39
3232,TRANSIT,4792.0,2.5,0.679,0.652,4195.8,76.2,33.5,478.8,161.5,81.0,2.73,20.81,1.288,58.24,0.765,0.0,0.202,0.0,0.0,73.75,0,0.178,cooling,0.2,none,74.31
3233,HIGH_ALTITUDE,20905.8,-30.2,0.906,0.744,5299.8,47.9,26.6,651.0,185.4,65.6,4.15,21.21,0.713,34.02,0.765,0.0,0.0,0.0,0.0,88.47,0,0.228,healthy,0.0,none,104.84
3234,DESERT_PATROL,1795.8,33.9,0.521,0.513,3416.9,72.2,25.9,405.0,148.7,93.6,1.85,16.49,1.16,70.34,0.765,0.0,0.0,0.0,0.0,79.92,0,0.188,healthy,0.0,none,90.77
3235,LOITER,5377.1,2.2,0.484,0.462,3224.9,69.3,23.3,340.1,117.1,84.6,1.29,14.56,1.089,104.38,0.765,0.0,0.0,0.613,0.0,55.3,1,0.536,lubrication,0.61,none,56.86
3236,ISR,8214.9,-2.7,0.761,0.707,4620.4,62.2,30.0,572.0,179.8,80.1,3.05,22.79,1.066,40.22,0.683,0.306,0.0,0.0,0.0,64.57,1,0.228,injector,0.31,none,64.3
3237,ISR,1217.3,12.9,0.808,0.8,4814.0,86.4,44.0,583.0,194.7,105.0,1.78,26.02,0.921,25.73,0.765,0.0,0.0,0.555,0.0,46.68,1,0.528,lubrication,0.56,none,44.45
3238,DESERT_PATROL,9690.7,23.8,0.731,0.67,3973.6,52.1,21.6,564.7,189.7,94.6,2.22,26.27,3.116,30.44,0.595,0.0,0.0,0.0,0.739,30.57,1,0.717,mechanical,0.74,none,25.77
3239,HIGH_ALTITUDE,21494.1,-26.1,0.819,0.668,4879.3,45.2,23.3,586.4,169.7,64.4,3.84,19.36,0.899,50.04,0.765,0.0,0.0,0.0,0.0,90.56,0,0.242,healthy,0.0,none,103.48
3240,DESERT_PATROL,12406.9,8.5,0.609,0.544,3840.1,54.5,21.9,445.9,149.8,79.8,2.47,16.7,1.349,69.7,0.765,0.0,0.0,0.0,0.0,77.89,0,0.103,healthy,0.0,none,92.41
3241,ISR,8406.8,-1.0,0.8,0.743,4817.7,69.3,34.8,580.0,187.4,83.1,3.16,22.86,0.924,33.19,0.765,0.0,0.212,0.0,0.0,69.77,0,0.235,cooling,0.21,none,75.8
3242,HIGH_ALTITUDE,22686.5,-37.7,0.878,0.708,4617.4,39.9,19.2,610.4,171.7,58.6,3.69,25.61,2.902,46.24,0.595,0.0,0.0,0.0,0.743,42.83,1,0.711,mechanical,0.74,none,37.76
3243,TRANSIT,15114.4,-16.1,0.679,0.591,4119.7,47.4,20.5,497.7,152.5,67.2,3.01,20.27,2.047,68.17,0.649,0.139,0.0,0.0,0.139,62.54,0,0.218,combustion,0.28,none,71.09
3244,DESERT_PATROL,15216.2,12.6,0.82,0.713,4915.7,50.7,25.8,616.0,202.0,88.8,3.04,21.08,0.881,18.41,0.765,0.0,0.0,0.0,0.0,49.32,1,0.541,sensor,0.59,noise,47.77
3245,HIGH_ALTITUDE,16066.4,-18.0,0.735,0.634,4472.9,53.8,25.1,524.2,157.8,67.6,3.26,18.39,1.113,63.13,0.765,0.0,0.0,0.0,0.0,88.18,0,0.242,healthy,0.0,none,104.03
3246,TRANSIT,13281.5,-13.9,0.62,0.549,3896.0,57.3,23.4,430.0,132.9,66.4,2.78,16.5,1.321,86.21,0.765,0.0,0.0,0.0,0.0,82.95,0,0.053,healthy,0.0,none,93.05
3247,ISR,4763.7,7.9,0.603,0.578,3790.6,73.0,29.1,425.9,156.2,81.2,2.41,18.66,1.255,64.19,0.765,0.0,0.53,0.0,0.0,54.73,1,0.517,cooling,0.53,none,59.56
3248,TRANSIT,14909.4,-10.8,0.69,0.602,4241.6,39.8,17.7,546.1,169.1,70.7,3.02,28.26,1.237,51.64,0.561,0.762,0.0,0.0,0.0,52.42,1,0.621,injector,0.76,none,48.26
3249,LOITER,4987.7,1.5,0.535,0.512,3331.7,69.3,24.1,372.3,125.6,73.9,2.13,17.73,1.763,93.89,0.706,0.0,0.0,0.0,0.259,65.14,0,0.208,mechanical,0.26,none,74.16
3250,DESERT_PATROL,14631.9,13.2,0.626,0.547,3929.2,49.3,20.1,467.6,160.2,83.1,2.44,16.28,1.288,61.57,0.765,0.0,0.0,0.0,0.0,79.9,0,0.211,healthy,0.0,none,94.7
3251,DESERT_PATROL,15500.2,-2.8,0.599,0.519,3804.3,49.9,19.8,434.5,139.1,72.1,2.58,15.62,1.27,80.93,0.765,0.0,0.0,0.0,0.0,84.11,0,0.063,healthy,0.0,none,95.28
3252,HIGH_ALTITUDE,19086.7,-20.3,0.885,0.74,5216.4,49.5,27.2,632.4,188.9,71.2,3.84,21.48,0.727,30.76,0.765,0.0,0.0,0.0,0.0,79.35,0,0.249,healthy,0.0,none,88.43
3253,DESERT_PATROL,7415.7,24.8,0.516,0.484,3381.8,60.2,21.2,393.9,142.6,86.2,1.95,15.08,1.199,77.66,0.765,0.0,0.0,0.0,0.0,78.51,0,0.193,healthy,0.0,none,92.13
3254,LOITER,3726.0,3.7,0.537,0.52,3480.1,75.1,27.4,372.7,127.6,75.1,2.24,16.48,1.214,91.78,0.765,0.0,0.0,0.0,0.0,59.7,1,0.404,sensor,0.41,drift,61.97
3255,ISR,1935.9,7.7,0.641,0.631,4017.6,64.8,27.1,503.1,168.3,83.2,2.49,22.83,1.297,53.58,0.603,0.606,0.0,0.0,0.0,51.09,1,0.623,injector,0.61,none,50.42
3256,HIGH_ALTITUDE,20886.1,-22.7,0.701,0.576,4315.1,44.5,20.3,482.8,145.7,62.5,3.31,16.32,1.16,73.9,0.765,0.0,0.0,0.0,0.0,86.39,0,0.207,healthy,0.0,none,102.41
3257,ISR,11782.4,-12.4,0.82,0.737,4921.8,63.7,32.5,584.3,178.4,74.8,3.42,22.38,0.898,40.63,0.765,0.0,0.0,0.0,0.0,58.41,1,0.686,sensor,0.73,spike,54.98
3258,ISR,7784.5,-0.9,0.771,0.719,4247.5,63.7,27.9,555.5,176.6,82.0,2.74,27.38,2.662,43.06,0.631,0.0,0.0,0.0,0.586,42.12,1,0.516,mechanical,0.59,none,39.06
3259,ISR,3204.5,11.5,0.758,0.737,4586.1,79.8,38.0,543.3,181.0,89.8,2.76,23.64,1.024,37.08,0.765,0.0,0.0,0.0,0.0,77.37,0,0.157,healthy,0.0,none,87.3
3260,DESERT_PATROL,13764.4,15.8,0.75,0.662,4547.7,52.3,24.8,569.1,186.5,89.3,2.75,19.74,1.064,31.77,0.765,0.0,0.0,0.0,0.0,80.25,0,0.205,healthy,0.0,none,92.58
3261,TRANSIT,9247.6,-6.0,0.848,0.781,5035.0,69.0,36.3,608.7,189.9,81.4,3.35,24.36,0.823,29.82,0.765,0.0,0.0,0.0,0.0,83.52,0,0.051,healthy,0.0,none,98.38
3262,LOITER,5609.4,8.0,0.442,0.421,2984.0,46.3,14.7,384.6,129.3,73.4,1.89,15.73,0.899,91.16,0.539,0.843,0.0,0.0,0.0,50.1,1,0.731,injector,0.84,none,46.61
3263,TRANSIT,13803.9,-15.8,0.815,0.719,4873.8,59.5,30.7,576.8,176.9,82.9,2.51,21.69,0.907,43.98,0.765,0.0,0.0,0.454,0.0,56.01,1,0.389,lubrication,0.45,none,60.58
3264,DESERT_PATROL,4413.3,25.4,0.593,0.57,3743.0,69.4,27.4,448.9,159.6,89.7,2.14,18.11,1.303,61.14,0.765,0.0,0.0,0.0,0.0,55.8,1,0.693,sensor,0.74,drift,56.47
3265,HIGH_ALTITUDE,19732.3,-19.9,0.809,0.672,4830.0,47.4,24.3,572.7,184.6,68.4,3.6,19.41,0.901,36.4,0.765,0.0,0.598,0.0,0.0,55.34,1,0.542,cooling,0.6,none,56.99
3266,LOITER,6804.4,1.9,0.506,0.477,3339.2,66.5,23.1,361.0,121.4,72.6,2.18,15.1,1.112,99.41,0.765,0.0,0.0,0.0,0.0,83.16,0,0.242,healthy,0.0,none,94.48
3267,TRANSIT,1598.5,8.6,0.792,0.781,4746.9,86.2,43.0,557.9,188.6,90.0,2.89,25.65,0.945,32.66,0.765,0.0,0.0,0.0,0.0,83.23,0,0.125,healthy,0.0,none,96.03
3268,HIGH_ALTITUDE,17701.1,-22.5,0.938,0.795,5499.3,53.3,30.8,667.1,202.1,72.2,4.07,23.55,0.714,21.22,0.765,0.0,0.0,0.0,0.0,80.26,0,0.204,healthy,0.0,none,91.87
3269,LOITER,6712.1,1.8,0.501,0.472,3316.2,66.5,22.9,353.3,118.6,72.4,2.17,15.02,1.104,100.74,0.765,0.0,0.0,0.0,0.0,87.14,0,0.094,healthy,0.0,none,100.93
3270,DESERT_PATROL,1363.2,29.2,0.61,0.603,3850.6,77.2,30.7,455.9,164.2,94.5,2.11,19.66,1.277,54.97,0.765,0.0,0.0,0.0,0.0,86.26,0,0.037,healthy,0.0,none,96.39
3271,HIGH_ALTITUDE,17379.4,-20.9,0.919,0.782,5385.9,46.1,25.9,680.1,206.9,73.0,3.96,24.52,0.703,15.88,0.66,0.393,0.0,0.0,0.0,52.41,1,0.315,injector,0.39,none,51.21
3272,LOITER,7111.1,-4.1,0.533,0.5,3472.5,68.0,24.6,363.3,121.6,70.2,2.34,15.91,1.227,98.56,0.765,0.0,0.0,0.0,0.0,84.5,0,0.173,healthy,0.0,none,94.53
3273,LOITER,4206.0,9.0,0.443,0.428,3014.4,69.1,21.6,315.3,111.5,74.8,1.92,13.78,0.941,107.81,0.765,0.0,0.0,0.0,0.0,60.12,1,0.488,sensor,0.57,freeze,61.23
3274,ISR,14328.7,-16.1,0.618,0.542,3900.5,55.4,22.4,432.6,132.3,64.6,2.89,16.28,1.329,88.24,0.765,0.0,0.0,0.0,0.0,82.25,0,0.198,healthy,0.0,none,91.11
3275,HIGH_ALTITUDE,15722.2,-11.1,0.876,0.758,5206.9,54.7,29.6,634.9,195.3,77.4,3.62,22.69,0.749,25.96,0.765,0.0,0.0,0.0,0.0,83.29,0,0.049,healthy,0.0,none,92.44
3276,LOITER,3076.3,6.7,0.523,0.51,3417.1,75.7,27.3,365.9,128.2,76.9,2.19,16.07,1.177,92.5,0.765,0.0,0.0,0.0,0.0,86.44,0,0.182,healthy,0.0,none,98.8
3277,DESERT_PATROL,3183.4,24.5,0.626,0.609,3928.7,73.7,30.2,472.5,166.5,92.3,2.25,19.76,1.32,55.0,0.765,0.0,0.0,0.0,0.0,71.31,0,0.223,healthy,0.0,none,76.52
3278,ISR,11260.2,-4.4,0.791,0.715,4754.2,62.7,31.3,568.8,185.2,79.9,3.26,21.79,1.008,34.94,0.765,0.0,0.337,0.0,0.0,61.26,1,0.375,cooling,0.34,none,63.1
3279,DESERT_PATROL,7981.4,17.2,0.775,0.722,4680.1,65.7,32.4,576.9,196.0,92.6,2.73,22.25,1.047,26.61,0.765,0.0,0.0,0.0,0.0,75.57,0,0.227,healthy,0.0,none,82.47
3280,TRANSIT,10864.8,-5.3,0.564,0.511,3608.3,59.8,22.7,396.0,127.9,69.5,2.48,15.68,1.23,91.83,0.765,0.0,0.0,0.0,0.0,84.41,0,0.041,healthy,0.0,none,95.99
3281,HIGH_ALTITUDE,17461.3,-22.1,0.757,0.644,4580.5,38.9,18.7,591.6,173.8,65.8,3.43,21.43,1.059,46.47,0.573,0.719,0.0,0.0,0.0,54.53,1,0.618,injector,0.72,none,58.12
3282,ISR,9567.1,-6.0,0.596,0.548,3787.0,63.9,25.2,414.6,134.6,80.7,1.8,16.86,1.307,85.51,0.765,0.0,0.0,0.486,0.0,54.73,1,0.506,lubrication,0.49,none,56.38
3283,TRANSIT,6886.8,2.0,0.833,0.784,4980.2,73.1,37.8,601.6,194.6,87.1,3.11,24.61,0.846,27.15,0.765,0.0,0.0,0.0,0.0,79.29,0,0.23,healthy,0.0,none,90.48
3284,LOITER,3167.6,5.2,0.557,0.542,3580.6,76.9,28.9,392.3,133.0,77.5,2.35,17.12,1.26,86.42,0.765,0.0,0.0,0.0,0.0,58.14,1,0.491,sensor,0.5,drift,57.08
3285,HIGH_ALTITUDE,24995.0,-34.6,0.771,0.606,4625.5,39.9,19.4,538.0,150.8,56.7,3.76,16.69,1.059,67.62,0.765,0.0,0.0,0.0,0.0,91.35,0,0.136,healthy,0.0,none,110.77
3286,DESERT_PATROL,10435.9,7.1,0.522,0.475,3395.9,57.1,20.3,380.9,129.6,75.0,2.19,14.64,1.175,90.8,0.765,0.0,0.0,0.0,0.0,83.91,0,0.165,healthy,0.0,none,95.3
3287,ISR,15498.2,-16.2,0.788,0.683,4754.4,55.4,27.6,561.9,171.1,71.1,3.44,20.3,0.969,49.99,0.765,0.0,0.0,0.0,0.0,87.21,0,0.114,healthy,0.0,none,101.06
3288,DESERT_PATROL,2831.6,25.6,0.738,0.72,4483.6,76.8,36.1,551.7,191.0,106.8,1.77,23.15,1.113,29.63,0.765,0.0,0.0,0.434,0.0,48.85,1,0.455,lubrication,0.43,none,46.82
3289,DESERT_PATROL,8679.9,23.1,0.849,0.785,5051.0,63.6,33.2,637.5,214.5,100.0,2.8,24.12,0.81,5.2,0.765,0.0,0.0,0.0,0.0,60.68,0,0.147,healthy,0.0,none,66.97
3290,ISR,5039.7,0.6,0.833,0.797,4991.0,78.8,40.7,587.6,189.0,85.9,3.19,25.61,0.862,29.06,0.765,0.0,0.0,0.0,0.0,53.8,1,0.582,sensor,0.68,spike,54.91
3291,DESERT_PATROL,6022.5,14.6,0.527,0.5,3432.3,53.4,19.1,432.7,147.4,80.6,2.12,17.46,1.12,72.85,0.618,0.548,0.0,0.0,0.0,54.64,1,0.452,injector,0.55,none,59.0
3292,TRANSIT,1388.0,8.5,0.536,0.53,3472.0,59.6,21.8,440.1,146.5,78.9,2.19,19.78,1.187,73.31,0.567,0.741,0.0,0.0,0.0,49.77,1,0.715,injector,0.74,none,48.81
3293,ISR,2040.9,5.8,0.596,0.586,3779.6,81.2,32.4,419.5,144.3,85.1,2.0,18.81,1.308,77.57,0.765,0.0,0.0,0.272,0.0,67.22,0,0.249,lubrication,0.27,none,72.44
3294,TRANSIT,6083.4,2.8,0.84,0.796,4989.6,75.2,39.4,601.5,194.7,87.7,3.14,24.98,0.87,25.26,0.765,0.0,0.0,0.0,0.0,79.25,0,0.095,healthy,0.0,none,87.16
3295,DESERT_PATROL,10534.1,19.6,0.557,0.507,3594.4,55.3,20.7,426.6,149.2,85.4,2.16,15.48,1.186,72.3,0.765,0.0,0.0,0.0,0.0,71.87,0,0.152,healthy,0.0,none,82.48
3296,HIGH_ALTITUDE,24902.5,-34.0,0.826,0.65,4913.0,40.4,21.0,571.2,165.5,75.9,2.0,18.23,0.884,54.61,0.765,0.0,0.0,0.842,0.0,52.55,1,0.74,lubrication,0.84,none,49.87
3297,DESERT_PATROL,3418.6,31.5,0.574,0.557,3698.5,70.1,26.9,443.8,159.2,94.0,2.04,17.7,1.298,60.3,0.765,0.0,0.0,0.0,0.0,84.43,0,0.194,healthy,0.0,none,94.27
3298,ISR,2951.0,8.7,0.7,0.682,4290.0,80.2,35.9,496.7,175.4,86.5,2.64,22.18,1.206,44.29,0.765,0.0,0.457,0.0,0.0,55.75,1,0.33,cooling,0.46,none,57.39
3299,DESERT_PATROL,5989.1,22.8,0.781,0.741,4630.3,62.0,30.0,612.4,207.5,97.1,2.57,25.83,1.713,14.85,0.67,0.113,0.0,0.0,0.113,52.93,0,0.209,combustion,0.23,none,52.29
3300,TRANSIT,14532.1,-7.2,0.846,0.74,4489.6,49.3,23.1,622.4,190.6,78.9,2.99,28.23,2.951,29.69,0.597,0.0,0.0,0.0,0.734,33.2,1,0.678,mechanical,0.73,none,31.17
3301,DESERT_PATROL,2729.8,36.5,0.667,0.651,3968.0,53.3,22.2,571.6,198.5,101.9,2.03,28.17,2.913,20.96,0.534,0.293,0.0,0.0,0.293,27.8,1,0.507,combustion,0.59,none,24.45
3302,ISR,8545.3,-4.9,0.569,0.527,3658.8,65.5,25.0,396.4,130.1,70.9,2.52,16.47,1.23,90.89,0.765,0.0,0.0,0.0,0.0,86.0,0,0.116,healthy,0.0,none,105.43
3303,DESERT_PATROL,14650.2,3.5,0.662,0.579,4123.3,51.6,22.3,492.1,158.4,87.8,1.92,17.05,1.273,61.7,0.765,0.0,0.0,0.447,0.0,56.46,1,0.381,lubrication,0.45,none,58.43
3304,DESERT_PATROL,15282.2,0.6,0.829,0.72,4923.5,52.9,27.2,603.0,215.0,82.2,3.27,21.34,0.852,6.13,0.765,0.0,0.923,0.0,0.0,36.92,1,0.835,cooling,0.92,none,32.83
3305,ISR,7651.9,2.3,0.644,0.602,4011.5,67.7,28.6,461.1,152.0,78.7,2.66,18.79,1.268,68.41,0.765,0.0,0.0,0.0,0.0,79.87,0,0.216,healthy,0.0,none,91.07
3306,LOITER,4466.6,7.4,0.452,0.434,3057.0,69.1,22.1,320.4,123.1,73.5,1.94,13.93,0.944,98.97,0.765,0.0,0.48,0.0,0.0,57.89,1,0.423,cooling,0.48,none,53.95
3307,TRANSIT,7973.9,1.1,0.503,0.469,3315.4,63.7,22.1,357.8,119.3,72.9,2.18,14.74,1.114,100.54,0.765,0.0,0.0,0.0,0.0,83.54,0,0.241,healthy,0.0,none,95.11
3308,HIGH_ALTITUDE,23503.8,-29.5,0.905,0.723,4751.5,37.8,18.9,646.4,186.0,64.7,3.65,25.46,2.603,33.08,0.606,0.0,0.0,0.0,0.692,41.0,1,0.606,mechanical,0.69,none,33.11
3309,HIGH_ALTITUDE,21738.3,-31.7,0.841,0.684,4910.4,39.9,20.5,616.9,176.7,62.7,3.92,22.73,1.638,43.0,0.649,0.138,0.0,0.0,0.138,66.85,0,0.223,combustion,0.28,none,72.54
3310,HIGH_ALTITUDE,16796.5,-12.5,0.721,0.617,4168.4,35.0,15.4,593.7,174.6,70.2,2.93,29.91,3.11,44.52,0.498,0.346,0.0,0.0,0.346,36.48,1,0.594,combustion,0.69,none,28.91
3311,HIGH_ALTITUDE,22847.7,-31.8,0.942,0.757,4997.3,40.1,21.2,658.5,192.4,64.9,3.85,26.15,2.427,26.89,0.623,0.0,0.0,0.0,0.617,41.38,1,0.583,mechanical,0.62,none,39.02
3312,DESERT_PATROL,12988.6,3.0,0.653,0.58,4065.4,50.3,21.6,495.7,161.6,78.0,2.64,20.27,1.314,59.35,0.699,0.248,0.0,0.0,0.0,68.61,0,0.256,injector,0.25,none,69.69
3313,HIGH_ALTITUDE,23249.5,-31.2,0.772,0.618,4664.1,42.4,20.6,532.8,155.3,59.2,3.68,17.46,1.035,64.69,0.765,0.0,0.0,0.0,0.0,90.32,0,0.139,healthy,0.0,none,104.3
3314,LOITER,6085.4,1.6,0.405,0.383,2820.6,64.5,19.1,280.9,96.7,68.4,1.81,12.16,0.8,122.26,0.765,0.0,0.0,0.0,0.0,88.26,0,0.025,healthy,0.0,none,108.42
3315,TRANSIT,11616.8,-5.7,0.804,0.724,4830.1,62.3,31.5,576.5,182.0,78.9,3.24,21.94,0.939,38.53,0.765,0.0,0.0,0.0,0.0,82.39,0,0.144,healthy,0.0,none,93.38
3316,ISR,2214.5,14.6,0.589,0.578,3734.9,78.0,30.6,433.9,148.6,84.5,2.28,18.67,1.276,71.72,0.765,0.0,0.0,0.0,0.0,83.77,0,0.133,healthy,0.0,none,95.3
3317,ISR,15551.5,-16.5,0.844,0.731,4719.4,52.1,25.7,590.7,183.9,73.1,3.36,25.17,1.978,37.65,0.666,0.0,0.0,0.0,0.431,49.79,1,0.408,mechanical,0.43,none,45.48
3318,LOITER,5823.6,3.0,0.446,0.424,3018.0,51.2,16.2,370.4,120.3,71.0,1.98,19.73,0.945,98.22,0.589,0.659,0.0,0.0,0.0,53.44,1,0.562,injector,0.66,none,48.67
3319,ISR,14964.8,-21.8,0.791,0.69,4746.5,57.9,28.9,549.8,166.0,67.5,3.58,20.12,0.981,54.07,0.765,0.0,0.0,0.0,0.0,93.03,0,0.032,healthy,0.0,none,105.72
3320,HIGH_ALTITUDE,17741.7,-18.0,0.765,0.649,4608.1,50.6,24.5,540.2,164.6,68.5,3.39,18.97,1.058,56.11,0.765,0.0,0.0,0.0,0.0,90.86,0,0.024,healthy,0.0,none,104.7
3321,LOITER,4212.7,6.9,0.466,0.449,3131.2,70.5,23.0,333.1,123.5,74.5,2.01,14.32,0.976,96.94,0.765,0.0,0.449,0.0,0.0,57.61,1,0.469,cooling,0.45,none,57.9
3322,DESERT_PATROL,9405.8,15.4,0.559,0.514,3580.1,58.7,22.1,417.0,144.8,82.8,2.17,15.86,1.235,75.71,0.765,0.0,0.0,0.0,0.0,82.72,0,0.061,healthy,0.0,none,92.08
3323,LOITER,7483.9,3.8,0.597,0.559,3783.9,66.7,26.4,432.6,143.6,78.3,2.46,17.37,1.263,77.59,0.765,0.0,0.0,0.0,0.0,83.65,0,0.211,healthy,0.0,none,94.02
3324,DESERT_PATROL,4304.7,23.4,0.61,0.588,3858.6,55.4,22.3,505.0,173.0,91.4,2.2,27.08,1.307,46.17,0.6,0.615,0.0,0.0,0.0,49.47,1,0.616,injector,0.62,none,50.01
3325,TRANSIT,2044.1,10.7,0.717,0.704,4374.0,82.7,38.3,516.5,171.7,88.8,2.66,22.85,1.198,47.16,0.765,0.0,0.0,0.0,0.0,84.48,0,0.079,healthy,0.0,none,95.4
3326,LOITER,6553.3,-3.7,0.587,0.554,3721.1,50.4,19.8,475.5,152.0,72.8,2.59,28.58,1.265,69.19,0.545,0.823,0.0,0.0,0.0,48.18,1,0.783,injector,0.82,none,46.23
3327,TRANSIT,5638.4,3.6,0.832,0.792,4948.0,76.2,39.9,591.9,193.5,87.7,3.14,24.97,0.84,26.57,0.765,0.0,0.0,0.0,0.0,54.14,1,0.429,sensor,0.45,noise,54.82
3328,HIGH_ALTITUDE,22956.1,-30.2,0.834,0.67,4968.4,43.3,22.4,587.6,170.0,62.1,3.94,18.98,0.843,50.04,0.765,0.0,0.0,0.0,0.0,94.12,0,0.195,healthy,0.0,none,107.88
3329,ISR,8831.9,-7.0,0.685,0.634,3737.8,59.2,23.3,478.8,154.5,74.9,2.54,25.53,3.17,66.76,0.592,0.0,0.0,0.0,0.754,38.79,1,0.684,mechanical,0.75,none,31.6
3330,TRANSIT,15875.2,-14.4,0.642,0.554,4031.8,52.1,21.7,446.5,139.5,65.9,2.94,16.17,1.265,81.11,0.765,0.0,0.0,0.0,0.0,89.32,0,0.057,healthy,0.0,none,100.82
3331,LOITER,4680.4,10.4,0.579,0.555,3212.9,61.1,20.7,426.8,143.1,81.5,1.92,24.03,3.232,76.83,0.565,0.0,0.0,0.0,0.873,36.73,1,0.803,mechanical,0.87,none,35.77
3332,ISR,7537.1,-0.6,0.793,0.742,4773.3,50.6,25.3,625.2,201.2,82.8,3.07,38.92,0.967,20.59,0.542,0.832,0.0,0.0,0.0,41.28,1,0.697,injector,0.83,none,37.4
3333,DESERT_PATROL,15333.7,7.1,0.672,0.584,4169.4,49.7,21.4,505.1,162.2,99.6,1.17,17.19,1.269,56.31,0.765,0.0,0.0,0.939,0.0,49.02,1,0.832,lubrication,0.94,none,49.63
3334,DESERT_PATROL,11360.2,16.7,0.717,0.647,4380.2,56.9,26.1,539.0,180.8,89.1,2.67,19.53,1.174,39.06,0.765,0.0,0.0,0.0,0.0,54.9,1,0.515,sensor,0.54,noise,50.85
3335,DESERT_PATROL,1333.6,27.5,0.653,0.645,3558.4,67.5,25.1,486.6,171.2,95.8,1.92,27.9,3.297,47.13,0.574,0.0,0.0,0.0,0.833,35.83,1,0.802,mechanical,0.83,none,33.38
3336,HIGH_ALTITUDE,22993.4,-29.5,0.718,0.577,4406.8,42.0,19.3,498.5,142.3,72.0,2.11,16.35,1.115,75.46,0.765,0.0,0.0,0.666,0.0,54.32,1,0.582,lubrication,0.67,none,54.74
3337,HIGH_ALTITUDE,19922.0,-25.4,0.924,0.766,5425.3,49.1,28.0,658.9,195.0,69.3,4.16,22.09,0.705,26.17,0.765,0.0,0.0,0.0,0.0,82.78,0,0.125,healthy,0.0,none,95.98
3338,LOITER,5461.0,6.6,0.586,0.558,3715.4,71.0,27.7,419.9,142.3,79.4,2.4,17.63,1.272,78.29,0.765,0.0,0.0,0.0,0.0,80.91,0,0.131,healthy,0.0,none,93.95
3339,TRANSIT,9283.4,-3.9,0.555,0.511,3557.9,63.1,23.5,389.2,147.7,70.1,2.44,15.81,1.241,75.19,0.765,0.0,0.842,0.0,0.0,50.86,1,0.728,cooling,0.84,none,51.44
3340,HIGH_ALTITUDE,16493.5,-17.4,0.826,0.709,4919.8,53.8,27.6,580.2,185.2,71.7,3.56,20.79,0.865,36.03,0.765,0.0,0.381,0.0,0.0,60.61,1,0.331,cooling,0.38,none,60.11
3341,ISR,10993.0,-2.3,0.703,0.636,4323.4,61.6,27.6,503.0,161.5,77.3,2.91,19.22,1.227,58.44,0.765,0.0,0.0,0.0,0.0,83.75,0,0.189,healthy,0.0,none,88.29
3342,ISR,3508.2,7.9,0.739,0.717,4045.0,71.0,30.2,525.0,175.8,87.0,2.46,28.26,2.922,44.13,0.616,0.0,0.0,0.0,0.648,38.49,1,0.585,mechanical,0.65,none,37.63
3343,TRANSIT,12335.1,-5.9,0.654,0.585,4072.4,58.4,24.9,463.0,146.7,72.2,2.83,17.81,1.265,71.92,0.765,0.0,0.0,0.0,0.0,62.89,1,0.33,sensor,0.39,noise,70.45
3344,DESERT_PATROL,5995.6,27.2,0.838,0.795,4999.4,69.3,36.2,638.6,211.4,102.6,2.67,24.92,0.834,5.17,0.765,0.0,0.0,0.0,0.0,69.93,0,0.069,healthy,0.0,none,70.91
3345,ISR,4124.6,10.1,0.703,0.679,4304.8,76.5,34.7,505.8,168.9,87.2,2.66,22.01,1.222,49.82,0.765,0.0,0.0,0.0,0.0,84.69,0,0.167,healthy,0.0,none,101.0
3346,ISR,7940.6,-1.2,0.747,0.697,4534.2,69.8,33.2,534.0,170.8,80.4,3.01,21.75,1.074,48.47,0.765,0.0,0.0,0.0,0.0,88.59,0,0.107,healthy,0.0,none,110.6
3347,TRANSIT,13289.3,-11.4,0.589,0.521,3736.0,56.2,22.1,407.5,129.4,65.7,2.68,15.89,1.213,91.04,0.765,0.0,0.0,0.0,0.0,87.74,0,0.132,healthy,0.0,none,103.9
3348,LOITER,3399.6,10.9,0.584,0.567,3706.2,75.5,29.4,423.2,153.6,81.6,2.29,18.17,1.3,67.49,0.765,0.0,0.463,0.0,0.0,55.48,1,0.449,cooling,0.46,none,54.55
3349,LOITER,7558.3,3.4,0.418,0.391,2816.9,51.0,15.1,329.0,110.9,69.5,1.79,15.44,1.74,109.23,0.622,0.174,0.0,0.0,0.174,56.86,1,0.305,combustion,0.35,none,61.75
3350,TRANSIT,12213.1,-10.8,0.552,0.494,3539.9,57.7,21.7,383.3,140.8,65.4,2.51,14.89,1.269,80.01,0.765,0.0,0.876,0.0,0.0,49.93,1,0.786,cooling,0.88,none,44.49
3351,TRANSIT,7488.6,-0.6,0.836,0.783,4959.9,72.2,37.8,603.2,192.3,85.4,3.18,24.56,0.834,28.45,0.765,0.0,0.0,0.0,0.0,79.08,0,0.191,healthy,0.0,none,90.83
3352,TRANSIT,1885.2,14.2,0.687,0.676,4240.4,72.1,31.9,522.8,176.3,88.9,2.51,26.76,1.285,43.88,0.676,0.333,0.0,0.0,0.0,59.77,1,0.271,injector,0.33,none,58.0
3353,LOITER,5061.0,4.9,0.588,0.563,3517.1,45.6,16.8,527.7,169.2,77.6,2.23,33.19,3.603,50.65,0.45,0.421,0.0,0.0,0.421,33.19,1,0.797,combustion,0.84,none,34.01
3354,DESERT_PATROL,4506.0,29.1,0.593,0.57,3516.7,41.6,15.3,527.0,182.6,92.8,1.92,29.36,3.682,38.12,0.435,0.446,0.0,0.0,0.446,27.66,1,0.823,combustion,0.89,none,18.92
3355,TRANSIT,7473.0,3.8,0.67,0.627,4150.4,50.8,22.1,543.1,175.7,80.8,2.64,22.34,1.289,46.12,0.569,0.732,0.0,0.0,0.0,48.75,1,0.653,injector,0.73,none,44.13
3356,DESERT_PATROL,7869.1,22.3,0.556,0.518,3598.4,60.7,22.8,420.4,147.9,86.5,2.09,16.33,1.205,70.99,0.765,0.0,0.0,0.0,0.0,85.9,0,0.14,healthy,0.0,none,102.73
3357,TRANSIT,3822.2,4.8,0.683,0.66,4224.0,78.4,34.3,487.6,160.9,83.4,2.68,21.24,1.248,58.94,0.765,0.0,0.0,0.0,0.0,59.95,1,0.396,sensor,0.45,noise,64.84
3358,TRANSIT,10538.7,-3.2,0.541,0.492,3503.5,42.1,15.5,445.9,142.8,70.5,2.38,17.7,1.174,77.8,0.541,0.838,0.0,0.0,0.0,47.55,1,0.86,injector,0.84,none,50.76
3359,ISR,1596.4,15.1,0.589,0.581,3759.3,79.7,31.3,424.9,164.8,85.0,2.23,18.59,1.253,57.43,0.765,0.0,0.717,0.0,0.0,52.69,1,0.611,cooling,0.72,none,50.05
3360,TRANSIT,6899.7,-4.6,0.533,0.501,3458.3,68.6,25.0,365.9,120.1,69.5,2.38,15.93,1.225,98.99,0.765,0.0,0.0,0.0,0.0,83.89,0,0.104,healthy,0.0,none,98.28
3361,ISR,11470.7,-5.9,0.543,0.49,3509.8,58.1,21.3,382.9,123.0,68.6,2.48,14.94,1.259,96.8,0.765,0.0,0.0,0.0,0.0,86.55,0,0.078,healthy,0.0,none,100.23
3362,HIGH_ALTITUDE,24107.3,-30.4,0.869,0.69,5150.6,41.5,22.4,610.9,179.1,63.3,4.17,19.38,0.742,41.91,0.765,0.0,0.0,0.0,0.0,91.34,0,0.237,healthy,0.0,none,105.64
3363,LOITER,5128.4,4.6,0.474,0.453,3166.0,69.0,22.8,334.9,114.9,73.1,2.06,14.5,0.99,104.69,0.765,0.0,0.0,0.0,0.0,73.95,0,0.235,healthy,0.0,none,82.6
3364,LOITER,3092.5,5.6,0.55,0.535,3568.1,76.8,28.7,391.2,130.5,77.4,2.26,17.06,1.243,87.62,0.765,0.0,0.0,0.0,0.0,83.48,0,0.191,healthy,0.0,none,90.13
3365,ISR,15837.9,-12.8,0.541,0.467,3497.0,50.0,18.3,373.0,117.6,63.2,2.53,13.89,1.162,102.43,0.765,0.0,0.0,0.0,0.0,83.81,0,0.217,healthy,0.0,none,93.89
3366,TRANSIT,3994.8,12.7,0.842,0.813,5034.4,78.6,41.5,617.6,202.7,94.4,2.93,26.16,0.839,17.29,0.765,0.0,0.0,0.0,0.0,62.89,0,0.034,healthy,0.0,none,71.55
3367,DESERT_PATROL,11089.9,19.2,0.775,0.701,4664.4,57.8,28.3,589.0,213.5,94.2,2.69,21.39,1.02,7.27,0.765,0.0,0.809,0.0,0.0,36.68,1,0.703,cooling,0.81,none,28.25
3368,TRANSIT,8864.3,-1.4,0.701,0.648,4318.6,66.6,30.1,494.5,177.8,78.9,2.88,19.79,1.214,44.1,0.765,0.0,0.73,0.0,0.0,52.5,1,0.582,cooling,0.73,none,52.72
3369,LOITER,5725.9,2.3,0.597,0.568,3766.8,71.7,28.6,420.7,141.8,77.5,2.49,18.09,1.3,79.25,0.765,0.0,0.0,0.0,0.0,76.08,0,0.227,healthy,0.0,none,86.19
3370,TRANSIT,10013.1,-4.5,0.57,0.521,3655.4,61.8,23.5,396.6,130.7,70.3,2.52,15.95,1.264,90.0,0.765,0.0,0.0,0.0,0.0,82.05,0,0.237,healthy,0.0,none,96.83
3371,LOITER,6419.0,1.8,0.459,0.433,3096.7,65.8,21.5,323.3,110.8,81.6,1.27,13.51,0.95,110.03,0.765,0.0,0.0,0.573,0.0,56.82,1,0.474,lubrication,0.57,none,58.43
3372,DESERT_PATROL,4669.7,32.4,0.507,0.487,3326.1,64.9,22.7,400.9,147.4,90.6,1.81,15.26,1.112,73.88,0.765,0.0,0.0,0.0,0.0,83.03,0,0.234,healthy,0.0,none,96.14
3373,TRANSIT,12418.2,-12.6,0.828,0.74,4911.3,62.3,32.0,581.1,181.6,76.0,3.4,22.16,0.885,38.77,0.765,0.0,0.0,0.0,0.0,87.69,0,0.072,healthy,0.0,none,97.28
3374,TRANSIT,13369.9,-11.6,0.684,0.606,4203.0,57.8,25.4,485.1,148.0,70.2,3.04,18.29,1.238,69.83,0.765,0.0,0.0,0.0,0.0,59.25,1,0.631,sensor,0.63,spike,56.79
3375,ISR,5169.8,2.7,0.563,0.538,3601.7,72.2,27.3,397.4,133.3,75.7,2.38,16.89,1.201,86.59,0.765,0.0,0.0,0.0,0.0,84.12,0,0.075,healthy,0.0,none,97.54
3376,ISR,11997.1,-14.7,0.777,0.697,4683.6,63.2,31.0,544.9,171.9,72.2,3.34,21.05,1.039,46.77,0.765,0.0,0.33,0.0,0.0,66.94,1,0.331,cooling,0.33,none,69.98
3377,DESERT_PATROL,7636.7,25.0,0.556,0.52,3593.8,60.7,22.6,427.7,150.0,86.9,2.04,16.29,1.253,68.61,0.765,0.0,0.0,0.0,0.0,84.71,0,0.164,healthy,0.0,none,95.46
3378,HIGH_ALTITUDE,22111.3,-32.2,0.851,0.69,5075.0,41.1,21.6,622.5,179.4,61.9,4.05,22.76,0.824,42.28,0.692,0.273,0.0,0.0,0.0,73.32,0,0.147,injector,0.27,none,82.02
3379,ISR,3291.8,10.0,0.563,0.547,3620.8,75.5,28.7,408.8,138.5,81.0,2.25,17.66,1.224,81.0,0.765,0.0,0.0,0.0,0.0,70.7,0,0.065,healthy,0.0,none,72.31
3380,TRANSIT,15213.7,-13.3,0.678,0.589,4187.2,39.2,17.3,545.7,162.8,68.1,3.04,20.04,1.299,56.05,0.557,0.777,0.0,0.0,0.0,51.08,1,0.704,injector,0.78,none,52.3
3381,HIGH_ALTITUDE,23104.9,-32.5,0.914,0.733,5369.4,44.1,24.6,654.7,188.0,63.3,4.33,20.52,0.707,33.79,0.765,0.0,0.0,0.0,0.0,87.62,0,0.187,healthy,0.0,none,101.78
3382,TRANSIT,3108.7,7.7,0.76,0.739,4593.7,81.2,39.3,542.4,179.9,87.6,2.83,23.95,1.045,39.93,0.765,0.0,0.0,0.0,0.0,82.28,0,0.16,healthy,0.0,none,89.54
3383,LOITER,5509.1,8.7,0.447,0.426,3037.2,66.0,21.0,320.5,125.6,74.5,1.91,13.36,0.911,93.8,0.765,0.0,0.686,0.0,0.0,55.33,1,0.555,cooling,0.69,none,56.01
3384,HIGH_ALTITUDE,18547.2,-16.1,0.72,0.606,4414.5,48.1,22.2,516.2,155.9,67.5,3.25,17.43,1.159,64.46,0.765,0.0,0.0,0.0,0.0,84.45,0,0.24,healthy,0.0,none,94.87
3385,TRANSIT,2978.6,13.0,0.701,0.684,4027.2,73.5,30.8,503.1,170.4,88.9,2.37,25.09,2.386,48.25,0.665,0.0,0.0,0.0,0.435,47.96,1,0.334,mechanical,0.43,none,44.24
3386,ISR,4581.1,2.5,0.791,0.76,4737.6,78.9,39.2,563.8,182.2,85.7,3.0,24.15,0.998,36.89,0.765,0.0,0.0,0.0,0.0,85.72,0,0.033,healthy,0.0,none,98.39
3387,ISR,6901.6,6.5,0.728,0.685,4114.6,64.8,28.0,533.4,173.2,85.2,2.55,25.29,2.498,46.66,0.655,0.0,0.0,0.0,0.48,46.61,1,0.317,mechanical,0.48,none,47.99
3388,TRANSIT,12865.2,-11.6,0.508,0.452,3323.3,55.3,19.3,351.0,111.6,75.7,1.51,13.68,1.093,109.25,0.765,0.0,0.0,0.569,0.0,55.2,1,0.569,lubrication,0.57,none,55.92
3389,LOITER,6651.4,-0.9,0.42,0.396,2904.4,64.4,19.5,288.0,99.2,67.6,1.92,12.5,0.869,120.79,0.765,0.0,0.0,0.0,0.0,58.57,1,0.643,sensor,0.64,drift,61.46
3390,HIGH_ALTITUDE,22058.5,-23.8,0.796,0.645,4786.7,43.5,21.7,559.7,166.9,64.4,3.67,18.17,0.952,53.28,0.765,0.0,0.0,0.0,0.0,72.02,1,0.331,sensor,0.33,freeze,83.81
3391,ISR,7857.6,-1.6,0.839,0.783,4994.7,71.5,37.3,589.5,189.0,84.6,3.25,24.23,0.855,28.54,0.765,0.0,0.0,0.0,0.0,81.83,0,0.132,healthy,0.0,none,89.49
3392,LOITER,3796.3,4.9,0.47,0.455,3144.3,72.3,23.9,335.6,114.7,73.5,2.03,14.31,0.994,105.48,0.765,0.0,0.0,0.0,0.0,84.77,0,0.248,healthy,0.0,none,92.65
3393,ISR,5601.6,2.1,0.513,0.488,3194.9,49.2,16.5,449.6,145.0,73.2,2.07,21.4,2.7,75.81,0.514,0.323,0.0,0.0,0.323,39.73,1,0.574,combustion,0.65,none,30.44
3394,ISR,10381.4,-2.1,0.703,0.641,4317.9,46.5,21.0,568.6,176.3,78.2,2.87,22.61,1.23,42.61,0.564,0.75,0.0,0.0,0.0,48.13,1,0.706,injector,0.75,none,44.66
3395,TRANSIT,3179.5,10.7,0.568,0.553,3547.4,63.2,23.5,441.5,148.8,82.2,2.17,20.67,2.142,70.61,0.621,0.175,0.0,0.0,0.175,53.78,1,0.304,combustion,0.35,none,53.96
3396,HIGH_ALTITUDE,22847.5,-26.9,0.76,0.611,4613.9,42.3,20.3,537.9,155.8,60.8,3.56,17.26,1.034,63.88,0.765,0.0,0.0,0.0,0.0,76.44,0,0.274,sensor,0.25,freeze,82.89
3397,ISR,9109.6,-4.1,0.736,0.678,4482.6,67.2,31.7,523.4,165.6,78.1,3.01,20.99,1.152,53.17,0.765,0.0,0.0,0.0,0.0,88.5,0,0.115,healthy,0.0,none,104.2
3398,DESERT_PATROL,12831.7,5.4,0.653,0.581,4072.4,54.9,23.2,478.5,158.8,79.0,2.64,17.71,1.276,62.44,0.765,0.0,0.0,0.0,0.0,71.72,0,0.238,sensor,0.24,drift,82.4
3399,HIGH_ALTITUDE,15755.5,-15.1,0.855,0.74,5097.7,55.3,29.4,600.3,186.3,74.0,3.63,21.84,0.816,33.87,0.765,0.0,0.0,0.0,0.0,81.12,0,0.04,healthy,0.0,none,90.71
3400,TRANSIT,4525.9,3.2,0.617,0.593,3897.8,75.3,30.6,436.7,145.0,78.7,2.53,18.66,1.305,74.61,0.765,0.0,0.0,0.0,0.0,84.84,0,0.217,healthy,0.0,none,97.88
3401,DESERT_PATROL,8999.8,18.6,0.845,0.78,5014.4,63.7,33.6,631.8,212.1,96.1,2.91,24.13,0.806,9.71,0.765,0.0,0.0,0.0,0.0,72.94,0,0.152,healthy,0.0,none,80.38
3402,DESERT_PATROL,14536.5,7.0,0.609,0.533,3852.3,50.3,20.5,450.9,150.3,78.7,2.45,15.85,1.265,70.59,0.765,0.0,0.0,0.0,0.0,84.47,0,0.146,healthy,0.0,none,98.74
3403,LOITER,6963.7,-2.0,0.527,0.495,3456.7,45.4,16.3,439.9,139.8,70.7,2.31,18.76,1.146,78.59,0.514,0.938,0.0,0.0,0.0,46.64,1,0.882,injector,0.94,none,43.79
3404,DESERT_PATROL,1950.8,33.9,0.685,0.673,4240.0,76.1,33.8,523.6,184.7,100.5,2.24,22.03,1.221,34.58,0.765,0.0,0.0,0.0,0.0,78.19,0,0.238,healthy,0.0,none,84.83
3405,HIGH_ALTITUDE,18023.1,-22.1,0.87,0.736,5125.2,51.9,28.1,608.4,185.7,70.3,3.83,21.42,0.742,35.98,0.765,0.0,0.0,0.0,0.0,86.07,0,0.109,healthy,0.0,none,98.52
3406,LOITER,7723.8,1.3,0.598,0.558,3771.6,66.8,26.2,426.2,139.2,76.1,2.48,17.44,1.272,79.48,0.765,0.0,0.0,0.0,0.0,80.14,0,0.108,healthy,0.0,none,84.84
3407,HIGH_ALTITUDE,22869.7,-26.4,0.839,0.674,4746.1,40.5,20.0,593.2,174.8,64.7,3.65,21.59,1.883,45.57,0.684,0.0,0.0,0.0,0.351,60.04,1,0.339,mechanical,0.35,none,61.94
3408,HIGH_ALTITUDE,20991.7,-24.9,0.789,0.647,4737.5,45.7,22.5,551.2,165.4,71.2,2.8,18.4,0.996,56.01,0.765,0.0,0.0,0.345,0.0,65.72,1,0.285,lubrication,0.34,none,66.77
3409,ISR,3086.6,3.0,0.692,0.674,4257.6,74.2,33.5,513.5,168.3,81.8,2.74,22.88,1.247,53.42,0.698,0.251,0.0,0.0,0.0,69.8,0,0.207,injector,0.25,none,76.45
3410,TRANSIT,5397.4,3.7,0.758,0.723,4616.7,75.6,36.0,543.3,187.5,85.1,2.92,22.85,1.082,32.08,0.765,0.0,0.582,0.0,0.0,50.52,1,0.501,cooling,0.58,none,49.88
3411,TRANSIT,6249.8,5.2,0.58,0.549,3709.7,69.2,26.7,418.8,158.6,78.0,2.4,17.41,1.234,61.77,0.765,0.0,0.868,0.0,0.0,49.99,1,0.805,cooling,0.87,none,47.61
3412,LOITER,4994.4,2.4,0.567,0.543,3637.1,72.9,27.8,393.1,132.7,75.8,2.4,17.14,1.234,86.07,0.765,0.0,0.0,0.0,0.0,81.33,0,0.226,healthy,0.0,none,91.69
3413,TRANSIT,15291.4,-11.7,0.768,0.667,4444.2,40.7,19.0,605.4,187.3,73.4,3.11,26.27,2.65,34.53,0.547,0.276,0.0,0.0,0.276,37.54,1,0.576,combustion,0.55,none,34.91
3414,LOITER,6882.0,6.0,0.479,0.451,3208.3,55.0,18.4,373.5,126.9,74.3,2.02,15.09,1.047,93.12,0.653,0.42,0.0,0.0,0.0,56.58,1,0.429,injector,0.42,none,55.04
3415,LOITER,5685.4,2.8,0.566,0.539,3628.2,70.9,27.1,406.6,136.2,85.3,1.62,16.94,1.294,85.69,0.765,0.0,0.0,0.483,0.0,55.38,1,0.451,lubrication,0.48,none,56.58
3416,HIGH_ALTITUDE,22048.6,-30.9,0.817,0.662,4898.2,45.0,23.1,565.2,164.3,61.0,3.86,18.71,0.889,54.58,0.765,0.0,0.0,0.0,0.0,93.68,0,0.035,healthy,0.0,none,110.02
3417,LOITER,5800.5,5.4,0.447,0.424,3044.3,66.0,21.1,317.1,114.1,72.4,1.9,13.14,0.947,105.34,0.765,0.0,0.281,0.0,0.0,68.43,0,0.301,cooling,0.28,none,68.39
3418,DESERT_PATROL,1507.3,35.1,0.631,0.623,3951.9,75.8,31.2,479.2,176.1,99.4,2.09,20.18,1.287,45.3,0.765,0.0,0.0,0.0,0.0,54.12,1,0.684,sensor,0.76,spike,49.54
3419,LOITER,4786.4,-5.0,0.562,0.539,3605.2,75.3,28.5,384.9,131.5,71.3,2.39,17.04,1.217,90.07,0.765,0.0,0.216,0.0,0.0,71.43,0,0.265,cooling,0.22,none,75.86
3420,TRANSIT,11612.2,-11.2,0.791,0.712,4761.3,63.5,31.6,558.7,173.3,75.4,3.33,21.63,0.97,46.14,0.765,0.0,0.0,0.0,0.0,90.07,0,0.157,healthy,0.0,none,106.79
3421,HIGH_ALTITUDE,21930.9,-31.1,0.884,0.718,4886.6,42.7,21.7,628.7,179.8,63.7,3.9,23.44,1.979,39.54,0.666,0.0,0.0,0.0,0.432,53.11,1,0.386,mechanical,0.43,none,56.19
3422,HIGH_ALTITUDE,16605.0,-17.1,0.812,0.697,4424.7,48.1,22.3,579.8,175.7,71.2,3.2,24.78,2.68,45.05,0.628,0.0,0.0,0.0,0.597,44.17,1,0.57,mechanical,0.6,none,38.23
3423,ISR,1925.4,6.1,0.635,0.624,3969.3,82.5,34.2,445.5,149.7,81.9,2.53,20.14,1.298,69.03,0.765,0.0,0.0,0.0,0.0,85.76,0,0.058,healthy,0.0,none,95.72
3424,ISR,14569.1,-16.3,0.579,0.506,3693.4,54.2,21.0,396.2,123.6,63.2,2.67,15.11,1.243,97.15,0.765,0.0,0.0,0.0,0.0,85.1,0,0.236,healthy,0.0,none,98.57
3425,TRANSIT,3317.3,3.4,0.582,0.566,3583.3,74.9,28.1,412.2,137.6,77.1,2.34,19.68,1.801,82.25,0.711,0.0,0.0,0.0,0.236,66.6,0,0.183,mechanical,0.24,none,67.64
3426,LOITER,6099.9,-0.8,0.469,0.445,3062.3,57.8,18.6,359.8,119.3,69.5,2.0,17.46,1.797,101.53,0.639,0.152,0.0,0.0,0.152,59.94,1,0.263,combustion,0.3,none,62.67
3427,DESERT_PATROL,11736.8,11.5,0.56,0.504,3602.4,54.3,20.7,416.1,140.4,80.1,2.31,15.43,1.26,78.3,0.765,0.0,0.0,0.0,0.0,84.85,0,0.031,healthy,0.0,none,95.37
3428,LOITER,3348.7,12.1,0.467,0.453,2951.9,47.3,14.7,401.1,135.9,77.2,1.78,21.46,3.015,83.83,0.478,0.377,0.0,0.0,0.377,34.88,1,0.721,combustion,0.75,none,32.2
3429,LOITER,5535.9,9.8,0.49,0.467,3253.2,67.2,22.8,358.3,123.4,77.2,2.02,14.81,1.048,96.62,0.765,0.0,0.0,0.0,0.0,87.79,0,0.146,healthy,0.0,none,102.07
3430,LOITER,6677.2,-4.1,0.434,0.409,2972.6,65.6,20.4,293.3,98.4,84.1,0.93,12.84,0.915,120.54,0.765,0.0,0.0,0.898,0.0,51.92,1,0.769,lubrication,0.9,none,53.41
3431,DESERT_PATROL,12353.7,17.9,0.595,0.532,3773.6,40.9,16.2,504.8,170.9,85.0,2.31,23.47,1.226,51.72,0.595,0.634,0.0,0.0,0.0,51.82,1,0.578,injector,0.63,none,50.33
3432,TRANSIT,10892.3,-9.0,0.813,0.737,4254.0,55.7,25.0,577.7,179.1,77.6,2.82,30.29,3.431,39.67,0.573,0.0,0.0,0.0,0.837,35.32,1,0.692,mechanical,0.84,none,25.72
3433,LOITER,5192.1,8.5,0.522,0.499,3213.4,46.3,15.7,438.4,145.6,77.3,2.02,26.77,3.152,73.37,0.482,0.371,0.0,0.0,0.371,35.55,1,0.666,combustion,0.74,none,28.85
3434,TRANSIT,2139.7,11.8,0.524,0.514,3431.0,76.9,27.5,372.1,131.1,80.3,2.11,16.77,1.135,88.35,0.765,0.0,0.0,0.0,0.0,87.22,0,0.117,healthy,0.0,none,100.98
3435,LOITER,6164.7,2.3,0.407,0.386,2766.0,55.2,16.0,309.7,105.9,69.2,1.75,14.11,1.646,113.95,0.643,0.147,0.0,0.0,0.147,61.45,0,0.303,combustion,0.29,none,65.61
3436,TRANSIT,1425.1,14.5,0.671,0.663,4162.0,74.8,32.7,507.4,170.6,88.8,2.48,22.44,1.273,48.54,0.694,0.267,0.0,0.0,0.0,67.24,0,0.171,injector,0.27,none,68.83
3437,HIGH_ALTITUDE,22364.6,-27.5,0.867,0.701,4831.6,28.7,14.4,677.2,200.0,65.1,3.7,35.14,3.106,22.03,0.467,0.395,0.0,0.0,0.395,28.59,1,0.716,combustion,0.79,none,23.73
3438,ISR,11422.3,-8.7,0.743,0.67,4523.6,62.6,29.5,530.3,164.5,74.7,3.14,20.53,1.127,54.72,0.765,0.0,0.0,0.0,0.0,86.02,0,0.073,healthy,0.0,none,100.66
3439,TRANSIT,9021.7,-5.0,0.605,0.558,3673.8,50.0,19.3,468.0,147.1,71.8,2.54,24.84,2.767,71.72,0.564,0.251,0.0,0.0,0.251,41.59,1,0.505,combustion,0.5,none,38.66
3440,ISR,8731.3,4.6,0.798,0.738,4787.8,67.0,33.5,579.0,189.0,86.5,3.06,22.71,0.961,32.12,0.765,0.0,0.0,0.0,0.0,84.49,0,0.037,healthy,0.0,none,99.46
3441,ISR,5612.0,3.9,0.814,0.775,4895.6,75.9,38.6,579.5,192.7,104.5,1.45,24.49,0.894,30.14,0.765,0.0,0.0,0.846,0.0,44.57,1,0.741,lubrication,0.85,none,42.93
3442,ISR,12352.1,-7.4,0.607,0.543,3830.7,57.8,23.3,424.5,136.0,69.5,2.65,16.25,1.338,83.75,0.765,0.0,0.0,0.0,0.0,82.84,0,0.071,healthy,0.0,none,95.59
3443,LOITER,6486.0,-0.5,0.561,0.529,3603.4,69.5,26.3,395.4,131.6,73.7,2.44,16.62,1.254,89.46,0.765,0.0,0.0,0.0,0.0,71.56,0,0.133,healthy,0.0,none,77.16
3444,LOITER,4514.0,5.1,0.565,0.543,3391.2,47.5,17.1,480.5,156.1,77.4,2.15,26.22,3.272,63.56,0.466,0.396,0.0,0.0,0.396,33.96,1,0.773,combustion,0.79,none,25.42
3445,HIGH_ALTITUDE,23741.5,-27.5,0.787,0.627,4723.1,41.0,20.2,558.0,163.0,61.8,3.69,17.91,0.999,58.12,0.765,0.0,0.0,0.0,0.0,87.67,0,0.148,healthy,0.0,none,97.19
3446,ISR,11319.7,-8.0,0.684,0.618,3802.0,55.0,21.9,483.3,151.4,73.0,2.56,23.36,2.954,67.34,0.614,0.0,0.0,0.0,0.656,41.28,1,0.54,mechanical,0.66,none,33.74
3447,HIGH_ALTITUDE,19960.1,-31.8,0.754,0.625,4580.1,48.7,23.2,514.6,149.4,58.7,3.59,18.01,1.099,69.88,0.765,0.0,0.0,0.0,0.0,88.91,0,0.183,healthy,0.0,none,101.44
3448,DESERT_PATROL,8808.7,13.7,0.657,0.607,4084.5,62.5,26.5,482.2,185.6,86.1,2.46,19.09,1.27,34.59,0.765,0.0,0.939,0.0,0.0,42.69,1,0.849,cooling,0.94,none,42.02
3449,HIGH_ALTITUDE,17953.5,-18.0,0.924,0.782,5432.5,51.7,29.4,662.5,200.0,75.2,3.93,23.35,0.722,20.42,0.765,0.0,0.0,0.0,0.0,79.68,0,0.184,healthy,0.0,none,87.9
3450,ISR,8641.1,-2.4,0.605,0.56,3820.3,65.5,26.0,428.1,139.7,73.6,2.55,17.53,1.319,80.84,0.765,0.0,0.0,0.0,0.0,85.49,0,0.028,healthy,0.0,none,95.73
3451,HIGH_ALTITUDE,18182.7,-21.4,0.85,0.718,4778.3,48.2,23.5,608.1,179.4,69.8,3.52,23.69,1.886,39.72,0.678,0.0,0.0,0.0,0.381,54.62,1,0.393,mechanical,0.38,none,58.3
3452,ISR,4579.6,4.0,0.831,0.799,4964.5,79.1,40.8,594.4,194.2,88.9,3.07,25.29,0.822,26.73,0.765,0.0,0.0,0.0,0.0,79.64,0,0.096,healthy,0.0,none,93.37
3453,DESERT_PATROL,15980.1,5.3,0.593,0.512,3773.5,47.5,18.8,438.2,144.2,76.0,2.46,15.25,1.287,75.26,0.765,0.0,0.0,0.0,0.0,85.26,0,0.207,healthy,0.0,none,93.59
3454,LOITER,4358.9,8.7,0.477,0.46,3192.1,70.1,23.4,340.3,127.8,76.4,1.99,14.68,1.006,91.98,0.765,0.0,0.49,0.0,0.0,57.25,1,0.477,cooling,0.49,none,56.13
3455,HIGH_ALTITUDE,15519.1,-13.4,0.845,0.733,5024.4,55.3,29.0,607.3,198.5,74.6,3.55,21.61,0.82,23.05,0.765,0.0,0.628,0.0,0.0,48.53,1,0.65,cooling,0.63,none,43.29
3456,DESERT_PATROL,1318.5,32.9,0.785,0.776,4445.1,51.9,24.2,658.1,224.4,105.1,2.24,43.92,3.347,-3.54,0.467,0.394,0.0,0.0,0.394,15.13,1,0.66,combustion,0.79,none,11.39
3457,LOITER,5092.5,2.3,0.444,0.424,3028.6,68.5,21.6,310.2,106.8,70.5,1.97,13.36,0.91,113.26,0.765,0.0,0.0,0.0,0.0,84.51,0,0.217,healthy,0.0,none,97.59
3458,LOITER,7762.6,5.2,0.579,0.541,3696.6,65.3,25.3,417.4,139.7,77.3,2.43,16.98,1.266,80.26,0.765,0.0,0.0,0.0,0.0,82.89,0,0.202,healthy,0.0,none,94.48
3459,HIGH_ALTITUDE,15434.3,-20.5,0.708,0.614,4010.5,51.0,21.3,487.4,148.6,65.5,2.97,21.51,2.489,71.6,0.652,0.0,0.0,0.0,0.492,49.47,1,0.346,mechanical,0.49,none,49.83
3460,HIGH_ALTITUDE,23646.0,-31.0,0.745,0.594,4531.4,41.4,19.6,513.6,147.3,58.2,3.55,16.45,1.112,70.65,0.765,0.0,0.0,0.0,0.0,89.2,0,0.17,healthy,0.0,none,101.3
3461,DESERT_PATROL,5394.3,31.1,0.661,0.631,4107.7,67.1,28.7,510.7,179.1,96.8,2.22,20.11,1.3,40.86,0.765,0.0,0.0,0.0,0.0,75.48,0,0.136,healthy,0.0,none,79.5
3462,LOITER,3681.3,9.5,0.595,0.576,3333.7,65.7,23.2,431.1,143.9,81.9,2.03,23.83,2.981,74.32,0.591,0.0,0.0,0.0,0.756,38.84,1,0.677,mechanical,0.76,none,37.66
3463,ISR,6813.6,-4.6,0.588,0.554,3725.5,70.4,27.4,405.3,144.4,72.6,2.59,17.51,1.276,73.96,0.765,0.0,0.67,0.0,0.0,53.06,1,0.622,cooling,0.67,none,55.31
3464,TRANSIT,12696.7,-3.8,0.565,0.504,3616.6,55.4,21.2,401.6,135.7,70.9,2.48,14.94,1.219,85.63,0.765,0.0,0.269,0.0,0.0,67.81,0,0.279,cooling,0.27,none,73.43
3465,HIGH_ALTITUDE,22710.3,-34.6,0.919,0.74,5391.0,45.3,25.4,644.7,184.6,80.3,2.04,21.22,0.694,34.41,0.765,0.0,0.0,0.912,0.0,44.92,1,0.837,lubrication,0.91,none,40.61
3466,TRANSIT,10992.9,-6.9,0.625,0.566,3925.3,61.2,25.1,442.5,141.4,70.9,2.76,17.24,1.316,79.48,0.765,0.0,0.0,0.0,0.0,87.39,0,0.128,healthy,0.0,none,99.62
3467,DESERT_PATROL,1102.5,27.6,0.765,0.758,4521.5,68.8,32.4,588.1,203.1,101.3,2.38,28.79,2.019,17.01,0.627,0.167,0.0,0.0,0.167,42.58,1,0.309,combustion,0.33,none,37.44
3468,LOITER,6489.9,-2.6,0.577,0.545,3687.2,70.4,27.2,403.7,132.8,72.7,2.46,17.1,1.26,87.61,0.765,0.0,0.0,0.0,0.0,85.28,0,0.204,healthy,0.0,none,97.98
3469,HIGH_ALTITUDE,18959.3,-28.6,0.733,0.613,4298.8,39.3,17.7,551.8,159.9,60.4,3.4,22.08,2.345,59.79,0.582,0.227,0.0,0.0,0.227,49.69,1,0.437,combustion,0.45,none,47.61
3470,TRANSIT,3909.5,10.2,0.648,0.626,4001.9,75.9,32.2,474.2,158.6,92.5,1.85,20.04,1.282,62.03,0.765,0.0,0.0,0.395,0.0,57.62,1,0.422,lubrication,0.39,none,58.66
3471,DESERT_PATROL,1256.7,30.5,0.521,0.516,3405.4,74.5,26.5,398.1,148.2,91.6,1.85,16.76,1.163,73.32,0.765,0.0,0.0,0.0,0.0,87.13,0,0.118,healthy,0.0,none,101.9
3472,LOITER,7476.2,-1.6,0.448,0.419,2849.1,59.6,17.7,310.4,104.0,67.8,1.84,14.99,1.894,115.08,0.673,0.0,0.0,0.0,0.399,53.58,1,0.335,mechanical,0.4,none,49.76
3473,DESERT_PATROL,15583.3,2.0,0.838,0.726,4984.2,52.0,27.1,622.8,196.8,83.7,3.26,21.47,0.869,23.38,0.765,0.0,0.0,0.0,0.0,51.89,1,0.575,sensor,0.65,drift,49.44
3474,DESERT_PATROL,4539.6,25.3,0.551,0.53,3560.6,68.0,25.2,419.5,168.2,89.6,1.99,16.69,1.237,51.48,0.765,0.0,0.874,0.0,0.0,50.46,1,0.752,cooling,0.87,none,44.86
3475,HIGH_ALTITUDE,21439.2,-33.7,0.725,0.592,4420.3,45.8,21.2,492.8,143.0,56.7,3.48,17.02,1.13,77.64,0.765,0.0,0.0,0.0,0.0,63.71,1,0.46,sensor,0.53,spike,66.38
3476,HIGH_ALTITUDE,23521.6,-31.9,0.889,0.71,5260.3,43.0,23.5,635.5,180.5,63.1,4.15,20.05,0.757,38.79,0.765,0.0,0.0,0.0,0.0,89.85,0,0.117,healthy,0.0,none,107.66
3477,ISR,1284.6,10.7,0.771,0.763,4681.9,86.2,42.0,554.7,184.2,90.6,2.73,24.77,1.023,35.62,0.765,0.0,0.0,0.0,0.0,82.12,0,0.117,healthy,0.0,none,91.14
3478,LOITER,6851.0,0.6,0.424,0.399,2890.9,63.7,19.5,295.8,101.5,68.4,1.9,12.51,0.875,118.62,0.765,0.0,0.0,0.0,0.0,58.18,1,0.682,sensor,0.79,noise,63.06
3479,TRANSIT,3575.8,8.7,0.845,0.819,5029.5,81.0,42.6,618.2,198.8,102.1,2.04,26.16,0.84,20.17,0.765,0.0,0.0,0.508,0.0,46.08,1,0.394,lubrication,0.51,none,43.7
3480,HIGH_ALTITUDE,24741.5,-37.0,0.814,0.642,4885.8,41.1,21.2,567.5,158.5,56.7,3.87,18.08,0.938,59.8,0.765,0.0,0.0,0.0,0.0,89.44,0,0.108,healthy,0.0,none,103.57
3481,ISR,3570.4,3.8,0.797,0.773,4778.6,81.7,40.8,569.0,183.9,88.1,3.03,24.77,0.976,34.86,0.765,0.0,0.0,0.0,0.0,83.56,0,0.215,healthy,0.0,none,92.4
3482,LOITER,7068.7,-3.7,0.496,0.466,3145.3,50.0,16.5,378.0,123.5,68.8,2.1,19.33,2.428,96.92,0.549,0.273,0.0,0.0,0.273,43.64,1,0.493,combustion,0.55,none,38.29
3483,TRANSIT,15219.8,-14.5,0.595,0.518,3782.8,52.7,20.8,416.9,129.2,64.7,2.76,15.49,1.248,91.69,0.765,0.0,0.0,0.0,0.0,85.46,0,0.026,healthy,0.0,none,99.0
3484,HIGH_ALTITUDE,21324.0,-24.9,0.756,0.618,4562.7,44.7,21.4,530.2,165.6,62.9,3.54,17.79,1.09,54.01,0.765,0.0,0.523,0.0,0.0,61.36,1,0.436,cooling,0.52,none,68.59
3485,TRANSIT,10951.9,-5.7,0.667,0.604,4133.8,46.4,20.0,540.5,163.9,73.4,2.82,21.12,1.28,54.45,0.574,0.712,0.0,0.0,0.0,50.94,1,0.693,injector,0.71,none,52.35
3486,DESERT_PATROL,3353.0,19.6,0.751,0.73,4561.7,77.1,36.8,558.9,190.0,93.6,2.63,23.12,1.097,31.58,0.765,0.0,0.0,0.0,0.0,72.91,0,0.221,healthy,0.0,none,80.46
3487,DESERT_PATROL,2527.7,25.5,0.614,0.601,3856.2,75.0,30.7,464.7,161.6,92.7,2.15,19.33,1.345,56.9,0.765,0.0,0.0,0.0,0.0,86.37,0,0.063,healthy,0.0,none,97.4
3488,DESERT_PATROL,7996.5,19.4,0.814,0.758,4858.8,65.7,33.2,608.1,228.6,95.7,2.82,23.64,0.886,-5.05,0.765,0.0,0.946,0.0,0.0,33.07,1,0.763,cooling,0.95,none,30.71
3489,ISR,10386.2,-4.9,0.84,0.765,4722.8,61.3,30.1,603.8,191.1,80.9,3.08,26.89,1.995,30.34,0.671,0.0,0.0,0.0,0.41,46.95,1,0.317,mechanical,0.41,none,45.27
3490,ISR,12867.6,-10.7,0.605,0.539,3836.1,57.3,23.0,424.2,133.9,68.1,2.72,16.37,1.279,86.74,0.765,0.0,0.0,0.0,0.0,73.81,0,0.202,healthy,0.0,none,80.73
3491,DESERT_PATROL,8399.5,23.8,0.778,0.722,4681.8,63.2,31.1,602.0,200.6,97.1,2.61,22.22,1.007,20.23,0.765,0.0,0.0,0.0,0.0,74.92,0,0.174,healthy,0.0,none,82.29
3492,ISR,5532.1,3.7,0.527,0.502,3445.6,69.9,25.2,373.4,126.5,75.1,2.2,15.62,1.184,93.59,0.765,0.0,0.0,0.0,0.0,85.57,0,0.05,healthy,0.0,none,98.33
3493,DESERT_PATROL,14512.2,12.6,0.839,0.735,4965.0,52.3,27.4,638.4,204.9,90.8,3.03,21.92,0.829,14.34,0.765,0.0,0.0,0.0,0.0,73.74,0,0.231,healthy,0.0,none,78.36
3494,TRANSIT,8106.0,-6.4,0.5,0.466,3299.0,65.0,22.5,342.5,113.0,67.3,2.24,14.47,1.083,107.46,0.765,0.0,0.0,0.0,0.0,86.82,0,0.142,healthy,0.0,none,102.49
3495,ISR,2322.1,14.4,0.781,0.765,4709.1,82.1,40.2,576.8,207.3,93.0,2.76,24.69,1.011,12.99,0.765,0.0,0.816,0.0,0.0,39.03,1,0.73,cooling,0.82,none,35.26
3496,TRANSIT,2608.8,8.6,0.746,0.729,4518.2,82.2,38.6,538.6,175.2,88.0,2.74,23.53,1.099,42.45,0.765,0.0,0.0,0.0,0.0,85.75,0,0.141,healthy,0.0,none,99.14
3497,LOITER,4624.2,8.2,0.474,0.456,3147.8,69.4,23.2,338.9,119.0,75.9,1.96,14.41,1.04,101.61,0.765,0.0,0.0,0.0,0.0,75.48,0,0.213,sensor,0.2,freeze,82.98
3498,ISR,11271.0,-9.2,0.685,0.619,4011.5,43.6,18.2,575.1,175.1,71.6,2.78,25.99,3.067,44.46,0.51,0.328,0.0,0.0,0.328,36.02,1,0.61,combustion,0.66,none,31.25
3499,LOITER,6091.4,4.5,0.477,0.452,3177.9,66.6,22.3,333.3,137.2,72.8,2.04,14.12,1.05,83.61,0.765,0.0,0.913,0.0,0.0,51.08,1,0.806,cooling,0.91,none,53.44
3500,LOITER,7372.1,0.9,0.442,0.414,3033.2,41.7,13.1,392.4,127.1,69.0,1.96,15.82,0.906,94.17,0.506,0.966,0.0,0.0,0.0,47.97,1,0.834,injector,0.97,none,45.83
3501,ISR,9944.0,-6.3,0.729,0.667,4223.7,47.0,20.9,582.7,179.0,75.5,2.84,28.0,2.96,40.3,0.523,0.31,0.0,0.0,0.31,34.83,1,0.656,combustion,0.62,none,28.57
3502,ISR,11974.0,-7.5,0.575,0.516,3674.2,58.0,22.2,401.8,143.8,69.1,2.56,15.7,1.251,77.4,0.765,0.0,0.696,0.0,0.0,52.98,1,0.624,cooling,0.7,none,50.27
3503,HIGH_ALTITUDE,15607.8,-12.0,0.777,0.673,4679.2,54.1,26.6,557.2,169.4,73.4,3.3,20.22,1.052,48.75,0.765,0.0,0.0,0.0,0.0,86.96,0,0.2,healthy,0.0,none,104.41
3504,DESERT_PATROL,9380.2,12.9,0.69,0.634,4246.6,61.9,27.5,512.0,171.6,86.3,2.64,19.42,1.278,48.87,0.765,0.0,0.0,0.0,0.0,80.89,0,0.092,healthy,0.0,none,90.11
3505,DESERT_PATROL,10757.8,5.6,0.676,0.614,4184.5,59.9,26.3,496.2,160.3,80.8,2.64,18.66,1.246,57.75,0.765,0.0,0.0,0.0,0.0,82.44,0,0.073,healthy,0.0,none,89.91
3506,LOITER,6683.1,-0.3,0.576,0.543,3124.7,57.1,18.7,409.8,136.0,73.9,2.0,24.37,3.364,85.92,0.536,0.0,0.0,0.0,0.997,34.98,1,0.903,mechanical,1.0,none,31.49
3507,LOITER,7104.0,6.5,0.576,0.541,3298.2,58.7,20.4,412.1,140.2,79.3,2.08,21.31,2.786,79.93,0.604,0.0,0.0,0.0,0.701,41.36,1,0.604,mechanical,0.7,none,39.99
3508,ISR,6605.4,5.7,0.609,0.575,3858.5,68.8,27.6,447.8,147.2,79.8,2.5,17.96,1.304,73.45,0.765,0.0,0.0,0.0,0.0,83.15,0,0.238,healthy,0.0,none,89.0
3509,TRANSIT,10196.1,-4.2,0.623,0.569,3904.6,62.5,25.7,443.6,146.5,72.9,2.66,17.43,1.277,74.69,0.765,0.0,0.206,0.0,0.0,72.81,0,0.219,cooling,0.21,none,77.59
3510,ISR,2402.3,13.4,0.841,0.823,4990.4,83.1,44.0,612.0,203.2,95.0,2.85,26.76,0.828,17.65,0.765,0.0,0.0,0.0,0.0,74.46,0,0.028,healthy,0.0,none,84.88
3511,HIGH_ALTITUDE,21961.4,-27.8,0.747,0.606,4339.4,41.9,19.2,519.2,152.5,61.7,3.37,19.04,1.927,67.73,0.699,0.0,0.0,0.0,0.288,65.84,0,0.2,mechanical,0.29,none,71.71
3512,HIGH_ALTITUDE,15887.0,-17.9,0.778,0.672,4719.1,54.8,27.1,550.7,166.2,69.8,3.46,19.7,0.963,53.49,0.765,0.0,0.0,0.0,0.0,89.63,0,0.247,healthy,0.0,none,104.66
3513,HIGH_ALTITUDE,16359.2,-23.3,0.717,0.616,4375.6,54.1,24.9,493.7,149.8,63.6,3.36,18.12,1.154,71.72,0.765,0.0,0.0,0.0,0.0,60.45,1,0.712,sensor,0.8,drift,65.05
3514,ISR,11926.3,-9.6,0.767,0.688,4343.0,57.9,26.4,544.4,170.0,75.4,3.05,23.72,2.199,50.08,0.672,0.0,0.0,0.0,0.406,52.78,1,0.384,mechanical,0.41,none,48.07
3515,HIGH_ALTITUDE,20816.9,-27.2,0.887,0.729,5209.8,47.3,26.0,629.5,195.3,66.5,4.04,20.73,0.744,25.41,0.765,0.0,0.568,0.0,0.0,53.81,1,0.462,cooling,0.57,none,55.11
3516,LOITER,3668.9,5.2,0.523,0.506,3417.9,74.4,26.6,370.4,127.5,76.1,2.2,15.96,1.18,93.69,0.765,0.0,0.0,0.0,0.0,66.36,1,0.402,sensor,0.3,freeze,63.84
3517,HIGH_ALTITUDE,18999.3,-20.3,0.924,0.774,5401.0,50.0,28.4,674.4,194.6,73.2,4.0,22.08,0.732,21.96,0.765,0.0,0.0,0.0,0.0,80.05,0,0.215,healthy,0.0,none,85.94
3518,HIGH_ALTITUDE,21036.1,-32.0,0.885,0.725,4612.4,41.5,19.9,623.5,181.9,63.3,3.47,27.32,3.019,40.3,0.588,0.0,0.0,0.0,0.773,38.27,1,0.743,mechanical,0.77,none,38.62
3519,LOITER,3916.0,3.5,0.425,0.41,2802.6,52.8,15.5,350.8,117.9,70.5,1.77,17.32,2.198,101.6,0.551,0.27,0.0,0.0,0.27,45.52,1,0.483,combustion,0.54,none,45.41
3520,HIGH_ALTITUDE,16133.4,-21.9,0.738,0.636,4340.7,43.4,19.7,564.7,167.4,65.4,3.25,23.48,2.454,54.19,0.589,0.217,0.0,0.0,0.217,48.83,1,0.398,combustion,0.43,none,45.77
3521,TRANSIT,7042.9,-0.3,0.674,0.633,4171.1,70.6,30.8,474.1,153.6,78.0,2.77,20.05,1.248,64.28,0.765,0.0,0.0,0.0,0.0,87.15,0,0.133,healthy,0.0,none,100.11
3522,ISR,7420.5,-0.8,0.664,0.622,4112.3,69.5,29.8,468.7,153.7,77.0,2.72,19.38,1.286,66.67,0.765,0.0,0.0,0.0,0.0,84.6,0,0.06,healthy,0.0,none,97.95
3523,DESERT_PATROL,5765.6,23.7,0.513,0.488,3359.6,53.6,18.9,430.5,150.1,86.9,1.95,20.35,1.148,69.81,0.638,0.473,0.0,0.0,0.0,55.85,1,0.378,injector,0.47,none,59.1
3524,HIGH_ALTITUDE,19024.1,-20.9,0.939,0.786,5395.8,44.9,25.3,691.7,206.5,72.3,3.93,26.2,1.294,13.7,0.674,0.108,0.0,0.0,0.108,61.95,0,0.228,combustion,0.22,none,62.36
3525,ISR,2759.4,7.9,0.642,0.627,4013.1,79.7,33.1,456.7,154.4,82.5,2.5,20.48,1.278,65.58,0.765,0.0,0.0,0.0,0.0,86.16,0,0.125,healthy,0.0,none,95.68
3526,HIGH_ALTITUDE,20139.2,-18.0,0.862,0.714,5101.4,46.7,24.7,622.0,186.2,71.5,3.76,20.49,0.803,33.68,0.765,0.0,0.0,0.0,0.0,83.78,0,0.239,healthy,0.0,none,91.0
3527,TRANSIT,11155.7,-5.5,0.532,0.481,3451.6,58.4,21.1,367.2,120.5,68.1,2.41,14.66,1.173,99.05,0.765,0.0,0.0,0.0,0.0,84.03,0,0.107,healthy,0.0,none,96.32
3528,HIGH_ALTITUDE,15853.2,-13.5,0.865,0.747,5136.7,54.8,29.5,626.7,192.7,76.1,3.61,21.97,0.788,25.67,0.765,0.0,0.301,0.0,0.0,62.69,1,0.256,cooling,0.3,none,62.08
3529,LOITER,6351.6,0.4,0.478,0.452,3188.2,67.0,22.5,337.0,124.8,70.6,2.14,14.06,1.02,94.65,0.765,0.0,0.649,0.0,0.0,54.42,1,0.653,cooling,0.65,none,53.79
3530,LOITER,3000.7,7.2,0.521,0.508,3414.0,75.7,27.0,365.6,127.7,77.1,2.21,16.39,1.15,92.58,0.765,0.0,0.0,0.0,0.0,81.41,0,0.043,healthy,0.0,none,87.83
3531,HIGH_ALTITUDE,23887.9,-30.7,0.75,0.596,4207.3,23.8,10.4,636.1,177.0,58.5,3.25,28.1,3.993,41.37,0.411,0.484,0.0,0.0,0.484,31.15,1,0.851,combustion,0.97,none,26.29
3532,TRANSIT,8649.9,-1.5,0.659,0.611,3860.0,43.8,17.8,522.8,167.8,76.4,2.57,33.07,3.393,52.43,0.475,0.381,0.0,0.0,0.381,35.0,1,0.731,combustion,0.76,none,31.63
3533,TRANSIT,11470.4,-6.1,0.505,0.455,3316.1,57.1,19.8,355.7,114.5,76.0,1.61,13.85,1.077,105.45,0.765,0.0,0.0,0.474,0.0,58.0,1,0.358,lubrication,0.47,none,55.4
3534,TRANSIT,6841.5,3.4,0.629,0.592,3756.5,47.5,18.5,520.8,166.9,78.1,2.42,26.65,3.165,52.14,0.497,0.348,0.0,0.0,0.348,37.34,1,0.536,combustion,0.7,none,28.81
3535,DESERT_PATROL,7641.5,21.2,0.588,0.55,3612.8,49.0,18.6,486.6,166.2,87.7,2.08,21.51,2.536,53.28,0.582,0.226,0.0,0.0,0.226,44.08,1,0.465,combustion,0.45,none,41.63
3536,DESERT_PATROL,3608.1,31.4,0.743,0.72,4052.4,64.5,27.2,569.2,196.0,101.2,2.09,29.13,3.034,23.25,0.602,0.0,0.0,0.0,0.709,29.11,1,0.594,mechanical,0.71,none,28.96
3537,HIGH_ALTITUDE,16150.9,-18.6,0.722,0.622,4405.6,53.6,24.9,510.0,152.4,67.4,3.26,18.37,1.128,66.65,0.765,0.0,0.0,0.0,0.0,84.08,0,0.161,healthy,0.0,none,97.09
3538,ISR,8190.2,0.0,0.699,0.65,4280.4,68.0,30.7,504.6,160.5,79.5,2.83,20.41,1.228,58.02,0.765,0.0,0.0,0.0,0.0,88.49,0,0.033,healthy,0.0,none,102.63
3539,HIGH_ALTITUDE,20490.4,-28.9,0.728,0.6,4435.2,46.8,21.9,502.8,145.7,59.6,3.56,17.32,1.132,73.19,0.765,0.0,0.0,0.0,0.0,80.52,0,0.177,healthy,0.0,none,89.15
3540,HIGH_ALTITUDE,15103.6,-14.3,0.879,0.765,5206.5,56.8,30.9,631.5,192.4,75.1,3.72,22.33,0.769,28.16,0.765,0.0,0.0,0.0,0.0,56.4,1,0.519,sensor,0.58,drift,53.95
3541,ISR,9340.0,-1.1,0.658,0.605,4091.6,64.5,27.5,473.7,152.3,76.7,2.75,18.95,1.3,67.73,0.765,0.0,0.0,0.0,0.0,87.04,0,0.085,healthy,0.0,none,103.6
3542,HIGH_ALTITUDE,21503.1,-24.2,0.839,0.685,5005.5,45.0,23.7,602.8,184.6,67.0,3.83,19.58,0.818,34.51,0.765,0.0,0.53,0.0,0.0,56.51,1,0.491,cooling,0.53,none,54.47
3543,TRANSIT,11065.3,-8.8,0.838,0.759,4981.2,64.8,33.9,596.4,188.1,79.1,3.39,23.06,0.864,33.68,0.765,0.0,0.0,0.0,0.0,84.85,0,0.069,healthy,0.0,none,95.64
3544,LOITER,5621.5,5.0,0.47,0.447,3156.9,67.5,22.3,323.7,116.0,72.8,2.01,14.29,1.034,105.05,0.765,0.0,0.0,0.0,0.0,82.46,0,0.05,healthy,0.0,none,94.09
3545,TRANSIT,9971.0,-4.3,0.804,0.736,4135.2,54.9,23.7,582.7,184.2,80.5,2.65,31.77,3.703,37.81,0.543,0.0,0.0,0.0,0.966,30.72,1,0.924,mechanical,0.97,none,26.79
3546,TRANSIT,5941.6,4.2,0.566,0.537,3636.1,69.9,26.9,398.2,135.7,76.8,2.36,17.05,1.267,84.4,0.765,0.0,0.0,0.0,0.0,86.62,0,0.066,healthy,0.0,none,93.55
3547,LOITER,6728.2,2.6,0.466,0.439,3131.2,65.1,21.3,328.5,112.3,70.8,2.01,13.76,0.961,107.79,0.765,0.0,0.0,0.0,0.0,57.41,1,0.759,sensor,0.8,spike,58.06
3548,TRANSIT,12124.5,-6.2,0.552,0.495,3557.6,56.9,21.2,391.3,124.1,83.6,1.36,14.94,1.234,94.95,0.765,0.0,0.0,0.735,0.0,52.38,1,0.645,lubrication,0.73,none,56.75
3549,ISR,9748.4,-7.8,0.543,0.498,3495.7,41.0,15.2,455.6,138.5,68.0,2.46,28.3,1.256,78.4,0.501,0.984,0.0,0.0,0.0,45.51,1,0.871,injector,0.98,none,42.68
3550,TRANSIT,5293.9,9.5,0.584,0.558,3744.5,70.7,27.6,418.4,141.9,81.6,2.35,17.37,1.24,76.16,0.765,0.0,0.0,0.0,0.0,83.42,0,0.027,healthy,0.0,none,104.46
3551,HIGH_ALTITUDE,19571.8,-22.5,0.872,0.726,5150.0,48.8,26.1,631.1,187.4,69.2,3.87,21.11,0.757,35.42,0.765,0.0,0.0,0.0,0.0,74.6,0,0.035,healthy,0.0,none,81.93
3552,DESERT_PATROL,11252.2,15.5,0.832,0.752,4834.8,48.5,24.5,662.5,216.2,93.5,2.88,27.58,1.966,4.98,0.613,0.186,0.0,0.0,0.186,37.01,1,0.32,combustion,0.37,none,38.04
3553,DESERT_PATROL,2695.1,34.1,0.726,0.709,4409.5,74.8,34.8,559.4,194.4,102.1,2.29,22.56,1.158,25.09,0.765,0.0,0.0,0.0,0.0,50.81,1,0.304,sensor,0.46,drift,53.4
3554,DESERT_PATROL,15542.2,3.2,0.527,0.457,3444.9,47.4,17.0,384.1,126.6,72.9,2.28,13.63,1.186,92.04,0.765,0.0,0.0,0.0,0.0,84.54,0,0.229,healthy,0.0,none,91.84
3555,TRANSIT,6237.0,5.4,0.847,0.802,5064.2,63.1,33.3,647.5,206.6,90.1,3.09,32.33,0.812,12.5,0.65,0.43,0.0,0.0,0.0,44.68,1,0.404,injector,0.43,none,44.8
3556,LOITER,5563.9,2.5,0.536,0.511,3477.2,70.4,25.8,376.3,128.0,74.5,2.3,16.02,1.183,92.62,0.765,0.0,0.0,0.0,0.0,77.72,0,0.08,healthy,0.0,none,89.89
3557,TRANSIT,4407.8,2.5,0.607,0.584,3816.9,75.6,30.4,429.3,141.8,78.2,2.54,18.18,1.278,77.37,0.765,0.0,0.0,0.0,0.0,84.08,0,0.212,healthy,0.0,none,95.38
3558,LOITER,4733.1,6.3,0.52,0.499,3410.6,71.2,25.4,370.5,126.4,75.8,2.15,15.75,1.136,93.12,0.765,0.0,0.0,0.0,0.0,86.35,0,0.238,healthy,0.0,none,97.18
3559,ISR,4419.9,0.4,0.503,0.484,3309.3,73.0,25.2,346.6,117.5,71.8,2.17,15.48,1.133,101.95,0.765,0.0,0.0,0.0,0.0,59.92,1,0.409,sensor,0.45,noise,61.59
3560,TRANSIT,9672.6,-2.2,0.63,0.578,3958.6,63.4,26.3,448.7,146.8,74.6,2.68,17.8,1.301,74.75,0.765,0.0,0.0,0.0,0.0,85.13,0,0.027,healthy,0.0,none,99.87
3561,LOITER,6570.3,-1.0,0.483,0.456,3208.5,52.6,17.7,382.9,125.1,69.8,2.16,20.38,1.057,94.26,0.601,0.613,0.0,0.0,0.0,53.76,1,0.529,injector,0.61,none,55.14
3562,HIGH_ALTITUDE,17587.0,-10.2,0.915,0.777,5394.7,50.9,28.7,670.7,204.1,78.8,3.73,22.44,0.698,15.93,0.765,0.0,0.0,0.0,0.0,78.93,0,0.069,healthy,0.0,none,87.34
3563,LOITER,4392.2,7.4,0.411,0.396,2848.6,67.6,20.0,290.3,118.2,72.5,1.8,12.5,0.843,104.11,0.765,0.0,0.644,0.0,0.0,56.45,1,0.468,cooling,0.64,none,57.51
3564,LOITER,3475.7,6.9,0.524,0.509,3407.4,60.9,21.8,415.7,139.4,76.8,2.16,17.75,1.152,81.04,0.624,0.525,0.0,0.0,0.0,54.57,1,0.457,injector,0.52,none,58.8
3565,HIGH_ALTITUDE,15049.1,-17.4,0.746,0.65,4521.9,56.1,26.7,530.4,161.2,68.9,3.32,19.24,1.115,60.57,0.765,0.0,0.0,0.0,0.0,89.2,0,0.222,healthy,0.0,none,108.74
3566,TRANSIT,13208.9,-13.5,0.584,0.518,3716.2,56.7,22.1,404.7,126.3,65.0,2.69,15.51,1.256,93.78,0.765,0.0,0.0,0.0,0.0,87.59,0,0.114,healthy,0.0,none,99.96
3567,TRANSIT,2346.2,13.4,0.661,0.648,3525.0,66.9,24.7,482.5,162.6,88.0,2.07,28.72,3.614,56.95,0.552,0.0,0.0,0.0,0.928,35.99,1,0.844,mechanical,0.93,none,32.56
3568,HIGH_ALTITUDE,21824.0,-29.9,0.725,0.589,4426.8,44.3,20.6,503.2,145.5,58.6,3.47,16.63,1.172,74.52,0.765,0.0,0.0,0.0,0.0,61.39,1,0.655,sensor,0.76,drift,56.46
3569,DESERT_PATROL,13373.3,9.3,0.624,0.553,3939.5,52.5,21.5,466.8,154.1,80.3,2.55,16.74,1.33,65.47,0.765,0.0,0.0,0.0,0.0,69.65,0,0.161,healthy,0.0,none,72.37
3570,TRANSIT,5241.0,4.1,0.846,0.808,4760.0,52.7,26.5,682.8,217.9,89.5,2.92,42.03,3.013,3.82,0.493,0.354,0.0,0.0,0.354,19.19,1,0.673,combustion,0.71,none,15.39
3571,TRANSIT,15583.4,-14.6,0.521,0.451,3423.3,50.5,17.9,358.1,110.9,61.1,2.44,13.38,1.14,108.42,0.765,0.0,0.0,0.0,0.0,88.66,0,0.021,healthy,0.0,none,104.24
3572,TRANSIT,8268.2,-0.1,0.815,0.757,4888.5,69.6,35.8,583.7,186.7,83.8,3.19,23.51,0.909,32.38,0.765,0.0,0.0,0.0,0.0,76.16,0,0.228,healthy,0.0,none,87.18
3573,LOITER,4434.4,6.2,0.553,0.532,3571.2,73.0,27.3,395.5,132.8,77.8,2.28,17.04,1.215,86.04,0.765,0.0,0.0,0.0,0.0,75.53,0,0.07,healthy,0.0,none,79.92
3574,LOITER,5413.4,5.9,0.51,0.487,3371.1,69.2,24.2,368.2,125.7,75.7,2.14,15.48,1.105,95.38,0.765,0.0,0.0,0.0,0.0,84.97,0,0.234,healthy,0.0,none,99.79
3575,TRANSIT,3578.3,13.5,0.802,0.778,4820.0,79.0,39.6,585.5,195.0,93.1,2.77,24.62,0.952,25.46,0.765,0.0,0.0,0.0,0.0,76.06,0,0.245,healthy,0.0,none,84.81
3576,ISR,3587.6,9.5,0.543,0.526,3500.1,74.2,27.1,387.0,134.2,98.1,1.0,16.72,1.21,85.8,0.765,0.0,0.0,0.915,0.0,49.48,1,0.845,lubrication,0.92,none,46.98
3577,TRANSIT,13282.9,-14.0,0.6,0.532,3668.8,44.7,17.1,472.5,143.9,65.6,2.63,20.05,2.45,76.95,0.58,0.23,0.0,0.0,0.23,45.03,1,0.481,combustion,0.46,none,35.07
3578,ISR,9644.8,-7.8,0.614,0.563,3887.7,64.5,25.9,424.8,137.0,70.1,2.67,17.38,1.285,83.06,0.765,0.0,0.0,0.0,0.0,84.03,0,0.139,healthy,0.0,none,96.55
3579,DESERT_PATROL,3467.0,30.7,0.767,0.744,4632.1,74.2,36.2,575.8,201.4,101.8,2.46,23.73,1.054,18.81,0.765,0.0,0.0,0.0,0.0,69.4,0,0.167,healthy,0.0,none,76.73
3580,TRANSIT,5853.8,-0.2,0.552,0.524,3315.4,41.6,14.4,469.8,150.8,73.3,2.14,27.31,3.613,69.16,0.417,0.474,0.0,0.0,0.474,31.12,1,0.892,combustion,0.95,none,19.37
3581,HIGH_ALTITUDE,24896.8,-36.4,0.879,0.691,5192.6,41.2,22.5,621.4,174.8,59.1,4.24,19.33,0.752,44.61,0.765,0.0,0.0,0.0,0.0,94.21,0,0.038,healthy,0.0,none,107.43
3582,ISR,9727.7,-0.9,0.754,0.691,4563.4,65.1,31.1,546.3,174.9,80.9,3.05,21.19,1.049,46.25,0.765,0.0,0.0,0.0,0.0,81.67,0,0.084,healthy,0.0,none,87.61
3583,LOITER,5739.7,0.3,0.517,0.491,3392.1,69.9,24.8,359.7,120.5,72.0,2.22,15.27,1.128,98.7,0.765,0.0,0.0,0.0,0.0,85.08,0,0.21,healthy,0.0,none,96.62
3584,HIGH_ALTITUDE,21484.6,-31.0,0.935,0.763,5470.0,47.1,27.0,658.2,191.2,65.6,4.31,21.75,0.745,28.01,0.765,0.0,0.0,0.0,0.0,86.68,0,0.162,healthy,0.0,none,104.77
3585,DESERT_PATROL,3251.1,28.8,0.709,0.69,3693.0,61.2,23.6,534.7,189.0,98.8,1.89,31.27,3.752,33.01,0.536,0.0,0.0,0.0,0.997,27.91,1,0.931,mechanical,1.0,none,26.21
3586,LOITER,3335.2,4.2,0.515,0.5,3374.3,75.3,26.7,356.0,140.2,75.3,2.19,15.99,1.168,79.91,0.765,0.0,0.802,0.0,0.0,52.36,1,0.657,cooling,0.8,none,48.49
3587,TRANSIT,12755.1,-11.2,0.84,0.748,4606.5,56.1,27.1,606.7,185.2,77.6,3.21,26.75,2.359,34.8,0.647,0.0,0.0,0.0,0.513,44.55,1,0.419,mechanical,0.51,none,39.28
3588,HIGH_ALTITUDE,19118.6,-27.8,0.946,0.791,5038.4,46.3,24.2,673.3,194.4,68.9,3.8,28.33,2.37,23.35,0.626,0.0,0.0,0.0,0.606,41.15,1,0.494,mechanical,0.61,none,35.55
3589,TRANSIT,2077.8,10.9,0.552,0.542,3390.7,54.0,19.0,458.1,155.0,80.7,2.07,28.34,3.008,66.13,0.501,0.342,0.0,0.0,0.342,36.27,1,0.654,combustion,0.68,none,28.76
3590,TRANSIT,11711.1,-11.4,0.785,0.707,4716.9,63.2,31.5,548.8,170.5,74.9,3.3,21.58,0.987,47.54,0.765,0.0,0.0,0.0,0.0,91.66,0,0.068,healthy,0.0,none,107.65
3591,TRANSIT,14707.6,-12.1,0.643,0.562,4026.0,54.2,22.7,448.5,139.3,67.7,2.85,16.57,1.306,79.19,0.765,0.0,0.0,0.0,0.0,77.42,0,0.105,healthy,0.0,none,83.01
3592,DESERT_PATROL,4952.0,23.3,0.531,0.508,3458.4,66.9,24.0,395.5,144.2,86.3,1.99,15.86,1.19,76.37,0.765,0.0,0.0,0.0,0.0,84.98,0,0.116,healthy,0.0,none,97.09
3593,ISR,7729.6,1.1,0.666,0.622,4115.6,68.3,29.4,475.4,155.3,79.0,2.72,19.52,1.285,64.54,0.765,0.0,0.0,0.0,0.0,78.02,0,0.194,healthy,0.0,none,89.83
3594,ISR,14516.3,-11.7,0.813,0.712,4885.7,56.9,29.2,586.9,180.1,75.3,3.45,21.29,0.911,40.91,0.765,0.0,0.0,0.0,0.0,56.7,1,0.879,sensor,0.92,drift,51.72
3595,LOITER,5765.4,-1.0,0.49,0.465,3250.0,69.3,23.4,334.9,124.4,71.0,2.17,14.65,1.065,94.32,0.765,0.0,0.616,0.0,0.0,54.57,1,0.625,cooling,0.62,none,52.78
3596,DESERT_PATROL,11801.5,7.3,0.719,0.646,4389.3,49.2,22.6,567.8,183.0,84.1,2.81,20.67,1.225,37.63,0.651,0.425,0.0,0.0,0.0,51.99,1,0.39,injector,0.43,none,49.21
3597,ISR,10941.2,-4.7,0.833,0.755,4967.1,64.1,33.3,600.2,188.6,91.6,2.18,23.53,0.866,31.46,0.765,0.0,0.0,0.52,0.0,50.12,1,0.434,lubrication,0.52,none,41.07
3598,LOITER,3947.1,10.9,0.523,0.505,3403.0,72.2,26.0,379.8,148.2,79.4,2.13,15.81,1.122,71.25,0.765,0.0,0.837,0.0,0.0,51.96,1,0.71,cooling,0.84,none,49.69
3599,DESERT_PATROL,9743.5,12.0,0.648,0.593,4062.0,60.4,25.8,485.1,160.8,83.8,2.56,18.57,1.285,58.9,0.765,0.0,0.0,0.0,0.0,85.03,0,0.181,healthy,0.0,none,100.54
3600,ISR,14877.7,-15.2,0.519,0.453,3405.8,52.0,18.4,354.1,109.9,60.9,2.43,13.68,1.145,109.56,0.765,0.0,0.0,0.0,0.0,87.41,0,0.139,healthy,0.0,none,97.38
3601,DESERT_PATROL,13595.3,10.0,0.552,0.488,3555.1,50.6,18.7,409.0,141.1,77.4,2.27,14.57,1.204,80.95,0.765,0.0,0.0,0.0,0.0,83.67,0,0.024,healthy,0.0,none,93.07
3602,LOITER,6272.4,3.5,0.422,0.399,2634.8,57.8,15.9,297.8,103.2,70.0,1.61,15.58,2.321,116.72,0.624,0.0,0.0,0.0,0.616,44.94,1,0.647,mechanical,0.62,none,43.22
3603,LOITER,7694.2,-0.7,0.58,0.542,3680.7,66.9,25.9,413.5,135.8,74.3,2.47,17.0,1.296,85.06,0.765,0.0,0.0,0.0,0.0,83.2,0,0.212,healthy,0.0,none,92.66
3604,HIGH_ALTITUDE,24986.1,-33.5,0.808,0.635,4705.1,32.6,15.9,601.9,170.1,58.4,3.74,23.43,2.034,49.39,0.604,0.197,0.0,0.0,0.197,56.78,1,0.28,combustion,0.39,none,56.49
3605,ISR,6804.9,-1.1,0.623,0.587,3913.7,70.3,28.7,440.7,142.8,76.1,2.65,18.45,1.329,76.12,0.765,0.0,0.0,0.0,0.0,55.92,1,0.727,sensor,0.71,freeze,57.67
3606,HIGH_ALTITUDE,24202.4,-38.6,0.8,0.634,4805.1,42.2,21.4,550.5,154.4,55.7,3.85,17.84,0.936,64.62,0.765,0.0,0.0,0.0,0.0,92.23,0,0.215,healthy,0.0,none,100.87
3607,HIGH_ALTITUDE,21783.2,-25.5,0.753,0.613,4581.2,43.9,21.1,526.6,155.8,62.4,3.62,17.37,1.09,64.34,0.765,0.0,0.0,0.0,0.0,60.56,1,0.864,sensor,0.94,drift,57.64
3608,ISR,14941.5,-17.9,0.76,0.663,4569.4,56.6,27.2,529.3,163.2,69.7,3.35,19.53,1.1,57.85,0.765,0.0,0.0,0.0,0.0,89.6,0,0.093,healthy,0.0,none,100.71
3609,HIGH_ALTITUDE,15127.9,-19.0,0.819,0.713,4743.6,44.7,22.1,639.4,187.1,70.2,3.48,29.5,2.242,30.61,0.577,0.234,0.0,0.0,0.234,43.69,1,0.362,combustion,0.47,none,45.56
3610,HIGH_ALTITUDE,21678.0,-29.0,0.827,0.673,4958.6,45.5,23.4,581.3,168.6,62.8,3.93,19.38,0.874,50.63,0.765,0.0,0.0,0.0,0.0,94.7,0,0.077,healthy,0.0,none,117.31
3611,TRANSIT,2354.9,4.0,0.561,0.55,3623.7,79.7,30.2,388.9,133.1,77.6,2.33,17.65,1.245,86.68,0.765,0.0,0.0,0.0,0.0,80.46,0,0.17,healthy,0.0,none,91.9
3612,ISR,3276.2,8.2,0.66,0.642,4103.3,78.6,33.6,474.4,158.3,92.7,1.78,20.4,1.304,61.19,0.765,0.0,0.0,0.463,0.0,55.71,1,0.424,lubrication,0.46,none,55.92
3613,TRANSIT,13368.7,-14.8,0.707,0.626,3787.9,50.4,20.1,491.9,153.9,69.2,2.64,24.92,3.394,67.52,0.574,0.0,0.0,0.0,0.833,38.19,1,0.743,mechanical,0.83,none,37.86
3614,LOITER,6025.0,4.8,0.522,0.495,3407.8,68.2,24.4,370.8,126.5,75.2,2.18,15.77,1.154,93.63,0.765,0.0,0.0,0.0,0.0,81.89,0,0.2,healthy,0.0,none,94.1
3615,LOITER,6568.5,5.9,0.408,0.385,2629.2,36.5,10.1,391.3,130.8,71.4,1.61,24.38,3.232,91.25,0.415,0.479,0.0,0.0,0.479,31.43,1,0.851,combustion,0.96,none,26.56
3616,ISR,10283.4,-5.1,0.507,0.462,3329.5,59.7,21.0,351.8,138.9,67.4,2.29,14.15,1.092,81.73,0.765,0.0,0.986,0.0,0.0,48.66,1,0.973,cooling,0.99,none,46.3
3617,LOITER,7968.8,1.3,0.554,0.516,3576.3,50.2,18.8,440.6,143.8,74.5,2.37,23.56,1.251,75.51,0.591,0.651,0.0,0.0,0.0,51.34,1,0.592,injector,0.65,none,44.34
3618,TRANSIT,8685.4,-1.2,0.702,0.65,4323.2,67.1,30.0,494.7,161.0,78.5,2.89,20.08,1.172,58.24,0.765,0.0,0.0,0.0,0.0,79.31,0,0.148,healthy,0.0,none,80.99
3619,HIGH_ALTITUDE,18731.3,-18.9,0.774,0.65,4656.5,42.8,21.0,572.7,172.9,68.3,3.48,20.22,1.018,47.27,0.669,0.357,0.0,0.0,0.0,65.62,1,0.282,injector,0.36,none,73.0
3620,TRANSIT,5209.1,3.7,0.683,0.653,4215.3,74.8,32.8,487.7,160.3,81.8,2.74,20.73,1.245,59.28,0.765,0.0,0.0,0.0,0.0,87.13,0,0.172,healthy,0.0,none,104.53
3621,LOITER,3141.8,10.9,0.473,0.46,3163.3,72.6,24.0,340.2,120.1,96.9,0.85,14.57,0.991,99.97,0.765,0.0,0.0,0.945,0.0,51.47,1,0.786,lubrication,0.95,none,49.33
3622,ISR,10668.9,-10.5,0.611,0.555,3839.3,62.5,25.3,420.2,134.6,69.0,2.69,16.73,1.276,85.81,0.765,0.0,0.0,0.0,0.0,82.72,0,0.231,healthy,0.0,none,100.21
3623,TRANSIT,10151.6,-7.5,0.781,0.713,4340.7,60.7,27.6,557.9,174.5,77.5,2.88,25.61,2.551,45.65,0.65,0.0,0.0,0.0,0.502,45.21,1,0.507,mechanical,0.5,none,42.23
3624,HIGH_ALTITUDE,21351.4,-25.0,0.753,0.615,4568.4,35.2,16.8,581.3,169.3,62.5,3.58,19.7,1.076,51.44,0.604,0.603,0.0,0.0,0.0,58.93,1,0.479,injector,0.6,none,61.2
3625,ISR,8564.7,-9.1,0.771,0.715,4635.5,58.6,28.9,581.2,180.4,76.5,3.19,24.29,1.044,39.57,0.636,0.483,0.0,0.0,0.0,54.99,1,0.416,injector,0.48,none,54.88
3626,HIGH_ALTITUDE,15386.6,-18.6,0.795,0.69,4776.0,56.2,28.1,561.4,170.6,70.4,3.52,20.29,0.949,50.49,0.765,0.0,0.0,0.0,0.0,89.23,0,0.059,healthy,0.0,none,104.44
3627,ISR,1221.0,10.9,0.614,0.607,3852.7,82.7,33.5,434.7,162.1,83.3,2.36,19.88,1.292,58.77,0.765,0.0,0.597,0.0,0.0,53.81,1,0.542,cooling,0.6,none,50.92
3628,TRANSIT,14736.3,-12.9,0.848,0.741,4758.9,39.0,19.5,674.9,201.8,75.9,3.33,36.5,2.851,18.48,0.495,0.351,0.0,0.0,0.351,29.19,1,0.557,combustion,0.7,none,26.51
3629,HIGH_ALTITUDE,21079.9,-26.1,0.911,0.747,4782.4,41.1,20.6,654.7,191.5,67.6,3.57,27.1,2.796,29.39,0.6,0.0,0.0,0.0,0.718,37.17,1,0.648,mechanical,0.72,none,34.02
3630,ISR,14185.5,-12.7,0.754,0.662,4066.6,49.9,21.0,526.8,164.4,72.0,2.83,25.69,3.171,54.92,0.592,0.0,0.0,0.0,0.752,40.24,1,0.666,mechanical,0.75,none,37.91
3631,ISR,8050.8,3.8,0.626,0.583,3933.4,66.0,27.0,445.3,148.7,78.7,2.6,17.98,1.321,70.97,0.765,0.0,0.0,0.0,0.0,74.8,0,0.16,healthy,0.0,none,81.76
3632,TRANSIT,9371.4,-7.3,0.686,0.631,4239.9,54.6,24.1,524.4,163.6,74.2,2.93,26.2,1.238,56.03,0.627,0.514,0.0,0.0,0.0,55.74,1,0.47,injector,0.51,none,56.91
3633,TRANSIT,9957.1,-5.2,0.531,0.486,3109.3,54.0,17.5,375.3,120.4,68.5,2.04,19.02,2.708,99.17,0.606,0.0,0.0,0.0,0.694,42.4,1,0.563,mechanical,0.69,none,36.62
3634,TRANSIT,2456.6,10.6,0.7,0.685,4283.5,64.0,28.6,552.4,181.2,87.2,2.56,24.42,1.219,38.15,0.604,0.603,0.0,0.0,0.0,47.35,1,0.61,injector,0.6,none,47.15
3635,TRANSIT,6940.6,-0.3,0.583,0.549,3643.9,59.3,22.6,437.2,143.0,74.4,2.37,19.97,2.034,76.73,0.645,0.144,0.0,0.0,0.144,58.52,0,0.344,combustion,0.29,none,66.93
3636,LOITER,6678.9,3.3,0.458,0.432,3097.7,58.7,19.0,347.3,116.7,71.5,1.99,14.23,0.953,103.38,0.693,0.267,0.0,0.0,0.0,68.19,0,0.335,injector,0.27,none,68.08
3637,DESERT_PATROL,4376.2,26.2,0.768,0.74,4641.8,72.9,35.3,583.3,201.2,117.6,1.06,23.38,1.063,21.84,0.765,0.0,0.0,0.935,0.0,39.83,1,0.782,lubrication,0.94,none,32.73
3638,TRANSIT,13668.1,-8.0,0.517,0.457,3369.3,53.0,18.7,367.2,116.9,81.8,1.23,13.6,1.134,103.92,0.765,0.0,0.0,0.826,0.0,51.62,1,0.742,lubrication,0.83,none,46.21
3639,ISR,3616.9,9.0,0.511,0.496,2925.3,62.4,19.3,368.3,129.1,77.5,1.7,21.44,2.984,93.03,0.568,0.0,0.0,0.0,0.857,36.99,1,0.798,mechanical,0.86,none,40.57
3640,HIGH_ALTITUDE,22808.6,-32.5,0.75,0.603,4537.2,43.2,20.4,513.9,149.7,57.5,3.65,17.01,1.128,70.96,0.765,0.0,0.0,0.0,0.0,90.73,0,0.085,healthy,0.0,none,103.06
3641,LOITER,4759.2,7.2,0.551,0.529,3551.5,51.5,19.2,458.3,150.3,77.7,2.28,19.63,1.195,68.61,0.548,0.81,0.0,0.0,0.0,48.86,1,0.738,injector,0.81,none,50.83
3642,ISR,10258.3,-7.7,0.609,0.556,3844.3,62.8,25.3,429.4,135.1,70.6,2.68,16.93,1.349,83.93,0.765,0.0,0.0,0.0,0.0,83.12,0,0.186,healthy,0.0,none,91.17
3643,DESERT_PATROL,9107.2,11.2,0.818,0.754,4891.9,64.8,33.1,601.2,196.5,90.5,2.95,23.15,0.917,21.87,0.765,0.0,0.0,0.0,0.0,72.14,0,0.226,healthy,0.0,none,78.79
3644,DESERT_PATROL,12902.3,5.5,0.821,0.73,4888.4,57.0,29.5,601.2,196.5,86.2,3.14,22.2,0.881,24.92,0.765,0.0,0.0,0.0,0.0,79.31,0,0.174,healthy,0.0,none,90.6
3645,HIGH_ALTITUDE,15100.6,-16.6,0.827,0.72,4918.9,56.8,29.6,588.4,178.5,72.5,3.61,21.42,0.876,41.66,0.765,0.0,0.0,0.0,0.0,62.51,1,0.398,sensor,0.51,noise,64.44
3646,TRANSIT,11658.8,-7.8,0.635,0.572,3980.9,60.0,24.9,442.2,145.7,70.5,2.76,17.29,1.353,77.98,0.765,0.0,0.0,0.0,0.0,86.39,0,0.05,healthy,0.0,none,101.79
3647,LOITER,5910.8,1.4,0.56,0.532,3593.9,70.5,26.4,391.5,132.3,74.5,2.38,16.84,1.285,88.22,0.765,0.0,0.0,0.0,0.0,85.36,0,0.118,healthy,0.0,none,94.93
3648,DESERT_PATROL,6619.1,19.4,0.549,0.518,3543.7,64.1,23.8,411.8,147.4,84.9,2.06,16.22,1.214,75.18,0.765,0.0,0.0,0.0,0.0,81.11,0,0.141,healthy,0.0,none,89.53
3649,DESERT_PATROL,13861.0,13.0,0.846,0.745,5010.0,53.7,28.1,649.2,207.8,91.3,3.11,22.18,0.832,12.71,0.765,0.0,0.0,0.0,0.0,67.68,0,0.066,healthy,0.0,none,69.28
3650,LOITER,7230.5,2.3,0.483,0.453,3162.4,56.9,19.0,367.2,121.3,71.0,2.05,16.03,1.712,98.78,0.662,0.122,0.0,0.0,0.122,65.13,0,0.229,combustion,0.24,none,71.96
3651,DESERT_PATROL,11758.3,10.2,0.563,0.506,3612.2,54.6,20.7,414.8,140.1,85.7,1.77,15.2,1.22,78.81,0.765,0.0,0.0,0.354,0.0,61.65,1,0.33,lubrication,0.35,none,63.99
3652,TRANSIT,2728.8,9.6,0.704,0.688,4326.6,80.7,36.5,502.6,169.8,86.4,2.61,22.28,1.194,50.51,0.765,0.0,0.0,0.0,0.0,85.5,0,0.164,healthy,0.0,none,99.76
3653,HIGH_ALTITUDE,24157.7,-33.1,0.867,0.687,5143.6,41.9,22.6,612.1,175.9,60.9,4.12,19.31,0.799,44.72,0.765,0.0,0.0,0.0,0.0,63.54,1,0.641,sensor,0.67,noise,63.7
3654,HIGH_ALTITUDE,19902.0,-25.8,0.801,0.665,4301.4,42.4,19.2,562.1,163.6,63.8,3.24,24.3,2.968,54.11,0.603,0.0,0.0,0.0,0.706,42.84,1,0.637,mechanical,0.71,none,42.32
3655,LOITER,7885.5,2.1,0.416,0.388,2866.8,60.6,18.3,289.7,100.5,68.7,1.84,11.86,0.806,119.02,0.765,0.0,0.0,0.0,0.0,87.23,0,0.092,healthy,0.0,none,104.24
3656,ISR,9771.8,0.7,0.848,0.777,5008.6,66.0,35.0,617.8,198.1,85.3,3.25,23.95,0.78,24.04,0.765,0.0,0.0,0.0,0.0,80.95,0,0.138,healthy,0.0,none,97.75
3657,LOITER,5795.4,0.1,0.52,0.494,3419.7,69.9,24.9,362.3,120.9,91.9,0.99,15.7,1.134,98.1,0.765,0.0,0.0,0.947,0.0,50.3,1,0.801,lubrication,0.95,none,45.22
3658,LOITER,3350.3,6.7,0.495,0.481,3276.1,73.9,25.3,349.6,130.6,75.9,2.03,15.4,1.088,91.47,0.765,0.0,0.421,0.0,0.0,57.55,1,0.427,cooling,0.42,none,54.08
3659,HIGH_ALTITUDE,15878.6,-13.4,0.806,0.696,4839.2,54.1,27.4,571.8,177.2,72.9,3.44,20.75,0.939,43.49,0.765,0.0,0.0,0.0,0.0,86.04,0,0.114,healthy,0.0,none,97.04
3660,HIGH_ALTITUDE,24634.5,-37.3,0.815,0.643,4875.1,41.4,21.0,561.3,158.3,56.7,3.97,18.03,0.909,60.0,0.765,0.0,0.0,0.0,0.0,91.26,0,0.08,healthy,0.0,none,103.45
3661,HIGH_ALTITUDE,21031.9,-26.5,0.849,0.696,4314.8,38.5,17.3,603.8,177.4,65.9,3.19,27.76,3.653,43.84,0.542,0.0,0.0,0.0,0.97,35.73,1,0.897,mechanical,0.97,none,34.8
3662,DESERT_PATROL,10210.9,18.3,0.784,0.715,4735.3,60.1,29.9,586.3,196.7,92.4,2.77,22.14,1.021,23.24,0.765,0.0,0.0,0.0,0.0,76.75,0,0.243,healthy,0.0,none,84.06
3663,HIGH_ALTITUDE,18515.7,-19.5,0.948,0.797,5556.9,51.0,29.6,683.7,203.2,74.3,4.07,22.93,0.686,16.19,0.765,0.0,0.0,0.0,0.0,78.67,0,0.048,healthy,0.0,none,83.12
3664,ISR,2514.3,6.5,0.725,0.71,4410.8,82.7,38.2,514.8,190.6,86.2,2.77,22.88,1.21,30.68,0.765,0.0,0.848,0.0,0.0,44.17,1,0.762,cooling,0.85,none,40.57
3665,HIGH_ALTITUDE,15230.2,-19.7,0.915,0.796,5365.2,58.1,32.5,642.9,197.0,73.9,3.93,23.58,0.727,24.58,0.765,0.0,0.0,0.0,0.0,82.95,0,0.107,healthy,0.0,none,90.85
3666,TRANSIT,15573.1,-19.3,0.828,0.717,4952.0,56.3,29.0,576.1,175.7,71.1,3.69,21.38,0.862,43.67,0.765,0.0,0.0,0.0,0.0,91.31,0,0.095,healthy,0.0,none,108.62
3667,DESERT_PATROL,13897.2,4.4,0.69,0.608,4245.6,53.4,23.7,507.2,164.9,80.3,2.83,18.37,1.239,54.79,0.765,0.0,0.0,0.0,0.0,59.38,1,0.527,sensor,0.62,spike,61.26
3668,DESERT_PATROL,8255.3,19.3,0.703,0.653,4336.8,63.4,28.6,532.9,179.5,90.8,2.55,20.48,1.22,40.79,0.765,0.0,0.0,0.0,0.0,74.96,0,0.241,healthy,0.0,none,87.98
3669,ISR,6622.2,3.9,0.847,0.799,5076.6,73.5,38.6,607.5,196.2,88.4,3.14,25.29,0.836,22.48,0.765,0.0,0.0,0.0,0.0,48.5,1,0.827,sensor,0.97,drift,47.02
3670,LOITER,5821.9,3.9,0.559,0.531,3586.4,70.1,26.2,399.9,154.1,76.1,2.34,16.6,1.218,66.36,0.765,0.0,0.908,0.0,0.0,50.35,1,0.757,cooling,0.91,none,47.99
3671,LOITER,3846.4,9.1,0.44,0.425,2999.4,69.8,21.9,311.3,111.7,75.0,1.84,13.53,0.924,108.62,0.765,0.0,0.0,0.0,0.0,82.24,0,0.045,healthy,0.0,none,91.86
3672,TRANSIT,7947.7,-2.5,0.746,0.695,4182.8,39.9,17.6,623.1,194.2,80.4,2.73,44.55,4.013,25.66,0.403,0.499,0.0,0.0,0.499,20.79,1,1.0,combustion,1.0,none,20.69
3673,ISR,5260.3,3.0,0.796,0.76,4774.2,76.9,38.6,568.3,185.7,85.9,2.98,23.93,0.958,35.08,0.765,0.0,0.0,0.0,0.0,75.09,0,0.172,healthy,0.0,none,79.35
3674,HIGH_ALTITUDE,20236.9,-26.5,0.915,0.756,5370.0,48.6,27.2,650.2,189.9,68.1,4.13,21.53,0.713,29.07,0.765,0.0,0.0,0.0,0.0,60.04,1,0.365,sensor,0.46,drift,61.55
3675,TRANSIT,5315.0,3.5,0.545,0.52,3540.7,64.8,24.0,400.6,135.0,75.5,2.32,19.27,1.199,84.52,0.697,0.253,0.0,0.0,0.0,69.9,0,0.116,injector,0.25,none,76.72
3676,DESERT_PATROL,12563.5,13.4,0.724,0.646,4420.8,55.0,25.3,545.6,178.2,87.1,2.73,19.4,1.175,39.84,0.765,0.0,0.0,0.0,0.0,81.14,0,0.18,healthy,0.0,none,97.11
3677,TRANSIT,9010.8,-5.7,0.672,0.621,3605.9,56.2,21.1,473.1,150.5,74.0,2.38,26.62,3.517,68.51,0.555,0.0,0.0,0.0,0.914,35.98,1,0.854,mechanical,0.91,none,28.33
3678,TRANSIT,15686.2,-18.1,0.662,0.573,3873.7,35.8,14.5,532.6,161.6,64.4,2.79,28.93,3.306,60.17,0.483,0.37,0.0,0.0,0.37,35.91,1,0.761,combustion,0.74,none,35.29
3679,LOITER,5598.3,5.1,0.451,0.43,3058.1,66.8,21.4,316.7,110.5,72.4,1.95,13.61,0.938,109.08,0.765,0.0,0.0,0.0,0.0,79.79,0,0.139,healthy,0.0,none,87.35
3680,HIGH_ALTITUDE,17819.0,-27.8,0.934,0.791,5469.3,54.2,30.9,657.7,193.2,84.4,2.16,23.05,0.707,26.52,0.765,0.0,0.0,0.788,0.0,44.01,1,0.687,lubrication,0.79,none,42.55
3681,HIGH_ALTITUDE,20620.0,-19.3,0.85,0.7,5078.8,40.2,21.3,642.7,190.9,70.2,3.74,21.53,0.814,30.02,0.67,0.356,0.0,0.0,0.0,60.54,1,0.226,injector,0.36,none,62.63
3682,ISR,12090.7,-15.1,0.598,0.536,3277.6,50.7,17.5,404.5,127.5,64.9,2.28,21.95,3.363,92.31,0.56,0.0,0.0,0.0,0.894,36.64,1,0.8,mechanical,0.89,none,35.9
3683,ISR,6359.7,3.0,0.694,0.657,4293.1,72.0,32.9,497.6,164.1,81.5,2.75,20.59,1.247,57.08,0.765,0.0,0.0,0.0,0.0,87.01,0,0.172,healthy,0.0,none,96.51
3684,ISR,9794.4,-2.3,0.797,0.73,4789.1,66.0,33.1,575.2,182.8,81.4,3.19,22.43,0.937,37.77,0.765,0.0,0.0,0.0,0.0,80.01,0,0.048,healthy,0.0,none,87.97
3685,HIGH_ALTITUDE,24366.9,-28.4,0.786,0.622,4727.9,40.1,20.0,555.4,162.1,60.9,3.73,17.29,0.984,58.99,0.765,0.0,0.0,0.0,0.0,93.44,0,0.076,healthy,0.0,none,111.15
3686,HIGH_ALTITUDE,20157.6,-24.2,0.854,0.707,5077.5,47.8,25.4,604.7,178.7,67.0,3.87,20.24,0.823,40.74,0.765,0.0,0.0,0.0,0.0,79.37,0,0.14,healthy,0.0,none,82.29
3687,DESERT_PATROL,15932.0,4.9,0.552,0.477,3559.6,46.9,17.5,408.7,157.0,74.0,2.35,13.92,1.253,64.65,0.765,0.0,0.913,0.0,0.0,49.57,1,0.805,cooling,0.91,none,47.6
3688,ISR,13106.2,-11.5,0.573,0.509,3570.5,46.1,17.2,423.0,133.7,65.8,2.52,18.41,2.227,86.54,0.609,0.19,0.0,0.0,0.19,51.23,1,0.283,combustion,0.38,none,47.97
3689,DESERT_PATROL,12495.6,7.9,0.643,0.574,4013.2,55.0,23.2,477.5,157.2,80.9,2.59,17.29,1.27,62.57,0.765,0.0,0.0,0.0,0.0,58.48,1,0.488,sensor,0.63,noise,59.89
3690,HIGH_ALTITUDE,17023.4,-16.2,0.769,0.657,4651.6,51.8,25.4,546.3,165.6,70.0,3.45,19.38,1.043,53.89,0.765,0.0,0.0,0.0,0.0,91.39,0,0.224,healthy,0.0,none,106.04
3691,LOITER,4338.8,2.9,0.459,0.442,3084.9,70.9,23.0,319.2,122.9,72.0,1.96,14.02,0.946,98.31,0.765,0.0,0.606,0.0,0.0,56.85,1,0.452,cooling,0.61,none,56.24
3692,LOITER,3453.1,9.4,0.548,0.532,3549.3,74.7,27.9,393.6,146.8,79.5,2.23,17.33,1.185,72.72,0.765,0.0,0.638,0.0,0.0,53.55,1,0.623,cooling,0.64,none,57.45
3693,LOITER,6188.0,-0.6,0.561,0.531,3613.2,70.3,26.5,393.8,131.6,73.7,2.39,16.77,1.268,89.63,0.765,0.0,0.0,0.0,0.0,82.3,0,0.195,healthy,0.0,none,95.95
3694,TRANSIT,3622.3,15.0,0.504,0.489,2921.5,61.7,18.9,368.9,130.5,80.8,1.72,20.16,2.878,89.49,0.581,0.0,0.0,0.0,0.8,38.01,1,0.81,mechanical,0.8,none,33.72
3695,DESERT_PATROL,4023.2,33.3,0.733,0.708,4467.0,71.5,33.6,563.4,196.6,101.9,2.38,22.38,1.126,23.62,0.765,0.0,0.0,0.0,0.0,68.05,0,0.033,healthy,0.0,none,72.43
3696,LOITER,4854.2,2.3,0.511,0.49,3351.9,71.6,25.2,358.2,122.3,73.6,2.17,15.56,1.123,98.47,0.765,0.0,0.0,0.0,0.0,86.0,0,0.076,healthy,0.0,none,107.1
3697,ISR,3241.3,14.0,0.77,0.749,4634.3,79.3,38.5,563.8,188.5,108.4,1.38,23.98,1.032,32.26,0.765,0.0,0.0,0.777,0.0,45.98,1,0.702,lubrication,0.78,none,47.06
3698,DESERT_PATROL,3172.8,28.4,0.816,0.794,4866.1,76.4,38.8,614.9,209.3,102.4,2.61,25.94,0.899,9.94,0.765,0.0,0.0,0.0,0.0,43.39,1,0.608,sensor,0.6,spike,42.79
3699,LOITER,5747.1,5.5,0.507,0.482,3314.0,68.3,24.0,357.1,123.9,74.5,2.14,15.03,1.114,96.41,0.765,0.0,0.0,0.0,0.0,65.15,1,0.311,sensor,0.35,noise,73.19
3700,ISR,12732.8,-10.4,0.579,0.516,3697.0,57.0,22.1,400.9,127.1,66.7,2.65,15.41,1.26,92.26,0.765,0.0,0.0,0.0,0.0,82.72,0,0.152,healthy,0.0,none,90.51
3701,HIGH_ALTITUDE,15634.4,-16.8,0.941,0.815,5513.1,56.7,32.8,673.9,203.1,77.0,3.88,23.98,0.719,16.13,0.765,0.0,0.0,0.0,0.0,80.63,0,0.154,healthy,0.0,none,91.04
3702,DESERT_PATROL,9331.6,22.5,0.711,0.654,4364.1,60.3,27.5,540.5,182.2,93.0,2.51,20.05,1.17,35.98,0.765,0.0,0.0,0.0,0.0,77.2,0,0.101,healthy,0.0,none,82.91
3703,TRANSIT,13186.6,-13.3,0.663,0.588,4110.9,58.2,25.0,462.1,166.8,68.6,2.98,17.59,1.302,53.09,0.765,0.0,0.992,0.0,0.0,50.17,1,0.872,cooling,0.99,none,44.69
3704,DESERT_PATROL,2319.4,27.9,0.623,0.611,3910.2,75.2,30.8,464.5,168.1,94.5,2.2,19.74,1.361,52.85,0.765,0.0,0.0,0.0,0.0,71.42,0,0.18,sensor,0.23,spike,78.05
3705,ISR,10814.3,-6.1,0.601,0.546,3801.5,61.0,24.2,424.8,136.5,71.2,2.66,16.24,1.29,84.17,0.765,0.0,0.0,0.0,0.0,86.75,0,0.059,healthy,0.0,none,107.2
3706,LOITER,5778.6,4.0,0.544,0.517,3518.8,69.7,25.7,389.5,130.7,75.5,2.25,16.52,1.191,89.5,0.765,0.0,0.0,0.0,0.0,85.23,0,0.152,healthy,0.0,none,103.2
3707,HIGH_ALTITUDE,22782.7,-33.1,0.945,0.76,5519.8,39.0,22.5,700.5,198.3,63.8,4.36,26.59,0.702,19.46,0.663,0.381,0.0,0.0,0.0,56.33,1,0.325,injector,0.38,none,56.16
3708,ISR,8319.5,-0.9,0.661,0.614,4076.6,67.1,29.0,470.0,153.1,77.2,2.73,18.95,1.277,67.29,0.765,0.0,0.0,0.0,0.0,86.64,0,0.062,healthy,0.0,none,97.14
3709,DESERT_PATROL,5399.8,28.0,0.684,0.652,4231.3,68.3,30.2,525.3,196.7,96.1,2.31,20.37,1.27,20.83,0.765,0.0,0.842,0.0,0.0,38.49,1,0.776,cooling,0.84,none,26.76
3710,ISR,13432.9,-11.3,0.686,0.607,4216.9,57.6,25.5,484.9,149.6,70.6,3.0,18.4,1.237,69.06,0.765,0.0,0.0,0.0,0.0,85.77,0,0.169,healthy,0.0,none,96.11
3711,HIGH_ALTITUDE,19432.1,-18.5,0.919,0.766,5391.7,48.7,27.4,662.7,198.8,73.0,3.95,22.28,0.712,21.62,0.765,0.0,0.0,0.0,0.0,83.12,0,0.169,healthy,0.0,none,95.55
3712,DESERT_PATROL,2071.4,25.4,0.56,0.55,3595.1,74.8,28.4,420.1,149.8,90.6,2.08,17.64,1.257,68.97,0.765,0.0,0.0,0.0,0.0,82.17,0,0.182,healthy,0.0,none,89.37
3713,ISR,9651.9,-1.8,0.802,0.736,4780.3,66.3,33.3,584.2,183.7,81.8,3.17,22.59,0.997,36.28,0.765,0.0,0.0,0.0,0.0,85.05,0,0.057,healthy,0.0,none,98.56
3714,ISR,11384.6,-9.4,0.708,0.639,4358.3,62.3,28.3,505.1,158.2,73.0,3.04,19.12,1.201,63.03,0.765,0.0,0.0,0.0,0.0,70.45,0,0.376,sensor,0.28,noise,77.18
3715,LOITER,4643.3,3.8,0.451,0.433,3070.9,69.5,22.3,317.8,110.4,71.7,1.99,13.75,0.97,110.46,0.765,0.0,0.0,0.0,0.0,87.76,0,0.026,healthy,0.0,none,103.25
3716,LOITER,7650.1,-5.6,0.546,0.51,3512.9,67.3,24.8,381.0,123.5,69.8,2.43,15.96,1.241,96.8,0.765,0.0,0.0,0.0,0.0,86.79,0,0.052,healthy,0.0,none,98.97
3717,DESERT_PATROL,14335.6,10.5,0.515,0.452,3201.8,32.8,11.0,448.4,147.0,76.7,1.98,19.43,3.007,72.34,0.492,0.355,0.0,0.0,0.355,36.24,1,0.63,combustion,0.71,none,33.7
3718,DESERT_PATROL,3396.1,28.2,0.617,0.599,3887.1,53.7,21.6,524.8,180.8,93.3,2.16,21.87,1.332,38.65,0.57,0.727,0.0,0.0,0.0,45.16,1,0.627,injector,0.73,none,45.2
3719,TRANSIT,15342.5,-18.0,0.706,0.613,4316.8,55.0,25.0,494.1,151.3,66.9,3.17,18.14,1.188,69.91,0.765,0.0,0.0,0.0,0.0,75.08,0,0.109,healthy,0.0,none,86.62
3720,LOITER,5724.9,6.3,0.461,0.438,3091.4,66.6,21.4,329.6,115.1,88.2,1.08,13.66,0.938,105.92,0.765,0.0,0.0,0.74,0.0,53.97,1,0.659,lubrication,0.74,none,55.35
3721,DESERT_PATROL,14626.7,6.3,0.556,0.486,3362.0,31.0,11.0,489.6,158.8,76.0,2.14,22.32,3.291,62.25,0.452,0.418,0.0,0.0,0.418,33.52,1,0.771,combustion,0.84,none,29.58
3722,LOITER,6587.8,0.3,0.479,0.452,2804.2,57.6,17.1,334.7,111.9,70.5,1.77,18.7,2.833,106.88,0.584,0.0,0.0,0.0,0.787,39.48,1,0.705,mechanical,0.79,none,37.47
3723,DESERT_PATROL,11991.4,7.4,0.755,0.678,4563.8,57.9,27.8,553.9,181.1,85.8,2.9,20.57,1.114,38.27,0.765,0.0,0.0,0.0,0.0,70.6,0,0.062,healthy,0.0,none,78.36
3724,ISR,15316.6,-14.0,0.565,0.491,3634.4,51.9,19.6,390.0,122.2,63.9,2.62,14.6,1.287,98.0,0.765,0.0,0.0,0.0,0.0,87.27,0,0.072,healthy,0.0,none,99.09
3725,DESERT_PATROL,3796.8,25.4,0.618,0.598,3881.1,71.6,29.0,472.3,163.2,97.8,1.79,19.32,1.32,55.82,0.765,0.0,0.0,0.292,0.0,64.94,0,0.34,lubrication,0.29,none,67.26
3726,TRANSIT,11902.5,-12.5,0.576,0.517,3680.5,59.3,22.8,394.4,125.7,65.5,2.6,15.5,1.308,94.96,0.765,0.0,0.0,0.0,0.0,84.29,0,0.208,healthy,0.0,none,97.43
3727,DESERT_PATROL,3608.6,28.0,0.755,0.731,4349.5,70.7,32.2,575.3,194.5,99.1,2.33,25.75,1.987,23.59,0.694,0.0,0.0,0.0,0.307,49.11,1,0.264,mechanical,0.31,none,46.63
3728,LOITER,4103.2,7.7,0.545,0.526,3518.5,73.3,27.0,386.3,132.3,78.0,2.21,16.86,1.184,86.64,0.765,0.0,0.0,0.0,0.0,85.18,0,0.136,healthy,0.0,none,94.82
3729,LOITER,6544.1,4.9,0.586,0.553,3501.4,64.4,23.7,423.3,142.2,78.3,2.2,19.42,2.252,79.39,0.677,0.0,0.0,0.0,0.385,51.33,1,0.384,mechanical,0.39,none,51.06
3730,DESERT_PATROL,13255.5,11.1,0.618,0.548,3902.7,52.3,21.4,462.4,155.3,80.4,2.45,16.61,1.283,65.35,0.765,0.0,0.0,0.0,0.0,56.4,1,0.648,sensor,0.67,noise,57.47
3731,LOITER,7132.5,1.1,0.501,0.471,3305.4,65.7,22.6,357.5,118.0,81.3,1.54,14.73,1.092,101.07,0.765,0.0,0.0,0.466,0.0,57.28,1,0.424,lubrication,0.47,none,51.68
3732,LOITER,4212.4,9.3,0.548,0.529,3541.3,72.7,26.9,389.8,136.6,79.0,2.19,16.76,1.194,84.47,0.765,0.0,0.0,0.0,0.0,85.57,0,0.222,healthy,0.0,none,100.07
3733,DESERT_PATROL,3229.0,32.0,0.646,0.628,4034.7,72.2,30.3,499.5,175.9,96.8,2.15,20.16,1.243,44.19,0.765,0.0,0.0,0.0,0.0,82.71,0,0.173,healthy,0.0,none,95.54
3734,ISR,11939.2,-10.9,0.792,0.711,4762.0,62.6,31.5,571.7,173.0,75.8,3.31,21.34,1.002,45.49,0.765,0.0,0.0,0.0,0.0,59.16,1,0.756,sensor,0.93,freeze,59.63
3735,DESERT_PATROL,11664.9,17.3,0.698,0.628,4293.3,55.9,25.1,528.2,185.7,88.8,2.6,19.34,1.212,34.1,0.765,0.0,0.496,0.0,0.0,49.71,1,0.479,cooling,0.5,none,49.56
3736,DESERT_PATROL,12793.0,12.9,0.574,0.511,3681.3,52.1,19.9,438.9,147.3,86.8,1.88,15.58,1.322,73.76,0.765,0.0,0.0,0.286,0.0,65.77,0,0.294,lubrication,0.29,none,69.15
3737,LOITER,6943.5,-5.1,0.406,0.382,2701.8,45.5,12.8,313.9,102.3,63.2,1.76,18.82,2.51,117.35,0.517,0.318,0.0,0.0,0.318,41.28,1,0.572,combustion,0.64,none,39.11
3738,HIGH_ALTITUDE,19966.5,-22.2,0.835,0.692,4679.4,31.4,15.5,673.9,196.2,67.3,3.51,29.76,3.213,23.73,0.475,0.382,0.0,0.0,0.382,30.07,1,0.579,combustion,0.76,none,27.4
3739,HIGH_ALTITUDE,22571.6,-29.7,0.783,0.631,4733.3,43.5,21.4,541.2,158.9,60.8,3.79,18.13,1.025,61.11,0.765,0.0,0.0,0.0,0.0,91.83,0,0.244,healthy,0.0,none,103.63
3740,HIGH_ALTITUDE,23564.8,-33.0,0.749,0.598,4547.2,41.9,19.9,515.0,148.5,70.1,2.31,17.08,1.075,71.39,0.765,0.0,0.0,0.617,0.0,54.57,1,0.616,lubrication,0.62,none,55.37
3741,ISR,3801.3,5.0,0.786,0.761,4402.7,74.2,34.2,561.5,185.0,87.6,2.66,28.53,2.425,36.04,0.655,0.0,0.0,0.0,0.478,41.3,1,0.525,mechanical,0.48,none,38.21
3742,TRANSIT,8247.2,-4.2,0.831,0.772,4951.6,71.0,36.9,594.7,186.5,82.6,3.3,24.01,0.86,32.35,0.765,0.0,0.0,0.0,0.0,52.92,1,0.851,sensor,0.98,drift,58.41
3743,LOITER,7874.8,2.9,0.426,0.398,2920.5,60.8,18.6,299.5,104.1,70.1,1.9,12.52,0.853,116.0,0.765,0.0,0.0,0.0,0.0,86.24,0,0.165,healthy,0.0,none,96.44
3744,TRANSIT,12923.1,-11.2,0.502,0.446,3302.9,54.9,18.9,342.2,109.6,64.0,2.33,13.52,1.108,110.17,0.765,0.0,0.0,0.0,0.0,85.16,0,0.1,healthy,0.0,none,99.73
3745,TRANSIT,6879.5,-0.9,0.775,0.73,4384.7,45.4,20.9,640.1,197.6,82.1,2.89,35.73,3.452,21.93,0.445,0.429,0.0,0.0,0.429,23.79,1,0.767,combustion,0.86,none,19.57
3746,ISR,8399.4,-4.8,0.578,0.536,3691.7,66.0,25.4,410.8,129.8,71.2,2.49,16.68,1.253,88.87,0.765,0.0,0.0,0.0,0.0,85.24,0,0.208,healthy,0.0,none,98.52
3747,HIGH_ALTITUDE,16021.0,-12.2,0.805,0.695,4827.2,53.6,27.2,571.9,176.0,74.0,3.38,20.57,0.957,42.56,0.765,0.0,0.0,0.0,0.0,89.22,0,0.078,healthy,0.0,none,109.13
3748,TRANSIT,8526.5,4.8,0.547,0.507,3538.2,62.7,23.1,389.7,132.6,75.5,2.27,15.8,1.165,87.57,0.765,0.0,0.0,0.0,0.0,80.07,0,0.236,healthy,0.0,none,87.83
3749,LOITER,5412.7,2.4,0.539,0.514,3507.0,62.1,22.8,410.7,135.3,74.6,2.28,17.42,1.151,84.77,0.669,0.357,0.0,0.0,0.0,60.97,1,0.326,injector,0.36,none,64.4
3750,HIGH_ALTITUDE,24965.5,-36.1,0.739,0.581,4503.0,39.9,18.7,510.3,155.9,54.9,3.5,16.31,1.124,64.9,0.765,0.0,0.6,0.0,0.0,59.29,1,0.552,cooling,0.6,none,60.27
3751,LOITER,4851.8,5.1,0.464,0.445,3125.8,69.2,22.5,326.4,114.3,73.0,1.99,14.03,0.993,106.49,0.765,0.0,0.0,0.0,0.0,84.67,0,0.043,healthy,0.0,none,99.59
3752,DESERT_PATROL,14722.1,6.9,0.585,0.512,3737.3,49.5,19.5,434.1,146.0,77.1,2.46,15.37,1.315,75.95,0.765,0.0,0.0,0.0,0.0,85.63,0,0.03,healthy,0.0,none,100.76
3753,DESERT_PATROL,15302.9,-2.3,0.757,0.658,4432.4,50.7,23.6,552.6,175.0,78.1,2.96,20.8,1.739,45.12,0.712,0.0,0.0,0.0,0.23,66.87,0,0.247,mechanical,0.23,none,75.19
3754,DESERT_PATROL,3168.2,28.6,0.778,0.757,4681.5,69.9,34.6,598.8,206.1,101.4,2.54,27.2,1.012,13.55,0.706,0.221,0.0,0.0,0.0,57.85,0,0.241,injector,0.22,none,57.12
3755,TRANSIT,9623.3,4.9,0.642,0.589,4023.3,62.2,26.2,464.4,154.6,79.4,2.61,18.36,1.293,66.2,0.765,0.0,0.0,0.0,0.0,85.64,0,0.087,healthy,0.0,none,96.67
3756,TRANSIT,4168.3,6.9,0.507,0.489,3328.9,72.1,25.4,360.4,124.3,75.6,2.13,15.67,1.132,95.57,0.765,0.0,0.0,0.0,0.0,85.94,0,0.05,healthy,0.0,none,98.12
3757,ISR,10644.3,-2.5,0.561,0.51,3598.7,59.7,22.6,396.1,130.6,71.6,2.45,15.49,1.227,90.13,0.765,0.0,0.0,0.0,0.0,86.81,0,0.093,healthy,0.0,none,98.75
3758,ISR,13916.5,-14.0,0.803,0.707,4779.6,58.7,29.5,572.6,174.1,73.6,3.49,21.01,0.908,45.27,0.765,0.0,0.0,0.0,0.0,89.21,0,0.08,healthy,0.0,none,106.5
3759,LOITER,5241.5,4.7,0.412,0.394,2859.8,66.1,19.9,290.6,102.1,70.6,1.83,12.52,0.837,118.1,0.765,0.0,0.0,0.0,0.0,81.52,0,0.06,healthy,0.0,none,88.67
3760,DESERT_PATROL,14921.3,7.5,0.592,0.516,3771.9,49.1,19.4,439.9,144.9,77.6,2.46,15.27,1.294,73.9,0.765,0.0,0.0,0.0,0.0,80.28,0,0.185,healthy,0.0,none,87.64
3761,HIGH_ALTITUDE,20830.1,-22.8,0.766,0.629,4619.5,45.4,22.0,541.0,159.1,64.5,3.5,18.02,1.022,59.3,0.765,0.0,0.0,0.0,0.0,89.75,0,0.047,healthy,0.0,none,105.13
3762,LOITER,7242.4,1.1,0.588,0.551,3752.7,67.8,26.6,412.9,137.4,75.8,2.49,17.15,1.267,82.0,0.765,0.0,0.0,0.0,0.0,84.62,0,0.168,healthy,0.0,none,95.72
3763,TRANSIT,8638.4,-11.3,0.727,0.673,4377.3,62.9,28.5,527.8,163.1,74.0,3.06,24.3,1.736,55.28,0.674,0.107,0.0,0.0,0.107,70.0,0,0.179,combustion,0.21,none,75.51
3764,TRANSIT,6498.4,1.8,0.565,0.533,3290.5,61.7,21.0,396.3,133.3,74.5,2.08,20.63,2.691,86.61,0.62,0.0,0.0,0.0,0.633,41.92,1,0.66,mechanical,0.63,none,39.19
3765,TRANSIT,1408.1,11.8,0.72,0.712,4398.9,84.4,38.7,522.8,175.1,89.5,2.71,22.91,1.178,45.75,0.765,0.0,0.0,0.0,0.0,86.54,0,0.092,healthy,0.0,none,105.6
3766,DESERT_PATROL,9795.1,15.9,0.566,0.519,3639.7,57.9,22.1,428.6,146.1,82.4,2.22,15.85,1.235,73.54,0.765,0.0,0.0,0.0,0.0,76.23,0,0.21,healthy,0.0,none,81.16
3767,LOITER,7916.4,-3.5,0.474,0.442,3179.9,63.9,21.1,326.9,110.0,67.8,2.13,13.64,0.976,110.76,0.765,0.0,0.0,0.0,0.0,85.73,0,0.059,healthy,0.0,none,91.03
3768,DESERT_PATROL,3553.7,26.3,0.599,0.58,3782.2,71.6,28.4,446.5,160.2,99.3,1.62,18.55,1.288,59.33,0.765,0.0,0.0,0.364,0.0,60.69,1,0.313,lubrication,0.36,none,63.29
3769,LOITER,7569.0,5.7,0.491,0.459,3253.3,63.2,21.3,351.6,121.5,74.4,2.09,14.28,1.06,99.41,0.765,0.0,0.0,0.0,0.0,88.36,0,0.085,healthy,0.0,none,99.69
3770,DESERT_PATROL,14338.5,7.7,0.654,0.574,4062.0,51.3,21.7,489.7,160.0,81.0,2.64,17.26,1.273,60.0,0.765,0.0,0.0,0.0,0.0,86.67,0,0.036,healthy,0.0,none,101.28
3771,ISR,6972.2,2.8,0.677,0.637,4161.5,70.1,30.8,483.3,157.8,80.0,2.74,20.02,1.257,60.88,0.765,0.0,0.0,0.0,0.0,85.54,0,0.157,healthy,0.0,none,96.52
3772,HIGH_ALTITUDE,20771.6,-30.3,0.737,0.606,4520.1,46.6,21.8,510.1,147.2,59.3,3.58,17.25,1.098,72.19,0.765,0.0,0.0,0.0,0.0,92.64,0,0.092,healthy,0.0,none,105.43
3773,DESERT_PATROL,15939.0,8.8,0.507,0.438,3335.0,45.3,16.0,373.2,128.0,74.9,2.15,13.01,1.122,91.67,0.765,0.0,0.0,0.0,0.0,59.64,1,0.445,sensor,0.44,spike,60.16
3774,DESERT_PATROL,7834.2,15.6,0.58,0.541,3703.7,62.8,24.4,428.4,148.1,83.1,2.26,16.9,1.293,71.18,0.765,0.0,0.0,0.0,0.0,81.75,0,0.053,healthy,0.0,none,89.08
3775,LOITER,6132.9,3.3,0.514,0.487,3382.6,68.1,24.0,361.1,123.0,73.9,2.18,15.31,1.14,96.55,0.765,0.0,0.0,0.0,0.0,86.07,0,0.117,healthy,0.0,none,98.26
3776,ISR,14678.9,-15.4,0.702,0.614,4299.6,55.9,25.3,494.8,167.1,68.1,3.1,18.48,1.258,53.41,0.765,0.0,0.759,0.0,0.0,55.53,1,0.561,cooling,0.76,none,53.4
3777,LOITER,6761.6,-4.2,0.547,0.516,3548.3,69.3,25.7,380.8,124.3,71.0,2.38,16.08,1.222,95.48,0.765,0.0,0.0,0.0,0.0,85.78,0,0.232,healthy,0.0,none,98.35
3778,TRANSIT,13186.4,-8.1,0.548,0.486,3555.0,54.8,20.4,379.0,122.9,67.7,2.47,14.56,1.161,97.17,0.765,0.0,0.0,0.0,0.0,70.17,0,0.246,sensor,0.27,spike,74.49
3779,TRANSIT,3395.9,8.7,0.637,0.618,3989.5,77.5,32.2,452.7,154.1,83.1,2.49,19.61,1.3,65.89,0.765,0.0,0.0,0.0,0.0,79.96,0,0.062,healthy,0.0,none,87.3
3780,DESERT_PATROL,14106.2,-0.6,0.526,0.463,3028.4,44.0,14.0,378.5,124.9,70.3,1.97,18.32,3.018,95.64,0.583,0.0,0.0,0.0,0.795,38.01,1,0.723,mechanical,0.79,none,34.7
3781,TRANSIT,3608.4,5.2,0.591,0.573,3741.3,76.7,30.3,418.8,155.9,78.6,2.46,18.17,1.223,62.56,0.765,0.0,0.791,0.0,0.0,51.31,1,0.727,cooling,0.79,none,52.38
3782,DESERT_PATROL,5237.5,22.9,0.601,0.574,3792.0,59.1,23.6,481.0,168.1,89.0,2.2,19.39,1.273,53.32,0.665,0.375,0.0,0.0,0.0,58.22,1,0.387,injector,0.37,none,58.36
3783,LOITER,6261.3,3.0,0.461,0.436,3110.9,66.0,21.3,329.3,113.5,71.6,2.01,13.77,0.974,108.56,0.765,0.0,0.0,0.0,0.0,89.28,0,0.05,healthy,0.0,none,104.22
3784,TRANSIT,6121.1,4.0,0.701,0.664,4319.1,72.5,32.7,496.8,164.0,82.0,2.78,21.3,1.199,54.88,0.765,0.0,0.0,0.0,0.0,86.1,0,0.114,healthy,0.0,none,95.88
3785,TRANSIT,1927.0,11.0,0.716,0.704,4376.7,83.0,38.1,514.4,172.4,89.5,2.68,22.67,1.213,47.08,0.765,0.0,0.0,0.0,0.0,86.81,0,0.064,healthy,0.0,none,103.38
3786,TRANSIT,5704.8,-1.5,0.709,0.674,4340.2,75.3,34.1,499.1,160.6,78.7,2.88,21.23,1.223,58.04,0.765,0.0,0.0,0.0,0.0,70.64,0,0.258,sensor,0.28,drift,76.91
3787,DESERT_PATROL,9292.9,14.5,0.676,0.622,3902.8,37.8,15.5,605.7,194.9,87.5,2.36,30.56,3.763,25.16,0.44,0.437,0.0,0.0,0.437,22.99,1,0.789,combustion,0.87,none,19.18
3788,DESERT_PATROL,14332.8,10.1,0.623,0.546,3937.9,35.2,14.5,525.0,173.6,80.0,2.5,19.35,1.319,47.01,0.535,0.86,0.0,0.0,0.0,45.99,1,0.768,injector,0.86,none,45.11
3789,LOITER,3461.0,8.9,0.579,0.562,3707.6,75.7,29.3,414.1,142.7,80.5,2.31,17.8,1.301,78.38,0.765,0.0,0.0,0.0,0.0,80.07,0,0.156,healthy,0.0,none,87.42
3790,HIGH_ALTITUDE,24838.7,-33.6,0.717,0.564,4389.9,39.5,18.2,491.9,146.6,55.1,3.43,16.06,1.223,73.14,0.765,0.0,0.362,0.0,0.0,65.2,1,0.327,cooling,0.36,none,64.35
3791,LOITER,7897.6,-0.4,0.467,0.435,3145.1,63.0,20.7,326.9,110.8,69.5,2.08,13.65,0.987,109.81,0.765,0.0,0.0,0.0,0.0,88.45,0,0.096,healthy,0.0,none,106.35
3792,ISR,7809.0,-2.6,0.566,0.528,3622.2,66.7,25.4,389.1,130.7,72.5,2.48,16.31,1.26,89.69,0.765,0.0,0.0,0.0,0.0,84.39,0,0.201,healthy,0.0,none,92.43
3793,LOITER,7508.1,-2.6,0.569,0.532,3635.7,67.6,25.7,397.2,129.3,72.1,2.46,16.62,1.211,89.29,0.765,0.0,0.0,0.0,0.0,85.8,0,0.091,healthy,0.0,none,99.4
3794,HIGH_ALTITUDE,20558.4,-28.8,0.927,0.763,5456.1,48.5,27.5,652.1,192.4,66.9,4.18,21.74,0.688,28.28,0.765,0.0,0.0,0.0,0.0,83.16,0,0.197,healthy,0.0,none,90.28
3795,HIGH_ALTITUDE,23369.4,-33.7,0.837,0.67,4974.9,43.2,22.5,581.1,168.2,65.4,3.32,18.89,0.827,52.08,0.765,0.0,0.0,0.273,0.0,73.49,0,0.203,lubrication,0.27,none,78.83
3796,TRANSIT,14208.0,-10.3,0.835,0.733,4450.4,50.8,23.7,602.4,186.8,77.1,2.99,27.75,2.963,34.78,0.604,0.0,0.0,0.0,0.701,35.95,1,0.617,mechanical,0.7,none,31.1
3797,DESERT_PATROL,3617.6,34.5,0.766,0.742,4621.1,53.8,26.0,646.2,217.8,104.5,2.38,26.91,1.038,0.05,0.564,0.75,0.0,0.0,0.0,30.68,1,0.731,injector,0.75,none,25.25
3798,DESERT_PATROL,8024.1,20.3,0.651,0.607,4074.3,62.8,26.9,493.4,185.6,88.8,2.38,18.89,1.316,32.64,0.765,0.0,0.874,0.0,0.0,43.59,1,0.685,cooling,0.87,none,40.15
3799,DESERT_PATROL,7262.9,10.8,0.565,0.53,3381.5,38.4,13.5,502.4,162.7,79.6,2.07,26.93,3.643,56.02,0.421,0.468,0.0,0.0,0.468,31.32,1,0.886,combustion,0.94,none,27.96
3800,HIGH_ALTITUDE,15606.0,-11.5,0.877,0.76,5184.2,43.2,23.3,678.5,203.7,77.4,3.63,25.04,0.775,13.3,0.6,0.615,0.0,0.0,0.0,44.06,1,0.562,injector,0.62,none,44.36
3801,TRANSIT,2475.3,5.2,0.562,0.55,3609.2,79.1,29.9,394.4,135.2,78.1,2.34,17.79,1.24,85.36,0.765,0.0,0.0,0.0,0.0,57.38,1,0.583,sensor,0.58,noise,58.89
3802,HIGH_ALTITUDE,23079.5,-31.8,0.845,0.678,5021.0,43.5,22.7,593.6,171.8,61.5,4.02,18.99,0.847,48.78,0.765,0.0,0.0,0.0,0.0,94.44,0,0.055,healthy,0.0,none,111.74
3803,DESERT_PATROL,6323.6,21.3,0.755,0.714,4568.9,68.6,32.8,571.0,193.0,94.9,2.65,22.42,1.1,28.23,0.765,0.0,0.0,0.0,0.0,78.14,0,0.02,healthy,0.0,none,87.63
3804,TRANSIT,13752.0,-9.6,0.692,0.611,4248.7,56.6,25.3,491.4,153.7,72.0,2.99,18.76,1.202,66.24,0.765,0.0,0.0,0.0,0.0,83.14,0,0.214,healthy,0.0,none,97.94
3805,TRANSIT,8575.7,-4.2,0.553,0.512,3568.5,64.8,24.1,384.3,126.3,70.3,2.47,15.79,1.22,93.89,0.765,0.0,0.0,0.0,0.0,86.32,0,0.102,healthy,0.0,none,101.8
3806,HIGH_ALTITUDE,16416.8,-14.5,0.781,0.671,4474.8,50.4,23.7,559.6,169.3,71.2,3.19,21.78,1.876,49.92,0.696,0.0,0.0,0.0,0.299,64.27,0,0.238,mechanical,0.3,none,71.05
3807,DESERT_PATROL,8958.2,18.9,0.814,0.752,4861.0,57.9,29.6,632.5,208.7,94.3,2.87,26.86,0.91,11.15,0.698,0.25,0.0,0.0,0.0,57.14,0,0.167,injector,0.25,none,60.97
3808,LOITER,4987.0,9.8,0.456,0.437,3085.3,61.1,19.8,347.9,121.0,74.9,1.91,14.54,0.977,98.52,0.693,0.268,0.0,0.0,0.0,69.96,0,0.158,injector,0.27,none,76.01
3809,DESERT_PATROL,11410.2,17.8,0.634,0.572,3812.5,52.9,21.0,483.3,160.8,86.5,2.32,18.91,1.874,56.63,0.702,0.0,0.0,0.0,0.273,63.88,0,0.156,mechanical,0.27,none,68.13
3810,DESERT_PATROL,8331.4,23.0,0.746,0.693,4512.7,58.6,28.1,586.3,197.1,95.1,2.61,22.11,1.109,23.93,0.71,0.205,0.0,0.0,0.0,63.98,0,0.108,injector,0.21,none,67.82
3811,LOITER,7930.3,-3.8,0.467,0.435,2844.2,57.1,17.0,319.9,107.0,66.9,1.87,16.49,2.448,112.68,0.62,0.0,0.0,0.0,0.63,44.18,1,0.618,mechanical,0.63,none,49.2
3812,LOITER,3892.5,7.8,0.568,0.549,3651.2,74.5,28.3,405.0,137.1,79.5,2.28,17.48,1.239,81.6,0.765,0.0,0.0,0.0,0.0,84.92,0,0.089,healthy,0.0,none,94.1
3813,HIGH_ALTITUDE,20125.1,-23.5,0.864,0.715,5133.7,47.8,25.9,616.4,182.4,68.0,3.88,20.45,0.769,37.95,0.765,0.0,0.0,0.0,0.0,84.14,0,0.08,healthy,0.0,none,96.85
3814,LOITER,5731.2,5.7,0.566,0.538,3622.3,70.0,26.7,399.7,135.0,77.4,2.33,16.99,1.252,83.33,0.765,0.0,0.0,0.0,0.0,85.88,0,0.193,healthy,0.0,none,95.62
3815,LOITER,3229.6,3.4,0.443,0.431,3030.3,73.1,23.0,307.6,107.5,71.2,1.94,14.04,0.908,112.75,0.765,0.0,0.0,0.0,0.0,69.87,0,0.085,healthy,0.0,none,71.23
3816,DESERT_PATROL,4255.3,23.6,0.64,0.616,3994.4,71.4,29.9,478.2,166.4,91.9,2.32,19.6,1.294,52.37,0.765,0.0,0.0,0.0,0.0,85.91,0,0.155,healthy,0.0,none,97.46
3817,TRANSIT,15806.5,-13.5,0.542,0.468,3523.6,50.3,18.5,375.4,117.2,62.6,2.56,13.77,1.18,102.79,0.765,0.0,0.0,0.0,0.0,88.33,0,0.045,healthy,0.0,none,98.69
3818,TRANSIT,1046.5,15.6,0.593,0.587,3772.3,81.3,32.0,429.4,148.6,86.4,2.26,19.03,1.298,70.41,0.765,0.0,0.0,0.0,0.0,85.33,0,0.174,healthy,0.0,none,97.63
3819,HIGH_ALTITUDE,21234.2,-24.3,0.949,0.777,5535.9,46.4,27.1,677.7,199.2,69.9,4.22,22.29,0.69,19.2,0.765,0.0,0.0,0.0,0.0,81.83,0,0.107,healthy,0.0,none,92.49
3820,HIGH_ALTITUDE,24942.0,-31.0,0.883,0.695,4698.4,35.8,17.7,621.2,181.4,63.3,3.67,24.28,2.636,39.03,0.614,0.0,0.0,0.0,0.657,43.76,1,0.572,mechanical,0.66,none,40.98
3821,TRANSIT,9077.2,3.3,0.602,0.555,3782.3,63.0,25.3,431.0,143.7,77.4,2.49,17.16,1.277,76.48,0.765,0.0,0.0,0.0,0.0,66.05,0,0.227,healthy,0.0,none,72.46
3822,ISR,4854.4,6.2,0.786,0.753,4475.9,54.1,25.6,615.2,201.3,87.7,2.74,38.18,2.853,19.5,0.511,0.327,0.0,0.0,0.327,27.36,1,0.573,combustion,0.65,none,19.53
3823,ISR,1142.8,16.2,0.566,0.56,3616.0,80.0,30.4,409.5,143.8,100.6,1.14,18.34,1.252,75.83,0.765,0.0,0.0,0.775,0.0,51.61,1,0.685,lubrication,0.77,none,49.62
3824,TRANSIT,10401.5,-9.5,0.783,0.713,4691.1,66.0,32.5,554.1,172.2,76.9,3.26,21.99,0.988,46.73,0.765,0.0,0.0,0.0,0.0,89.26,0,0.218,healthy,0.0,none,100.71
3825,HIGH_ALTITUDE,22416.2,-32.8,0.943,0.762,5521.3,45.7,26.5,669.1,192.3,64.9,4.39,21.21,0.697,27.54,0.765,0.0,0.0,0.0,0.0,83.22,0,0.03,healthy,0.0,none,94.63
3826,DESERT_PATROL,15240.5,-0.9,0.539,0.469,3494.4,42.5,15.4,420.9,134.7,71.0,2.41,14.61,1.186,84.9,0.664,0.379,0.0,0.0,0.0,59.71,1,0.276,injector,0.38,none,66.03
3827,DESERT_PATROL,14313.6,1.3,0.806,0.707,4819.9,54.6,27.7,590.8,190.1,82.1,3.12,20.74,0.954,31.43,0.765,0.0,0.0,0.0,0.0,83.35,0,0.071,healthy,0.0,none,97.73
3828,LOITER,4205.2,10.7,0.593,0.572,3751.7,73.6,29.0,431.7,149.3,101.2,0.98,18.39,1.255,73.5,0.765,0.0,0.0,0.958,0.0,50.3,1,0.704,lubrication,0.96,none,45.81
3829,LOITER,3288.6,9.5,0.58,0.564,3314.1,67.3,23.4,411.7,143.5,80.6,2.03,22.74,2.834,77.71,0.607,0.0,0.0,0.0,0.689,42.32,1,0.48,mechanical,0.69,none,39.09
3830,DESERT_PATROL,14117.2,12.9,0.722,0.635,4104.1,31.4,13.5,628.3,198.0,87.0,2.52,36.49,3.768,19.33,0.433,0.449,0.0,0.0,0.449,20.79,1,0.759,combustion,0.9,none,14.47
3831,TRANSIT,10430.5,-3.0,0.737,0.671,4471.2,63.6,29.7,530.1,168.5,78.5,3.06,20.43,1.128,51.44,0.765,0.0,0.0,0.0,0.0,59.2,1,0.729,sensor,0.84,spike,69.53
3832,HIGH_ALTITUDE,20280.3,-26.2,0.871,0.719,4792.0,44.4,22.2,616.4,181.0,66.5,3.72,24.04,2.131,38.76,0.658,0.0,0.0,0.0,0.467,50.75,1,0.376,mechanical,0.47,none,51.11
3833,LOITER,7336.6,-1.0,0.527,0.494,2931.9,55.1,16.9,370.7,123.6,71.6,1.84,21.39,3.289,97.13,0.541,0.0,0.0,0.0,0.975,35.59,1,0.856,mechanical,0.97,none,33.48
3834,ISR,5950.9,4.0,0.645,0.612,4042.5,71.8,30.2,464.7,150.8,80.0,2.58,19.34,1.274,67.28,0.765,0.0,0.0,0.0,0.0,84.69,0,0.162,healthy,0.0,none,103.65
3835,HIGH_ALTITUDE,23720.6,-33.2,0.8,0.637,4810.0,42.1,21.1,564.1,159.7,58.3,3.87,18.02,0.961,60.04,0.765,0.0,0.0,0.0,0.0,90.79,0,0.095,healthy,0.0,none,104.1
3836,DESERT_PATROL,12715.4,20.5,0.563,0.502,3392.7,32.9,11.8,516.0,175.8,85.8,2.02,22.71,3.265,47.7,0.467,0.393,0.0,0.0,0.393,33.95,1,0.687,combustion,0.79,none,26.62
3837,HIGH_ALTITUDE,24517.9,-29.1,0.811,0.641,4849.7,40.1,20.4,571.0,166.3,61.0,3.8,17.73,0.924,53.81,0.765,0.0,0.0,0.0,0.0,91.62,0,0.172,healthy,0.0,none,108.45
3838,HIGH_ALTITUDE,24289.8,-32.1,0.776,0.614,4654.7,40.7,19.9,534.5,162.3,58.1,3.69,17.32,1.009,58.2,0.765,0.0,0.378,0.0,0.0,67.23,1,0.298,cooling,0.38,none,73.32
3839,TRANSIT,8330.2,-1.0,0.846,0.785,4757.5,66.2,33.0,611.3,192.0,84.7,3.08,27.77,1.813,26.36,0.683,0.0,0.0,0.0,0.357,50.93,1,0.252,mechanical,0.36,none,47.68
3840,HIGH_ALTITUDE,17521.5,-16.5,0.809,0.687,4728.2,44.2,21.9,608.8,183.1,71.9,3.4,24.14,1.841,37.79,0.646,0.143,0.0,0.0,0.143,60.24,0,0.239,combustion,0.29,none,62.07
3841,HIGH_ALTITUDE,21122.6,-29.2,0.722,0.592,4414.6,45.5,21.1,493.6,145.8,77.0,1.67,17.02,1.192,74.57,0.765,0.0,0.0,0.898,0.0,49.32,1,0.885,lubrication,0.9,none,44.02
3842,HIGH_ALTITUDE,16971.3,-23.1,0.932,0.796,5468.6,55.0,31.3,658.6,195.7,71.7,4.07,23.14,0.703,23.19,0.765,0.0,0.0,0.0,0.0,83.45,0,0.195,healthy,0.0,none,93.39
3843,HIGH_ALTITUDE,21715.0,-29.2,0.842,0.686,4995.5,45.6,24.0,592.8,173.6,74.5,2.5,20.01,0.849,47.35,0.765,0.0,0.0,0.569,0.0,56.25,1,0.427,lubrication,0.57,none,57.49
3844,LOITER,3248.1,2.4,0.46,0.447,2886.4,44.6,13.6,415.1,135.1,71.8,1.83,27.5,3.33,86.12,0.43,0.453,0.0,0.0,0.453,31.69,1,0.879,combustion,0.91,none,25.48
3845,TRANSIT,11390.7,-10.5,0.787,0.71,4453.5,41.7,19.4,625.9,189.9,75.7,3.08,37.85,3.245,30.69,0.471,0.388,0.0,0.0,0.388,29.49,1,0.716,combustion,0.78,none,25.92
3846,HIGH_ALTITUDE,19895.4,-25.0,0.715,0.593,3725.1,38.8,15.0,500.4,147.7,62.1,2.78,24.54,3.779,72.83,0.536,0.0,0.0,0.0,0.997,36.68,1,0.856,mechanical,1.0,none,33.98
3847,LOITER,4887.7,6.4,0.442,0.423,3015.4,67.9,21.4,315.0,111.0,72.7,1.91,13.42,0.952,110.13,0.765,0.0,0.0,0.0,0.0,84.26,0,0.154,healthy,0.0,none,98.94
3848,HIGH_ALTITUDE,19910.0,-26.6,0.724,0.601,4420.2,47.4,22.1,501.4,146.3,60.7,3.45,17.31,1.17,72.17,0.765,0.0,0.0,0.0,0.0,64.83,1,0.304,sensor,0.42,freeze,73.36
3849,LOITER,5369.4,6.5,0.497,0.474,3282.0,68.7,23.5,353.9,122.3,75.1,2.12,14.99,1.091,97.88,0.765,0.0,0.0,0.0,0.0,88.17,0,0.09,healthy,0.0,none,106.22
3850,HIGH_ALTITUDE,16365.3,-14.3,0.847,0.728,5056.0,53.7,28.4,600.5,185.5,74.1,3.61,21.54,0.783,34.97,0.765,0.0,0.0,0.0,0.0,81.32,0,0.127,healthy,0.0,none,87.83
3851,TRANSIT,4401.8,2.4,0.672,0.646,4172.9,77.2,33.7,471.9,156.7,80.3,2.64,20.45,1.241,63.29,0.765,0.0,0.0,0.0,0.0,83.4,0,0.053,healthy,0.0,none,92.68
3852,DESERT_PATROL,14004.0,6.2,0.543,0.478,3510.8,43.8,16.0,432.1,144.4,75.4,2.27,17.54,1.22,78.38,0.666,0.368,0.0,0.0,0.0,60.18,1,0.277,injector,0.37,none,62.66
3853,LOITER,3677.2,7.7,0.493,0.477,3266.3,72.7,24.7,350.1,120.3,82.5,1.64,15.27,1.069,98.23,0.765,0.0,0.0,0.304,0.0,67.34,1,0.206,lubrication,0.3,none,73.49
3854,ISR,2563.4,11.9,0.597,0.584,3530.4,72.7,26.9,427.9,148.3,83.7,2.14,21.35,2.244,72.19,0.668,0.0,0.0,0.0,0.423,49.52,1,0.361,mechanical,0.42,none,50.04
3855,ISR,10422.2,-3.0,0.533,0.485,3465.3,59.6,21.4,370.3,139.5,69.5,2.32,14.95,1.181,80.58,0.765,0.0,0.794,0.0,0.0,51.78,1,0.71,cooling,0.79,none,48.7
3856,HIGH_ALTITUDE,21866.6,-31.9,0.941,0.764,5508.1,46.6,26.8,662.3,192.1,65.3,4.33,21.56,0.7,27.49,0.765,0.0,0.0,0.0,0.0,78.46,0,0.192,healthy,0.0,none,92.06
3857,DESERT_PATROL,8912.0,15.7,0.816,0.754,4877.6,64.2,33.2,609.8,201.7,93.2,2.85,23.39,0.91,18.68,0.765,0.0,0.0,0.0,0.0,68.79,0,0.049,healthy,0.0,none,76.06
3858,TRANSIT,13424.1,-11.5,0.76,0.672,4447.2,45.9,21.3,588.2,179.1,73.0,3.14,28.37,2.478,39.29,0.577,0.234,0.0,0.0,0.234,42.72,1,0.479,combustion,0.47,none,42.13
3859,DESERT_PATROL,14727.2,3.9,0.506,0.442,3323.3,48.4,16.9,365.7,123.9,72.7,2.17,12.98,1.11,96.35,0.765,0.0,0.0,0.0,0.0,86.84,0,0.085,healthy,0.0,none,102.72
3860,LOITER,4207.6,7.3,0.573,0.552,3152.5,61.7,20.3,404.9,139.9,78.5,1.88,24.68,3.451,80.82,0.548,0.0,0.0,0.0,0.947,35.73,1,0.859,mechanical,0.95,none,34.02
3861,TRANSIT,9648.7,-6.0,0.551,0.505,3542.3,52.2,19.6,420.5,133.9,69.3,2.43,20.5,1.233,85.74,0.638,0.473,0.0,0.0,0.0,54.24,1,0.475,injector,0.47,none,50.3
3862,TRANSIT,10255.8,-5.6,0.71,0.647,4355.8,45.1,20.5,572.0,177.6,75.0,2.98,23.57,1.198,42.18,0.537,0.852,0.0,0.0,0.0,47.2,1,0.76,injector,0.85,none,45.78
3863,ISR,10538.7,-6.0,0.539,0.491,3497.2,53.8,19.9,404.9,127.1,68.3,2.38,15.91,1.225,91.65,0.684,0.302,0.0,0.0,0.0,64.35,1,0.311,injector,0.3,none,65.85
3864,LOITER,7013.9,-1.4,0.592,0.556,3767.4,69.1,27.2,417.7,137.3,74.2,2.53,17.7,1.289,83.29,0.765,0.0,0.0,0.0,0.0,84.97,0,0.233,healthy,0.0,none,103.05
3865,DESERT_PATROL,12952.2,11.0,0.64,0.569,4000.6,53.4,22.4,479.4,173.4,82.7,2.55,17.46,1.296,46.42,0.765,0.0,0.717,0.0,0.0,51.93,1,0.535,cooling,0.72,none,52.62
3866,DESERT_PATROL,3387.5,26.6,0.612,0.594,3860.9,72.3,29.3,466.4,162.0,112.1,0.91,19.22,1.33,56.17,0.765,0.0,0.0,0.957,0.0,48.15,1,0.864,lubrication,0.96,none,50.04
3867,DESERT_PATROL,9534.4,15.0,0.637,0.585,3978.6,41.8,17.5,540.7,180.6,86.0,2.45,30.6,1.305,40.58,0.533,0.868,0.0,0.0,0.0,41.86,1,0.927,injector,0.87,none,40.06
3868,ISR,1237.5,16.2,0.523,0.518,3420.3,78.3,27.8,379.2,135.0,83.1,2.04,16.65,1.14,84.95,0.765,0.0,0.0,0.0,0.0,87.81,0,0.054,healthy,0.0,none,105.64
3869,ISR,11967.1,-11.3,0.566,0.508,3620.9,58.7,22.5,386.9,124.3,65.8,2.54,15.37,1.221,96.14,0.765,0.0,0.0,0.0,0.0,85.84,0,0.161,healthy,0.0,none,95.96
3870,DESERT_PATROL,12518.7,10.6,0.688,0.614,4246.0,50.1,22.2,534.1,174.7,84.7,2.64,21.65,1.233,44.98,0.695,0.26,0.0,0.0,0.0,67.34,0,0.16,injector,0.26,none,74.18
3871,ISR,10495.0,-5.4,0.819,0.746,4243.1,55.3,24.8,584.9,182.3,80.4,2.78,30.64,3.481,35.24,0.563,0.0,0.0,0.0,0.879,32.64,1,0.739,mechanical,0.88,none,29.84
3872,HIGH_ALTITUDE,15475.2,-16.9,0.853,0.74,4915.5,44.8,23.0,647.2,193.8,73.4,3.53,27.6,2.091,26.04,0.588,0.218,0.0,0.0,0.218,43.09,1,0.404,combustion,0.44,none,35.82
3873,LOITER,3673.1,10.2,0.555,0.538,3221.4,66.6,22.6,403.0,137.1,80.5,2.0,21.01,2.575,82.43,0.624,0.0,0.0,0.0,0.615,43.91,1,0.559,mechanical,0.61,none,38.82
3874,HIGH_ALTITUDE,17153.9,-22.3,0.703,0.599,4312.2,44.4,20.2,527.3,154.3,63.6,3.31,18.68,1.213,65.37,0.654,0.413,0.0,0.0,0.0,60.14,1,0.329,injector,0.41,none,60.32
3875,LOITER,4104.8,10.6,0.521,0.503,3399.5,71.8,25.7,379.0,138.1,79.6,2.11,15.94,1.14,83.27,0.765,0.0,0.375,0.0,0.0,60.11,1,0.406,cooling,0.38,none,57.13
3876,ISR,12390.2,-10.5,0.803,0.718,4518.4,39.7,18.8,632.8,195.8,76.3,3.11,32.88,3.13,25.44,0.464,0.398,0.0,0.0,0.398,28.13,1,0.632,combustion,0.8,none,22.15
3877,ISR,3931.5,7.0,0.722,0.698,4404.9,78.3,36.4,513.5,173.3,85.1,2.8,22.78,1.167,48.37,0.765,0.0,0.0,0.0,0.0,70.27,0,0.026,healthy,0.0,none,75.44
3878,HIGH_ALTITUDE,22985.8,-31.6,0.868,0.697,5112.1,43.8,23.5,607.4,177.6,62.4,4.08,19.46,0.772,43.44,0.765,0.0,0.0,0.0,0.0,89.59,0,0.168,healthy,0.0,none,101.65
3879,TRANSIT,12780.9,-8.5,0.798,0.71,4773.6,60.1,30.1,571.7,177.1,76.8,3.25,21.52,0.959,42.04,0.765,0.0,0.0,0.0,0.0,85.44,0,0.238,healthy,0.0,none,96.58
3880,LOITER,4029.1,7.9,0.409,0.395,2853.7,68.3,20.4,286.7,103.8,87.2,0.95,12.57,0.832,116.28,0.765,0.0,0.0,0.761,0.0,54.23,1,0.62,lubrication,0.76,none,56.37
3881,LOITER,6251.0,-1.7,0.548,0.518,3550.4,70.0,26.1,381.0,127.2,72.5,2.36,16.32,1.211,93.4,0.765,0.0,0.0,0.0,0.0,77.29,0,0.138,healthy,0.0,none,90.45
3882,TRANSIT,15952.0,-18.8,0.718,0.62,4203.6,51.7,22.8,500.4,153.2,67.1,3.11,20.08,1.994,67.77,0.702,0.0,0.0,0.0,0.276,64.19,0,0.279,mechanical,0.28,none,67.26
3883,DESERT_PATROL,8485.3,22.1,0.717,0.665,3969.0,55.8,23.2,541.2,186.9,93.0,2.23,25.89,2.79,35.32,0.618,0.0,0.0,0.0,0.64,36.33,1,0.553,mechanical,0.64,none,36.36
3884,TRANSIT,4387.9,5.2,0.566,0.544,3615.1,58.8,22.3,446.7,148.0,77.7,2.35,18.85,1.245,72.08,0.61,0.579,0.0,0.0,0.0,52.07,1,0.588,injector,0.58,none,55.11
3885,DESERT_PATROL,11719.0,8.7,0.529,0.476,3446.6,54.2,19.6,387.3,131.1,76.7,2.18,14.51,1.15,87.49,0.765,0.0,0.0,0.0,0.0,85.61,0,0.169,healthy,0.0,none,103.71
3886,TRANSIT,10019.4,-4.3,0.593,0.542,3605.5,46.3,17.6,472.4,149.6,72.2,2.4,24.57,2.832,70.18,0.545,0.279,0.0,0.0,0.279,40.26,1,0.515,combustion,0.56,none,37.97
3887,TRANSIT,8466.2,-4.5,0.818,0.759,4890.9,70.3,36.1,576.9,183.2,81.3,3.28,23.49,0.889,35.4,0.765,0.0,0.0,0.0,0.0,86.69,0,0.058,healthy,0.0,none,104.22
3888,HIGH_ALTITUDE,19530.0,-23.1,0.851,0.709,5050.3,48.8,25.7,599.5,184.8,68.4,3.78,20.41,0.82,36.37,0.765,0.0,0.273,0.0,0.0,69.03,0,0.309,cooling,0.27,none,76.39
3889,LOITER,6186.5,3.3,0.49,0.464,3245.8,67.1,23.1,342.6,125.7,72.7,2.12,14.46,1.097,95.81,0.765,0.0,0.376,0.0,0.0,61.9,1,0.254,cooling,0.38,none,64.87
3890,LOITER,6453.1,4.1,0.442,0.417,2843.6,42.1,12.5,386.5,128.3,70.7,1.76,19.73,2.936,92.03,0.47,0.39,0.0,0.0,0.39,34.46,1,0.783,combustion,0.78,none,20.96
3891,HIGH_ALTITUDE,18380.1,-25.3,0.774,0.652,4679.0,50.9,24.8,534.3,161.5,63.9,3.62,19.08,1.005,60.18,0.765,0.0,0.0,0.0,0.0,89.87,0,0.244,healthy,0.0,none,106.16
3892,LOITER,4512.1,7.4,0.564,0.542,3615.9,72.8,27.5,399.4,137.9,78.5,2.3,17.38,1.259,82.63,0.765,0.0,0.0,0.0,0.0,57.77,1,0.528,sensor,0.54,freeze,59.14
3893,HIGH_ALTITUDE,23115.7,-30.0,0.765,0.613,4504.5,36.0,16.9,565.9,164.8,59.8,3.51,21.33,2.009,56.38,0.634,0.157,0.0,0.0,0.157,61.87,1,0.276,combustion,0.31,none,66.21
3894,DESERT_PATROL,3269.1,20.5,0.845,0.821,4311.9,65.1,29.1,625.7,208.2,99.3,2.32,37.22,3.702,10.44,0.541,0.0,0.0,0.0,0.976,19.74,1,0.858,mechanical,0.98,none,15.17
3895,TRANSIT,10870.1,-8.1,0.678,0.614,4199.3,62.8,27.6,474.9,148.3,72.6,2.93,18.93,1.302,68.97,0.765,0.0,0.0,0.0,0.0,86.08,0,0.238,healthy,0.0,none,103.53
3896,DESERT_PATROL,15953.8,7.9,0.594,0.513,3773.2,47.1,18.7,444.8,147.0,78.0,2.43,15.41,1.224,72.82,0.765,0.0,0.0,0.0,0.0,87.49,0,0.041,healthy,0.0,none,98.54
3897,HIGH_ALTITUDE,17771.7,-15.7,0.87,0.737,5154.8,51.2,27.5,619.4,187.1,74.0,3.77,21.58,0.782,30.66,0.765,0.0,0.0,0.0,0.0,84.28,0,0.065,healthy,0.0,none,96.83
3898,ISR,7110.4,5.9,0.652,0.613,3786.3,63.2,25.0,469.9,157.6,80.5,2.36,22.44,2.567,63.67,0.656,0.0,0.0,0.0,0.475,45.89,1,0.451,mechanical,0.47,none,45.01
3899,TRANSIT,11983.9,-5.3,0.836,0.751,5010.2,61.7,32.4,602.3,190.0,80.5,3.36,22.66,0.884,30.85,0.765,0.0,0.0,0.0,0.0,81.9,0,0.245,healthy,0.0,none,94.73
3900,ISR,12534.4,-7.7,0.644,0.575,4011.5,58.1,24.4,449.1,144.1,72.2,2.8,17.52,1.268,75.61,0.765,0.0,0.0,0.0,0.0,75.34,0,0.123,healthy,0.0,none,82.44
3901,DESERT_PATROL,6722.1,19.8,0.743,0.701,4545.9,67.8,32.3,561.2,185.4,93.7,2.58,21.85,1.125,31.93,0.765,0.0,0.0,0.0,0.0,48.86,1,0.834,sensor,0.83,drift,47.89
3902,ISR,12970.9,-11.2,0.588,0.522,3486.2,34.2,12.4,510.2,152.1,67.4,2.42,25.6,3.661,66.2,0.428,0.456,0.0,0.0,0.456,31.94,1,0.848,combustion,0.91,none,27.34
3903,HIGH_ALTITUDE,19610.3,-26.1,0.939,0.781,5497.2,50.0,28.5,667.2,196.3,70.0,4.25,22.76,0.704,23.49,0.765,0.0,0.0,0.0,0.0,83.42,0,0.108,healthy,0.0,none,91.28
3904,DESERT_PATROL,15096.3,7.7,0.811,0.706,4866.4,51.7,26.2,610.8,193.8,86.8,3.12,20.83,0.927,24.61,0.765,0.0,0.0,0.0,0.0,78.99,0,0.142,healthy,0.0,none,90.65
3905,TRANSIT,6900.6,1.1,0.556,0.523,3567.5,67.9,25.5,391.5,130.5,74.3,2.39,16.53,1.214,89.21,0.765,0.0,0.0,0.0,0.0,85.5,0,0.158,healthy,0.0,none,102.05
3906,DESERT_PATROL,14994.3,-1.3,0.688,0.599,4236.4,52.1,23.1,501.0,167.6,76.4,2.87,17.85,1.274,51.26,0.765,0.0,0.496,0.0,0.0,58.04,1,0.353,cooling,0.5,none,56.66
3907,LOITER,4326.4,4.9,0.5,0.482,3316.2,71.9,25.0,357.2,121.1,74.3,2.11,15.14,1.11,98.72,0.765,0.0,0.0,0.0,0.0,87.56,0,0.043,healthy,0.0,none,103.34
3908,ISR,5873.1,3.3,0.529,0.502,3429.9,69.2,24.7,373.2,127.7,74.8,2.26,16.25,1.178,93.47,0.765,0.0,0.0,0.0,0.0,86.55,0,0.088,healthy,0.0,none,92.68
3909,LOITER,6592.0,1.1,0.515,0.486,3379.6,67.5,24.1,362.6,132.4,72.5,2.21,15.3,1.168,87.46,0.765,0.0,0.582,0.0,0.0,55.24,1,0.501,cooling,0.58,none,57.04
3910,ISR,2379.0,6.1,0.762,0.746,4595.5,84.0,40.5,542.0,178.5,87.5,2.86,23.99,1.093,41.12,0.765,0.0,0.0,0.0,0.0,76.9,0,0.086,healthy,0.0,none,90.29
3911,HIGH_ALTITUDE,16817.8,-18.8,0.701,0.6,4177.2,41.7,18.3,537.4,161.8,65.3,3.1,23.58,2.398,59.96,0.595,0.209,0.0,0.0,0.209,48.23,1,0.449,combustion,0.42,none,42.02
3912,TRANSIT,1842.5,9.9,0.677,0.667,4179.7,82.7,36.2,491.3,161.9,86.2,2.55,21.43,1.262,56.5,0.765,0.0,0.0,0.0,0.0,85.99,0,0.192,healthy,0.0,none,91.63
3913,ISR,6704.8,0.6,0.684,0.645,4227.1,71.5,31.7,489.6,158.5,79.3,2.76,19.94,1.205,61.36,0.765,0.0,0.0,0.0,0.0,86.29,0,0.038,healthy,0.0,none,101.61
3914,ISR,15448.9,-12.8,0.679,0.589,3785.1,47.4,18.7,481.1,149.3,69.1,2.64,21.84,2.924,71.51,0.613,0.0,0.0,0.0,0.662,41.27,1,0.592,mechanical,0.66,none,40.27
3915,HIGH_ALTITUDE,18009.2,-18.2,0.787,0.666,4757.7,50.3,25.1,548.6,168.4,68.9,3.54,19.19,0.927,51.26,0.765,0.0,0.0,0.0,0.0,93.9,0,0.06,healthy,0.0,none,111.18
3916,TRANSIT,3027.7,13.1,0.617,0.601,3863.4,76.9,31.2,446.8,155.0,84.4,2.37,19.35,1.262,66.64,0.765,0.0,0.0,0.0,0.0,81.5,0,0.091,healthy,0.0,none,91.49
3917,TRANSIT,10486.1,-5.7,0.7,0.637,4299.7,63.5,28.6,494.2,158.3,75.5,2.99,19.88,1.225,61.89,0.765,0.0,0.0,0.0,0.0,88.76,0,0.163,healthy,0.0,none,103.7
3918,LOITER,7449.9,1.6,0.584,0.547,3582.2,64.7,24.3,416.6,137.1,75.7,2.33,18.24,1.82,82.38,0.713,0.0,0.0,0.0,0.228,67.57,0,0.126,mechanical,0.23,none,69.9
3919,DESERT_PATROL,15297.6,2.9,0.583,0.507,3717.1,49.1,19.0,424.9,141.5,74.9,2.42,15.15,1.284,79.67,0.765,0.0,0.0,0.0,0.0,81.88,0,0.083,healthy,0.0,none,95.18
3920,DESERT_PATROL,9108.6,13.6,0.567,0.523,3622.1,59.9,22.7,425.1,143.9,81.1,2.3,15.95,1.23,75.49,0.765,0.0,0.0,0.0,0.0,82.19,0,0.06,healthy,0.0,none,95.5
3921,DESERT_PATROL,1462.5,29.3,0.789,0.779,4747.4,70.3,35.3,625.4,212.4,101.8,2.51,26.9,0.967,8.18,0.666,0.369,0.0,0.0,0.0,44.94,1,0.293,injector,0.37,none,43.34
3922,DESERT_PATROL,2517.1,26.1,0.796,0.779,4794.5,78.5,39.3,598.9,209.3,101.1,2.58,24.96,0.936,10.06,0.765,0.0,0.391,0.0,0.0,45.23,1,0.338,cooling,0.39,none,41.16
3923,ISR,11299.7,-4.0,0.65,0.587,4052.0,60.3,25.4,462.7,148.6,73.9,2.81,17.93,1.278,71.41,0.765,0.0,0.0,0.0,0.0,84.14,0,0.199,healthy,0.0,none,97.2
3924,HIGH_ALTITUDE,16736.1,-18.4,0.813,0.697,4858.1,53.4,27.3,573.8,175.2,70.3,3.52,20.59,0.88,45.91,0.765,0.0,0.0,0.0,0.0,90.22,0,0.115,healthy,0.0,none,105.16
3925,HIGH_ALTITUDE,15269.1,-17.6,0.755,0.656,4575.6,55.8,26.8,530.6,161.2,88.5,1.44,19.77,1.087,58.64,0.765,0.0,0.0,0.971,0.0,49.85,1,0.868,lubrication,0.97,none,47.63
3926,HIGH_ALTITUDE,24948.0,-34.9,0.894,0.703,5274.9,41.0,22.6,625.0,181.4,60.2,4.23,19.32,0.737,40.05,0.765,0.0,0.0,0.0,0.0,61.83,1,0.672,sensor,0.81,drift,61.59
3927,DESERT_PATROL,15332.3,7.3,0.513,0.446,3354.8,46.8,16.4,381.6,128.8,74.5,2.18,13.24,1.109,91.71,0.765,0.0,0.0,0.0,0.0,55.85,1,0.833,sensor,0.94,drift,48.76
3928,TRANSIT,12582.8,-10.7,0.521,0.465,3411.9,50.5,18.0,386.5,120.0,64.3,2.41,16.49,1.166,99.65,0.689,0.283,0.0,0.0,0.0,66.91,0,0.233,injector,0.28,none,78.08
3929,ISR,3121.1,11.8,0.541,0.526,3509.3,74.8,27.4,392.8,135.6,81.2,2.16,16.79,1.221,84.32,0.765,0.0,0.0,0.0,0.0,86.42,0,0.15,healthy,0.0,none,100.43
3930,HIGH_ALTITUDE,21118.2,-26.5,0.754,0.617,4363.1,32.8,15.0,595.6,172.2,62.2,3.36,27.08,2.871,47.18,0.528,0.302,0.0,0.0,0.302,42.28,1,0.493,combustion,0.6,none,35.12
3931,DESERT_PATROL,8067.6,21.1,0.594,0.553,3768.0,61.4,24.2,454.4,156.2,87.7,2.22,17.47,1.276,63.5,0.765,0.0,0.0,0.0,0.0,54.69,1,0.824,sensor,0.96,spike,51.07
3932,HIGH_ALTITUDE,19820.2,-21.1,0.858,0.712,5095.3,40.1,21.4,656.2,192.4,69.4,3.8,26.69,0.796,27.76,0.641,0.465,0.0,0.0,0.0,54.09,1,0.349,injector,0.46,none,55.5
3933,TRANSIT,2511.4,14.7,0.7,0.685,4286.2,79.8,36.0,514.7,172.5,89.7,2.54,22.13,1.197,47.33,0.765,0.0,0.0,0.0,0.0,86.27,0,0.12,healthy,0.0,none,98.12
3934,ISR,4901.4,4.8,0.613,0.587,3860.4,73.7,29.8,429.4,148.3,78.9,2.49,18.51,1.325,73.94,0.765,0.0,0.0,0.0,0.0,80.29,0,0.234,healthy,0.0,none,91.76
3935,ISR,5731.4,3.2,0.712,0.677,4366.6,74.0,33.8,503.7,166.2,82.7,2.85,21.19,1.18,53.28,0.765,0.0,0.0,0.0,0.0,85.89,0,0.153,healthy,0.0,none,97.89
3936,TRANSIT,14399.0,-14.0,0.731,0.641,3947.5,49.1,20.0,511.8,158.4,70.5,2.76,24.82,3.371,61.12,0.585,0.0,0.0,0.0,0.784,39.2,1,0.722,mechanical,0.78,none,30.14
3937,ISR,11422.6,-5.0,0.652,0.588,3686.3,54.3,20.8,460.1,149.5,72.9,2.52,21.82,2.701,71.81,0.626,0.0,0.0,0.0,0.604,43.32,1,0.537,mechanical,0.6,none,39.95
3938,ISR,8011.6,4.5,0.506,0.471,2967.7,55.3,17.3,362.7,122.6,74.2,1.85,18.58,2.736,97.02,0.601,0.0,0.0,0.0,0.713,42.29,1,0.541,mechanical,0.71,none,34.88
3939,DESERT_PATROL,2472.3,28.5,0.552,0.54,3573.0,72.7,27.2,418.8,163.1,91.8,1.94,17.38,1.218,56.97,0.765,0.0,0.595,0.0,0.0,54.16,1,0.564,cooling,0.6,none,55.04
3940,HIGH_ALTITUDE,20891.1,-26.1,0.915,0.751,5393.7,47.2,26.8,648.0,190.8,77.8,2.86,21.14,0.734,28.55,0.765,0.0,0.0,0.498,0.0,49.84,1,0.514,lubrication,0.5,none,49.37
3941,HIGH_ALTITUDE,16528.3,-18.0,0.842,0.723,5025.9,54.1,28.1,599.4,183.0,72.1,3.74,21.02,0.835,39.14,0.765,0.0,0.0,0.0,0.0,88.56,0,0.03,healthy,0.0,none,102.07
3942,LOITER,3122.3,7.3,0.526,0.512,3454.1,75.5,27.0,375.0,129.6,77.6,2.18,16.35,1.148,91.33,0.765,0.0,0.0,0.0,0.0,87.05,0,0.168,healthy,0.0,none,102.88
3943,TRANSIT,13567.5,-10.6,0.634,0.561,3970.6,56.3,23.3,446.7,139.3,76.7,2.13,16.95,1.268,80.08,0.765,0.0,0.0,0.396,0.0,57.03,1,0.483,lubrication,0.4,none,55.54
3944,ISR,1304.8,13.5,0.527,0.521,3439.0,79.0,28.7,383.3,134.7,82.5,2.09,17.09,1.144,86.55,0.765,0.0,0.0,0.0,0.0,86.99,0,0.056,healthy,0.0,none,101.6
3945,LOITER,6725.1,1.7,0.596,0.562,3787.1,69.2,27.3,426.7,139.0,89.4,1.44,17.66,1.341,79.72,0.765,0.0,0.0,0.68,0.0,51.38,1,0.698,lubrication,0.68,none,50.95
3946,HIGH_ALTITUDE,24778.7,-37.1,0.865,0.681,5121.8,41.4,22.2,603.4,171.4,58.3,4.17,18.94,0.757,48.37,0.765,0.0,0.0,0.0,0.0,93.09,0,0.184,healthy,0.0,none,108.26
3947,HIGH_ALTITUDE,24479.3,-31.4,0.745,0.588,4504.1,40.0,19.0,520.5,150.4,58.1,3.59,16.2,1.125,70.83,0.765,0.0,0.0,0.0,0.0,92.35,0,0.044,healthy,0.0,none,108.18
3948,TRANSIT,14039.2,-14.5,0.565,0.497,3626.1,54.7,20.9,390.6,122.8,63.6,2.66,14.92,1.253,98.68,0.765,0.0,0.0,0.0,0.0,75.97,0,0.206,healthy,0.0,none,83.74
3949,DESERT_PATROL,14746.7,5.2,0.575,0.502,3678.5,49.6,19.1,423.8,138.8,76.2,2.43,14.98,1.256,79.68,0.765,0.0,0.0,0.0,0.0,53.54,1,0.954,sensor,0.97,spike,56.01
3950,ISR,14538.7,-15.5,0.847,0.742,5037.5,58.1,30.5,599.2,183.0,74.1,3.58,22.19,0.806,36.37,0.765,0.0,0.0,0.0,0.0,61.5,1,0.418,sensor,0.39,freeze,64.57
3951,ISR,10099.6,-2.3,0.821,0.75,4671.2,46.4,22.8,678.3,210.5,82.3,3.06,36.2,2.852,10.97,0.516,0.319,0.0,0.0,0.319,25.72,1,0.55,combustion,0.64,none,22.46
3952,TRANSIT,10791.9,-11.0,0.629,0.57,3945.7,62.7,26.0,444.4,137.6,88.3,1.27,17.25,1.353,82.34,0.765,0.0,0.0,0.917,0.0,48.47,1,0.838,lubrication,0.92,none,43.56
3953,LOITER,7390.8,-2.1,0.421,0.394,2900.8,62.9,19.1,287.3,98.0,66.5,1.91,12.12,0.892,121.52,0.765,0.0,0.0,0.0,0.0,87.1,0,0.22,healthy,0.0,none,96.86
3954,LOITER,5585.5,8.7,0.577,0.549,3226.4,60.2,20.4,417.2,142.6,80.3,1.96,23.09,3.141,78.32,0.577,0.0,0.0,0.0,0.818,38.71,1,0.638,mechanical,0.82,none,37.53
3955,LOITER,3680.0,4.6,0.492,0.476,3251.6,73.5,25.0,344.5,118.9,74.8,2.11,15.11,1.108,101.09,0.765,0.0,0.0,0.0,0.0,55.28,1,0.891,sensor,0.93,spike,54.48
3956,TRANSIT,6487.1,2.0,0.526,0.496,3418.1,67.8,24.1,369.7,125.8,73.2,2.25,15.64,1.139,95.12,0.765,0.0,0.0,0.0,0.0,84.99,0,0.143,healthy,0.0,none,99.63
3957,ISR,11849.4,-3.2,0.627,0.564,3970.9,58.4,24.2,449.7,160.5,73.1,2.73,17.06,1.33,60.23,0.765,0.0,0.765,0.0,0.0,52.04,1,0.687,cooling,0.77,none,55.76
3958,LOITER,6212.9,-0.5,0.557,0.527,3591.0,70.1,26.3,392.2,129.8,73.8,2.37,16.55,1.269,90.43,0.765,0.0,0.0,0.0,0.0,82.8,0,0.241,healthy,0.0,none,89.72
3959,LOITER,3994.9,4.3,0.556,0.537,3536.1,67.4,24.7,412.2,139.8,76.8,2.28,18.92,1.785,80.96,0.679,0.102,0.0,0.0,0.102,67.07,0,0.271,combustion,0.2,none,69.23
3960,LOITER,5228.5,3.6,0.46,0.44,3108.8,68.4,22.2,330.3,111.9,71.7,2.0,13.82,1.001,108.39,0.765,0.0,0.0,0.0,0.0,87.69,0,0.164,healthy,0.0,none,101.11
3961,HIGH_ALTITUDE,15001.8,-13.6,0.849,0.74,5043.6,56.6,30.0,612.8,192.2,75.1,3.6,21.97,0.82,25.63,0.765,0.0,0.494,0.0,0.0,52.69,1,0.439,cooling,0.49,none,52.71
3962,TRANSIT,15334.9,-13.2,0.605,0.526,3832.5,52.4,21.0,424.1,132.4,65.3,2.75,15.43,1.308,88.39,0.765,0.0,0.0,0.0,0.0,58.9,1,0.487,sensor,0.52,drift,54.55
3963,HIGH_ALTITUDE,21394.2,-24.4,0.937,0.765,5492.1,46.0,26.4,668.7,198.2,69.1,4.13,21.42,0.705,22.01,0.765,0.0,0.0,0.0,0.0,84.6,0,0.087,healthy,0.0,none,98.7
3964,LOITER,5078.1,7.6,0.583,0.557,3703.3,71.7,28.1,416.3,142.5,79.1,2.37,17.54,1.23,78.18,0.765,0.0,0.0,0.0,0.0,81.58,0,0.178,healthy,0.0,none,97.98
3965,HIGH_ALTITUDE,19612.5,-25.9,0.841,0.699,4995.9,49.1,25.7,590.0,174.3,65.6,3.82,20.26,0.869,45.41,0.765,0.0,0.0,0.0,0.0,93.08,0,0.046,healthy,0.0,none,113.0
3966,TRANSIT,15276.3,-18.1,0.839,0.729,4970.3,39.5,20.6,663.8,197.8,72.5,3.7,36.72,0.86,22.03,0.531,0.872,0.0,0.0,0.0,43.62,1,0.755,injector,0.87,none,42.82
3967,DESERT_PATROL,2338.4,24.4,0.811,0.795,4856.5,79.8,40.7,607.6,216.6,100.8,2.62,25.52,0.929,5.18,0.765,0.0,0.542,0.0,0.0,38.48,1,0.584,cooling,0.54,none,32.19
3968,DESERT_PATROL,11370.5,9.6,0.508,0.458,3335.7,47.5,16.6,403.4,135.5,76.3,2.16,17.0,1.127,84.22,0.67,0.355,0.0,0.0,0.0,61.96,1,0.259,injector,0.36,none,63.4
3969,LOITER,7893.9,-8.8,0.43,0.401,2936.7,63.6,19.6,287.2,93.6,75.2,1.28,12.42,0.908,125.14,0.765,0.0,0.0,0.585,0.0,56.66,1,0.482,lubrication,0.59,none,58.79
3970,LOITER,3230.9,6.8,0.5,0.487,3296.8,74.4,25.7,354.5,123.5,75.7,2.11,15.29,1.123,97.33,0.765,0.0,0.0,0.0,0.0,87.9,0,0.096,healthy,0.0,none,100.4
3971,DESERT_PATROL,4699.8,28.4,0.714,0.685,4367.7,70.5,32.4,537.7,196.2,98.1,2.4,21.6,1.203,22.3,0.765,0.0,0.535,0.0,0.0,43.9,1,0.529,cooling,0.54,none,41.83
3972,HIGH_ALTITUDE,24544.8,-29.8,0.915,0.723,5149.6,30.4,16.4,699.9,200.6,64.4,4.04,30.24,2.268,19.29,0.544,0.279,0.0,0.0,0.279,39.51,1,0.453,combustion,0.56,none,37.82
3973,LOITER,6753.7,0.5,0.512,0.482,3363.1,67.1,23.8,355.8,120.2,71.7,2.23,15.16,1.113,99.35,0.765,0.0,0.0,0.0,0.0,86.2,0,0.036,healthy,0.0,none,100.94
3974,ISR,3076.4,8.5,0.62,0.604,3896.5,78.0,31.8,439.5,149.3,81.8,2.44,19.23,1.32,69.71,0.765,0.0,0.0,0.0,0.0,82.42,0,0.2,healthy,0.0,none,91.51
3975,ISR,8576.8,-3.1,0.711,0.658,4359.6,68.0,31.1,507.6,163.0,94.1,1.53,20.54,1.207,58.01,0.765,0.0,0.0,0.771,0.0,51.83,1,0.699,lubrication,0.77,none,52.21
3976,DESERT_PATROL,15547.4,9.4,0.53,0.459,3460.8,46.4,16.7,391.7,133.0,76.1,2.21,13.61,1.155,86.1,0.765,0.0,0.0,0.0,0.0,85.58,0,0.146,healthy,0.0,none,98.79
3977,DESERT_PATROL,10723.2,15.5,0.622,0.565,3888.2,57.0,23.4,465.9,176.3,84.9,2.4,17.51,1.321,43.63,0.765,0.0,0.842,0.0,0.0,47.81,1,0.718,cooling,0.84,none,48.54
3978,ISR,5735.6,4.5,0.821,0.781,4913.5,75.5,38.9,590.2,192.0,88.7,3.06,24.37,0.899,28.09,0.765,0.0,0.0,0.0,0.0,49.97,1,0.87,sensor,0.9,spike,50.88
3979,ISR,4325.0,3.6,0.831,0.801,4779.3,60.4,30.4,633.4,202.3,88.7,2.88,37.01,2.396,17.28,0.555,0.264,0.0,0.0,0.264,32.59,1,0.497,combustion,0.53,none,29.46
3980,ISR,5874.9,3.8,0.668,0.634,4128.7,72.6,31.6,481.9,154.9,81.0,2.64,19.92,1.267,62.41,0.765,0.0,0.0,0.0,0.0,62.6,0,0.1,healthy,0.0,none,66.27
3981,DESERT_PATROL,11843.9,10.0,0.734,0.66,4447.6,57.4,27.0,548.1,182.0,85.4,2.78,20.07,1.158,40.72,0.765,0.0,0.0,0.0,0.0,81.13,0,0.212,healthy,0.0,none,88.02
3982,LOITER,5877.6,6.7,0.422,0.401,2903.3,64.6,19.6,303.3,105.3,71.3,1.8,12.58,0.892,114.12,0.765,0.0,0.0,0.0,0.0,81.48,0,0.048,healthy,0.0,none,90.4
3983,TRANSIT,12729.5,-3.8,0.618,0.551,3894.4,50.1,20.4,457.8,147.4,72.3,2.72,19.83,1.279,71.36,0.679,0.32,0.0,0.0,0.0,64.3,1,0.249,injector,0.32,none,67.87
3984,LOITER,3769.1,7.4,0.468,0.453,3010.9,54.4,17.2,392.2,128.8,75.5,1.86,20.9,2.378,90.4,0.558,0.26,0.0,0.0,0.26,44.88,1,0.432,combustion,0.52,none,40.27
3985,ISR,10687.0,-5.6,0.547,0.497,3545.5,59.9,22.2,384.3,124.1,68.8,2.43,15.18,1.208,95.79,0.765,0.0,0.0,0.0,0.0,82.73,0,0.178,healthy,0.0,none,94.92
3986,ISR,8300.6,-0.2,0.792,0.736,4745.6,69.2,34.5,572.8,179.5,83.5,3.08,23.15,0.995,37.58,0.765,0.0,0.0,0.0,0.0,84.66,0,0.248,healthy,0.0,none,97.9
3987,DESERT_PATROL,1753.2,42.8,0.724,0.713,4440.9,75.3,34.6,568.0,202.9,108.4,2.12,23.09,1.148,18.5,0.765,0.0,0.0,0.0,0.0,74.37,0,0.055,healthy,0.0,none,77.19
3988,LOITER,4306.9,2.8,0.527,0.507,3430.3,73.4,26.4,369.5,124.9,74.1,2.27,16.17,1.132,94.69,0.765,0.0,0.0,0.0,0.0,85.19,0,0.048,healthy,0.0,none,92.34
3989,DESERT_PATROL,6944.6,19.6,0.707,0.665,4346.6,66.7,30.2,527.2,179.2,91.2,2.51,20.7,1.17,40.14,0.765,0.0,0.0,0.0,0.0,83.77,0,0.074,healthy,0.0,none,90.83
3990,LOITER,3761.0,12.4,0.533,0.516,3460.4,72.6,26.3,387.0,136.2,81.4,2.13,16.59,1.177,85.36,0.765,0.0,0.0,0.0,0.0,84.94,0,0.226,healthy,0.0,none,94.96
3991,DESERT_PATROL,1395.5,28.8,0.521,0.515,3405.2,74.5,26.6,399.2,144.0,90.3,1.88,16.71,1.157,74.75,0.765,0.0,0.0,0.0,0.0,87.64,0,0.045,healthy,0.0,none,102.93
3992,HIGH_ALTITUDE,23611.0,-35.0,0.849,0.677,4453.4,37.5,17.6,588.4,169.7,59.9,3.47,24.74,3.039,50.61,0.59,0.0,0.0,0.0,0.764,42.97,1,0.665,mechanical,0.76,none,44.35
3993,TRANSIT,9278.8,-5.6,0.588,0.541,3576.0,46.5,17.4,469.9,149.6,71.5,2.43,22.67,2.882,71.24,0.528,0.302,0.0,0.0,0.302,38.24,1,0.629,combustion,0.6,none,34.24
3994,DESERT_PATROL,8403.0,15.6,0.758,0.703,4572.7,64.7,30.8,569.0,190.2,91.2,2.69,21.84,1.072,28.52,0.765,0.0,0.214,0.0,0.0,65.65,0,0.187,cooling,0.21,none,66.75
3995,ISR,15159.2,-16.3,0.67,0.583,4138.5,54.5,23.8,468.3,143.1,66.0,3.02,17.2,1.295,76.48,0.765,0.0,0.0,0.0,0.0,81.89,0,0.151,healthy,0.0,none,92.33
3996,TRANSIT,7284.5,-1.4,0.628,0.588,3932.0,69.3,28.3,441.4,144.8,75.5,2.62,18.39,1.318,75.29,0.765,0.0,0.0,0.0,0.0,85.31,0,0.23,healthy,0.0,none,97.43
3997,LOITER,3880.9,5.9,0.559,0.54,3464.8,72.3,26.2,396.2,135.2,78.3,2.19,18.42,1.658,85.18,0.717,0.0,0.0,0.0,0.211,68.85,0,0.227,mechanical,0.21,none,74.94
3998,LOITER,6304.7,1.4,0.591,0.559,3740.9,70.3,27.5,422.7,155.8,75.7,2.44,17.48,1.26,64.74,0.765,0.0,0.8,0.0,0.0,50.81,1,0.745,cooling,0.8,none,48.3
3999,HIGH_ALTITUDE,15515.1,-15.4,0.937,0.813,5483.3,56.7,32.6,676.9,203.1,77.5,3.86,24.21,0.689,15.87,0.765,0.0,0.0,0.0,0.0,79.1,0,0.157,healthy,0.0,none,89.05
4000,DESERT_PATROL,9004.1,18.0,0.637,0.588,4000.7,60.7,25.3,481.0,163.9,99.4,1.4,18.05,1.277,56.38,0.765,0.0,0.0,0.647,0.0,53.12,1,0.593,lubrication,0.65,none,48.31
4001,TRANSIT,2376.4,11.4,0.613,0.601,3869.7,79.1,32.0,445.7,151.4,83.4,2.39,19.44,1.331,69.06,0.765,0.0,0.0,0.0,0.0,66.77,0,0.299,sensor,0.3,drift,68.69
4002,TRANSIT,1991.2,9.0,0.554,0.544,3336.1,48.7,16.8,489.5,160.2,80.6,2.01,33.21,3.582,57.74,0.44,0.438,0.0,0.0,0.438,33.67,1,0.714,combustion,0.88,none,31.78
4003,TRANSIT,9757.6,-5.0,0.526,0.482,3331.0,48.3,16.9,410.3,128.8,68.9,2.25,18.6,2.28,90.54,0.581,0.228,0.0,0.0,0.228,46.33,1,0.428,combustion,0.46,none,37.9
4004,LOITER,3596.4,14.2,0.464,0.45,3123.8,70.2,23.0,336.5,121.9,79.1,1.88,14.3,0.958,98.96,0.765,0.0,0.0,0.0,0.0,58.96,1,0.604,sensor,0.58,spike,58.6
4005,HIGH_ALTITUDE,23954.4,-36.9,0.805,0.64,4820.6,42.4,21.5,556.1,160.2,56.9,3.92,17.62,0.942,61.88,0.765,0.0,0.0,0.0,0.0,92.92,0,0.171,healthy,0.0,none,110.07
4006,ISR,1867.2,17.8,0.675,0.664,4162.1,80.3,35.0,492.8,168.1,90.2,2.44,21.56,1.246,50.29,0.765,0.0,0.0,0.0,0.0,81.89,0,0.172,healthy,0.0,none,92.25
4007,HIGH_ALTITUDE,17127.5,-22.4,0.791,0.675,4420.8,31.3,14.4,626.6,184.5,66.8,3.24,33.2,3.705,36.02,0.418,0.473,0.0,0.0,0.473,29.56,1,0.815,combustion,0.95,none,26.46
4008,HIGH_ALTITUDE,16192.1,-7.0,0.914,0.787,5357.5,53.2,29.8,673.3,205.9,81.7,3.66,23.16,0.726,13.77,0.765,0.0,0.0,0.0,0.0,66.87,0,0.116,healthy,0.0,none,73.05
4009,LOITER,6929.7,-2.9,0.594,0.559,3775.3,69.8,27.5,416.5,135.3,72.8,2.54,17.39,1.286,84.08,0.765,0.0,0.0,0.0,0.0,57.45,1,0.56,sensor,0.61,drift,61.78
4010,ISR,12481.5,-10.8,0.675,0.603,4173.5,59.5,26.0,474.8,149.5,70.8,3.03,18.26,1.246,71.27,0.765,0.0,0.0,0.0,0.0,87.82,0,0.198,healthy,0.0,none,102.12
4011,LOITER,5668.8,8.8,0.461,0.438,3113.5,66.1,21.6,334.8,115.4,88.9,1.14,13.74,0.974,103.82,0.765,0.0,0.0,0.667,0.0,54.93,1,0.606,lubrication,0.67,none,52.66
4012,HIGH_ALTITUDE,18144.6,-18.4,0.756,0.639,4404.6,38.8,18.1,568.2,170.8,67.7,3.22,23.48,2.525,48.32,0.576,0.235,0.0,0.0,0.235,46.51,1,0.459,combustion,0.47,none,39.56
4013,ISR,4835.5,7.2,0.559,0.536,3575.5,71.8,27.0,405.5,136.3,78.4,2.31,17.09,1.19,83.81,0.765,0.0,0.0,0.0,0.0,85.16,0,0.024,healthy,0.0,none,90.48
4014,LOITER,7931.5,2.3,0.522,0.486,3396.3,64.0,23.0,373.8,125.9,73.2,2.25,15.14,1.156,95.37,0.765,0.0,0.0,0.0,0.0,86.9,0,0.113,healthy,0.0,none,104.57
4015,DESERT_PATROL,1839.7,37.2,0.68,0.669,4206.2,75.5,33.5,523.1,186.2,102.2,2.2,21.4,1.252,32.84,0.765,0.0,0.0,0.0,0.0,74.1,0,0.173,healthy,0.0,none,73.89
4016,LOITER,7318.0,-5.0,0.412,0.386,2854.9,63.4,19.0,278.6,94.3,64.3,1.89,12.1,0.838,126.01,0.765,0.0,0.0,0.0,0.0,86.5,0,0.242,healthy,0.0,none,97.77
4017,TRANSIT,12326.9,-11.5,0.66,0.59,4080.9,59.8,25.6,466.0,144.4,80.8,1.95,18.12,1.283,75.38,0.765,0.0,0.0,0.539,0.0,54.48,1,0.517,lubrication,0.54,none,52.81
4018,TRANSIT,4960.2,1.9,0.765,0.733,4637.8,62.8,30.4,583.1,189.4,84.0,2.91,25.87,0.98,31.62,0.62,0.543,0.0,0.0,0.0,49.68,1,0.487,injector,0.54,none,50.38
4019,LOITER,3644.3,8.4,0.465,0.45,3101.1,71.5,23.4,332.0,115.7,75.2,1.98,14.4,0.982,103.76,0.765,0.0,0.0,0.0,0.0,87.33,0,0.202,healthy,0.0,none,96.02
4020,HIGH_ALTITUDE,23822.4,-32.9,0.846,0.674,5037.8,42.3,22.1,590.0,170.2,60.2,4.03,19.14,0.818,49.26,0.765,0.0,0.0,0.0,0.0,94.25,0,0.057,healthy,0.0,none,115.43
4021,HIGH_ALTITUDE,17964.7,-25.9,0.872,0.738,5154.6,52.9,28.3,616.6,181.0,68.1,3.89,21.33,0.78,38.72,0.765,0.0,0.0,0.0,0.0,60.14,1,0.641,sensor,0.61,spike,57.19
4022,ISR,13830.9,-11.4,0.774,0.682,4681.5,57.9,28.2,541.4,170.6,82.6,2.27,20.28,1.021,49.48,0.765,0.0,0.0,0.469,0.0,57.55,1,0.427,lubrication,0.47,none,61.71
4023,ISR,1423.1,13.0,0.665,0.657,4051.2,73.7,31.5,496.9,169.5,88.3,2.43,24.75,1.87,50.73,0.67,0.113,0.0,0.0,0.113,65.32,0,0.224,combustion,0.23,none,65.5
4024,LOITER,5785.4,8.4,0.407,0.387,2832.4,63.7,18.9,290.0,103.4,72.3,1.78,12.21,0.849,115.94,0.765,0.0,0.0,0.0,0.0,83.45,0,0.198,healthy,0.0,none,89.92
4025,DESERT_PATROL,12931.2,11.3,0.743,0.661,4551.7,54.9,25.9,557.5,183.7,86.2,2.77,19.95,1.07,37.33,0.765,0.0,0.0,0.0,0.0,53.74,1,0.685,sensor,0.66,spike,52.8
4026,ISR,5099.4,3.9,0.502,0.48,3313.2,64.1,22.4,379.5,126.5,73.2,2.14,16.08,1.093,93.84,0.698,0.249,0.0,0.0,0.0,69.21,0,0.291,injector,0.25,none,75.26
4027,HIGH_ALTITUDE,17351.7,-24.4,0.734,0.625,4457.5,41.0,19.0,560.5,165.8,63.0,3.43,20.16,1.131,55.62,0.599,0.62,0.0,0.0,0.0,57.56,1,0.493,injector,0.62,none,58.03
4028,ISR,5057.9,4.0,0.543,0.519,3525.9,65.1,24.0,403.2,134.8,75.2,2.29,19.09,1.226,84.62,0.696,0.258,0.0,0.0,0.0,68.95,0,0.155,injector,0.26,none,75.47
4029,ISR,2429.6,5.7,0.572,0.561,3668.9,79.4,30.7,406.3,154.5,78.0,2.33,17.82,1.267,66.45,0.765,0.0,0.795,0.0,0.0,51.55,1,0.667,cooling,0.8,none,50.06
4030,DESERT_PATROL,8623.8,19.9,0.555,0.514,3569.2,59.4,22.2,421.6,147.4,94.6,1.46,16.1,1.2,72.95,0.765,0.0,0.0,0.469,0.0,55.34,1,0.534,lubrication,0.47,none,51.58
4031,DESERT_PATROL,2128.4,33.9,0.647,0.635,4030.7,74.8,31.5,495.7,190.1,99.0,2.14,20.53,1.295,30.09,0.765,0.0,0.661,0.0,0.0,45.05,1,0.58,cooling,0.66,none,41.79
4032,DESERT_PATROL,8820.6,14.9,0.782,0.722,4722.7,58.9,29.1,602.7,198.4,91.0,2.74,25.43,0.965,22.1,0.703,0.233,0.0,0.0,0.0,61.75,0,0.203,injector,0.23,none,64.57
4033,HIGH_ALTITUDE,18142.0,-21.6,0.882,0.745,5198.9,51.7,28.6,624.5,185.8,70.6,3.87,21.52,0.762,32.85,0.765,0.0,0.0,0.0,0.0,86.1,0,0.218,healthy,0.0,none,97.7
4034,LOITER,6433.5,-0.5,0.457,0.432,3085.2,66.3,21.5,316.9,107.3,69.0,2.05,13.68,0.944,112.3,0.765,0.0,0.0,0.0,0.0,62.23,1,0.277,sensor,0.42,noise,61.16
4035,TRANSIT,14106.3,-11.5,0.834,0.734,4610.5,33.8,16.2,692.2,208.8,76.3,3.2,36.82,3.685,12.28,0.413,0.481,0.0,0.0,0.481,19.38,1,0.846,combustion,0.96,none,13.43
4036,ISR,11160.7,-4.6,0.746,0.675,4215.2,57.6,25.5,534.7,169.9,77.3,2.81,23.99,2.501,50.65,0.656,0.0,0.0,0.0,0.474,48.34,1,0.393,mechanical,0.47,none,41.29
4037,DESERT_PATROL,8661.0,20.7,0.715,0.661,4379.2,62.3,28.4,536.6,187.9,93.0,2.54,20.66,1.173,28.59,0.765,0.0,0.482,0.0,0.0,48.73,1,0.368,cooling,0.48,none,49.62
4038,TRANSIT,14218.6,-14.3,0.649,0.57,4048.7,55.8,23.5,453.8,140.8,66.9,2.94,16.93,1.33,79.73,0.765,0.0,0.0,0.0,0.0,60.23,1,0.421,sensor,0.45,drift,60.55
4039,HIGH_ALTITUDE,23897.8,-29.6,0.865,0.688,5160.6,29.9,16.0,682.3,193.4,63.4,4.07,31.43,0.791,25.39,0.547,0.814,0.0,0.0,0.0,47.95,1,0.669,injector,0.81,none,49.14
4040,LOITER,6783.6,-1.8,0.582,0.548,3694.5,69.6,27.2,413.2,133.8,73.1,2.48,17.13,1.252,85.76,0.765,0.0,0.0,0.0,0.0,85.94,0,0.112,healthy,0.0,none,97.44
4041,LOITER,3721.0,8.0,0.404,0.391,2660.3,46.3,13.0,336.1,115.8,73.0,1.6,18.43,2.749,104.09,0.486,0.364,0.0,0.0,0.364,36.89,1,0.735,combustion,0.73,none,31.07
4042,DESERT_PATROL,3446.0,32.8,0.774,0.752,4549.9,61.6,29.3,628.5,213.4,103.6,2.36,28.37,2.068,6.83,0.621,0.174,0.0,0.0,0.174,36.78,1,0.336,combustion,0.35,none,31.3
4043,LOITER,6721.3,-0.7,0.591,0.557,3760.3,69.7,27.2,418.7,135.2,74.9,2.5,17.27,1.285,82.87,0.765,0.0,0.0,0.0,0.0,53.7,1,0.916,sensor,0.98,freeze,54.83
4044,ISR,3758.3,5.7,0.68,0.658,4219.7,78.3,34.8,478.2,161.2,83.0,2.61,21.18,1.272,58.75,0.765,0.0,0.0,0.0,0.0,86.54,0,0.122,healthy,0.0,none,106.59
4045,LOITER,3931.7,11.6,0.562,0.543,3599.9,73.2,27.8,408.4,141.6,81.2,2.25,17.0,1.278,79.67,0.765,0.0,0.0,0.0,0.0,77.93,0,0.195,healthy,0.0,none,81.24
4046,HIGH_ALTITUDE,20853.6,-25.9,0.732,0.601,4466.4,45.5,21.3,502.7,149.7,61.7,3.47,17.39,1.146,69.61,0.765,0.0,0.0,0.0,0.0,72.65,1,0.213,sensor,0.31,freeze,80.5
4047,ISR,9054.0,-2.2,0.813,0.749,4857.9,68.1,34.5,583.1,185.7,82.4,3.24,23.04,0.896,34.47,0.765,0.0,0.0,0.0,0.0,55.96,1,0.603,sensor,0.65,noise,58.13
4048,TRANSIT,7971.6,-1.8,0.574,0.535,3687.3,66.3,25.7,401.3,132.5,73.6,2.47,16.71,1.226,87.24,0.765,0.0,0.0,0.0,0.0,83.91,0,0.168,healthy,0.0,none,89.63
4049,TRANSIT,10524.0,-4.5,0.741,0.674,4493.0,63.8,30.2,525.4,170.2,77.4,3.03,20.58,1.121,51.8,0.765,0.0,0.0,0.0,0.0,81.06,0,0.207,healthy,0.0,none,95.41
4050,LOITER,7132.6,-3.3,0.595,0.558,3326.2,60.0,20.7,418.2,135.5,73.9,2.16,23.16,3.053,84.2,0.583,0.0,0.0,0.0,0.793,37.67,1,0.757,mechanical,0.79,none,38.31
4051,LOITER,6089.5,3.6,0.443,0.42,2937.8,53.7,16.5,348.3,117.6,71.2,1.86,17.16,1.877,101.71,0.609,0.191,0.0,0.0,0.191,52.91,1,0.356,combustion,0.38,none,56.11
4052,LOITER,7845.7,-2.8,0.506,0.472,3337.2,65.0,22.7,352.5,116.1,77.0,1.72,14.55,1.105,103.07,0.765,0.0,0.0,0.364,0.0,61.53,1,0.369,lubrication,0.36,none,60.64
4053,TRANSIT,10861.9,-8.0,0.505,0.458,3307.3,58.9,20.5,346.8,112.3,66.0,2.37,14.02,1.082,107.13,0.765,0.0,0.0,0.0,0.0,79.21,0,0.195,healthy,0.0,none,91.42
4054,DESERT_PATROL,9845.7,19.8,0.518,0.474,3397.4,55.8,19.8,397.6,140.3,83.4,2.02,14.75,1.135,81.04,0.765,0.0,0.0,0.0,0.0,62.46,1,0.342,sensor,0.39,spike,64.32
4055,HIGH_ALTITUDE,16472.1,-16.3,0.702,0.603,4281.8,52.1,23.5,499.1,151.6,80.0,1.87,17.72,1.241,69.09,0.765,0.0,0.0,0.682,0.0,52.94,1,0.617,lubrication,0.68,none,51.83
4056,TRANSIT,3428.7,12.4,0.589,0.571,3743.7,75.2,29.3,423.4,158.1,83.5,2.31,18.5,1.27,60.52,0.765,0.0,0.668,0.0,0.0,52.68,1,0.629,cooling,0.67,none,48.46
4057,HIGH_ALTITUDE,17073.9,-25.4,0.802,0.685,4798.8,54.0,27.2,558.0,166.4,73.2,2.77,19.87,0.959,54.2,0.765,0.0,0.0,0.382,0.0,62.46,1,0.355,lubrication,0.38,none,65.34
4058,DESERT_PATROL,15851.6,7.6,0.845,0.73,5031.1,50.5,26.5,639.2,202.6,87.2,3.13,21.5,0.831,17.06,0.765,0.0,0.0,0.0,0.0,75.32,0,0.236,healthy,0.0,none,83.42
4059,DESERT_PATROL,1325.5,33.3,0.805,0.795,4844.4,80.3,40.4,604.9,208.9,105.6,2.41,26.06,0.936,9.13,0.765,0.0,0.0,0.0,0.0,71.67,0,0.148,healthy,0.0,none,77.52
4060,HIGH_ALTITUDE,16656.7,-19.6,0.766,0.657,4614.2,53.3,25.6,543.3,164.7,67.3,3.48,19.29,1.075,57.44,0.765,0.0,0.0,0.0,0.0,92.41,0,0.089,healthy,0.0,none,106.21
4061,DESERT_PATROL,9808.2,12.4,0.831,0.761,4966.1,47.4,24.7,674.8,217.0,91.7,3.02,26.66,0.874,3.07,0.576,0.705,0.0,0.0,0.0,37.0,1,0.517,injector,0.7,none,33.98
4062,DESERT_PATROL,6158.2,18.2,0.581,0.55,3691.3,66.3,25.7,435.2,151.0,92.9,1.64,17.62,1.26,69.38,0.765,0.0,0.0,0.39,0.0,59.69,1,0.26,lubrication,0.39,none,61.18
4063,TRANSIT,12220.6,-8.4,0.628,0.563,3936.0,58.7,24.2,443.0,151.0,70.4,2.77,17.31,1.301,68.53,0.765,0.0,0.607,0.0,0.0,54.64,1,0.562,cooling,0.61,none,55.43
4064,ISR,15171.3,-11.5,0.544,0.473,3538.0,38.5,14.2,431.8,135.2,64.9,2.51,21.31,1.203,85.9,0.575,0.711,0.0,0.0,0.0,49.65,1,0.746,injector,0.71,none,47.56
4065,HIGH_ALTITUDE,18152.2,-20.0,0.727,0.614,4143.4,30.7,13.3,591.0,174.7,65.7,3.07,33.49,3.667,44.01,0.442,0.434,0.0,0.0,0.434,32.75,1,0.822,combustion,0.87,none,24.69
4066,HIGH_ALTITUDE,18459.9,-22.3,0.829,0.698,4942.5,50.7,26.2,591.4,172.6,68.1,3.75,20.27,0.857,45.3,0.765,0.0,0.0,0.0,0.0,73.13,0,0.061,healthy,0.0,none,82.48
4067,LOITER,7201.5,-0.7,0.573,0.537,3649.6,68.0,26.1,405.6,133.5,73.7,2.44,16.8,1.301,86.84,0.765,0.0,0.0,0.0,0.0,86.41,0,0.081,healthy,0.0,none,97.73
4068,LOITER,7546.6,-2.3,0.423,0.396,2725.6,39.8,11.4,361.9,117.8,66.5,1.78,22.56,2.97,101.26,0.456,0.411,0.0,0.0,0.411,34.12,1,0.748,combustion,0.82,none,27.28
4069,DESERT_PATROL,2094.7,31.8,0.563,0.553,3376.1,68.7,24.6,430.7,158.0,93.8,1.8,20.07,2.113,62.89,0.675,0.0,0.0,0.0,0.391,52.26,1,0.358,mechanical,0.39,none,48.86
4070,TRANSIT,7674.2,3.5,0.708,0.661,4347.9,68.6,31.1,509.8,167.0,81.5,2.78,20.41,1.218,53.25,0.765,0.0,0.0,0.0,0.0,81.07,0,0.231,healthy,0.0,none,95.35
4071,TRANSIT,14487.3,-15.4,0.823,0.721,4923.3,57.9,29.8,588.8,177.3,92.8,1.5,21.16,0.915,41.68,0.765,0.0,0.0,0.97,0.0,46.66,1,0.919,lubrication,0.97,none,40.14
4072,ISR,2995.2,8.8,0.8,0.779,4790.9,82.0,41.2,573.6,190.0,89.9,2.96,25.18,0.958,30.24,0.765,0.0,0.0,0.0,0.0,82.76,0,0.094,healthy,0.0,none,98.03
4073,TRANSIT,6861.9,4.1,0.522,0.491,3421.2,66.3,23.8,373.7,125.6,91.6,1.03,15.4,1.148,94.01,0.765,0.0,0.0,0.878,0.0,50.48,1,0.814,lubrication,0.88,none,50.15
4074,DESERT_PATROL,9696.1,12.5,0.676,0.62,3787.7,54.6,21.6,501.9,166.6,85.9,2.28,23.63,2.927,52.08,0.621,0.0,0.0,0.0,0.628,40.7,1,0.608,mechanical,0.63,none,42.12
4075,DESERT_PATROL,10210.7,25.0,0.664,0.606,3851.0,34.6,13.9,632.3,209.7,92.1,2.18,35.65,3.763,12.07,0.433,0.449,0.0,0.0,0.449,16.82,1,0.858,combustion,0.9,none,8.72
4076,HIGH_ALTITUDE,20842.6,-22.4,0.788,0.648,4584.8,35.9,17.4,618.4,183.1,65.6,3.4,25.57,2.35,37.64,0.583,0.226,0.0,0.0,0.226,45.35,1,0.377,combustion,0.45,none,44.78
4077,ISR,15965.6,-14.5,0.549,0.474,3547.9,50.3,18.7,380.7,118.9,63.0,2.59,14.01,1.238,101.89,0.765,0.0,0.0,0.0,0.0,83.31,0,0.156,healthy,0.0,none,97.74
4078,TRANSIT,15418.8,-12.9,0.535,0.465,3461.7,50.8,18.6,369.5,116.4,64.0,2.5,13.79,1.177,103.7,0.765,0.0,0.0,0.0,0.0,82.5,0,0.135,healthy,0.0,none,95.02
4079,DESERT_PATROL,10001.1,16.5,0.804,0.735,4810.7,61.3,31.2,598.6,199.1,92.6,2.84,22.6,0.927,20.3,0.765,0.0,0.0,0.0,0.0,76.97,0,0.103,healthy,0.0,none,78.74
4080,ISR,4603.9,1.8,0.611,0.587,3850.5,75.3,30.4,427.2,149.4,77.4,2.52,18.58,1.27,70.55,0.765,0.0,0.391,0.0,0.0,58.92,1,0.332,cooling,0.39,none,60.73
4081,ISR,15214.0,-15.2,0.587,0.51,3729.9,52.7,20.5,406.2,125.7,63.9,2.72,15.2,1.259,94.24,0.765,0.0,0.0,0.0,0.0,83.65,0,0.208,healthy,0.0,none,93.87
4082,HIGH_ALTITUDE,21450.3,-25.8,0.867,0.707,5122.3,45.7,24.3,609.3,178.7,71.3,3.38,20.26,0.769,39.13,0.765,0.0,0.0,0.24,0.0,70.98,0,0.263,lubrication,0.24,none,80.19
4083,LOITER,3529.0,7.0,0.592,0.574,3299.5,66.2,23.0,421.3,142.0,79.1,2.06,23.76,3.043,77.19,0.585,0.0,0.0,0.0,0.785,37.84,1,0.745,mechanical,0.78,none,34.89
4084,LOITER,4924.6,4.8,0.586,0.561,3719.6,64.5,25.2,444.5,147.3,77.6,2.41,21.28,1.247,73.07,0.676,0.332,0.0,0.0,0.0,63.29,1,0.194,injector,0.33,none,65.48
4085,TRANSIT,2517.4,12.6,0.697,0.682,4292.1,80.4,36.2,505.9,168.7,88.6,2.6,21.86,1.222,49.58,0.765,0.0,0.0,0.0,0.0,84.51,0,0.074,healthy,0.0,none,97.33
4086,DESERT_PATROL,3500.9,32.7,0.773,0.75,4693.8,73.7,36.1,595.3,204.5,103.3,2.42,23.86,1.031,15.68,0.765,0.0,0.0,0.0,0.0,66.27,0,0.049,healthy,0.0,none,66.34
4087,LOITER,4603.1,2.8,0.583,0.56,3724.5,74.3,28.9,414.9,138.3,76.8,2.44,17.99,1.273,82.21,0.765,0.0,0.0,0.0,0.0,83.48,0,0.132,healthy,0.0,none,96.04
4088,LOITER,3714.3,10.4,0.511,0.495,3360.6,72.6,25.5,364.9,129.0,78.7,2.08,15.68,1.131,91.83,0.765,0.0,0.0,0.0,0.0,86.02,0,0.112,healthy,0.0,none,96.81
4089,HIGH_ALTITUDE,18184.3,-23.8,0.816,0.689,4877.1,51.4,26.4,573.0,170.3,66.8,3.64,19.88,0.893,49.6,0.765,0.0,0.0,0.0,0.0,92.0,0,0.172,healthy,0.0,none,107.25
4090,ISR,1656.6,11.2,0.544,0.537,3522.2,79.2,29.5,389.9,143.3,81.2,2.19,17.4,1.177,74.18,0.765,0.0,0.568,0.0,0.0,54.55,1,0.571,cooling,0.57,none,57.64
4091,TRANSIT,9960.9,-5.1,0.776,0.71,4682.9,65.9,32.2,557.9,175.2,79.2,3.12,21.4,0.994,44.87,0.765,0.0,0.0,0.0,0.0,84.05,0,0.242,healthy,0.0,none,97.05
4092,LOITER,5772.4,3.0,0.463,0.44,3117.9,67.3,21.9,324.5,111.7,71.2,1.99,13.88,0.973,108.25,0.765,0.0,0.0,0.0,0.0,85.36,0,0.118,healthy,0.0,none,94.51
4093,LOITER,6163.9,3.7,0.533,0.505,3038.1,58.5,18.4,378.2,129.5,75.1,1.89,21.48,3.095,92.17,0.57,0.0,0.0,0.0,0.849,37.63,1,0.728,mechanical,0.85,none,34.27
4094,TRANSIT,9379.6,-3.3,0.551,0.507,3553.4,62.6,23.4,388.3,126.9,71.2,2.43,15.47,1.273,93.23,0.765,0.0,0.0,0.0,0.0,84.3,0,0.189,healthy,0.0,none,97.7
4095,HIGH_ALTITUDE,20659.5,-25.1,0.727,0.599,4422.1,45.7,21.2,511.8,148.9,69.2,2.69,17.07,1.14,70.03,0.765,0.0,0.0,0.355,0.0,63.48,1,0.29,lubrication,0.35,none,67.63
4096,LOITER,6850.7,3.6,0.558,0.525,3594.8,49.3,18.7,461.9,148.6,76.1,2.32,19.18,1.198,70.54,0.56,0.767,0.0,0.0,0.0,49.92,1,0.67,injector,0.77,none,45.83
4097,ISR,5687.4,4.3,0.758,0.721,4595.9,74.7,36.2,546.9,176.1,85.4,2.89,22.69,1.06,42.3,0.765,0.0,0.0,0.0,0.0,58.87,1,0.431,sensor,0.49,spike,59.21
4098,TRANSIT,3887.4,7.1,0.792,0.766,4765.6,79.7,39.9,566.1,188.4,108.2,1.29,24.46,0.964,33.05,0.765,0.0,0.0,0.91,0.0,45.3,1,0.746,lubrication,0.91,none,40.07
4099,LOITER,4037.8,4.8,0.533,0.515,3285.4,51.2,17.6,461.9,146.0,76.2,2.08,23.25,2.968,71.7,0.503,0.339,0.0,0.0,0.339,38.0,1,0.512,combustion,0.68,none,33.39
4100,HIGH_ALTITUDE,16444.2,-16.9,0.901,0.774,5310.7,54.6,30.5,654.0,191.2,75.4,3.91,22.49,0.723,25.06,0.765,0.0,0.0,0.0,0.0,65.29,1,0.238,sensor,0.31,noise,66.14
4101,TRANSIT,14437.8,-13.9,0.653,0.572,4071.2,48.5,20.7,477.6,150.3,67.6,2.99,17.9,1.257,71.06,0.67,0.353,0.0,0.0,0.0,62.79,1,0.305,injector,0.35,none,65.85
4102,LOITER,5131.7,4.4,0.456,0.436,3096.7,68.3,22.1,319.6,111.1,73.3,1.96,13.89,0.955,108.6,0.765,0.0,0.0,0.0,0.0,86.14,0,0.165,healthy,0.0,none,98.79
4103,LOITER,7192.7,4.8,0.47,0.441,3142.3,63.6,20.9,333.7,114.7,72.6,2.04,14.0,0.993,104.85,0.765,0.0,0.0,0.0,0.0,87.67,0,0.229,healthy,0.0,none,99.7
4104,DESERT_PATROL,1183.5,31.8,0.597,0.591,3569.5,52.6,19.8,519.1,180.1,95.8,1.88,27.26,3.049,40.05,0.498,0.346,0.0,0.0,0.346,31.86,1,0.689,combustion,0.69,none,25.44
4105,TRANSIT,10419.0,-6.2,0.51,0.464,3350.8,59.7,20.8,351.8,127.0,67.1,2.32,14.16,1.1,92.24,0.765,0.0,0.657,0.0,0.0,53.89,1,0.642,cooling,0.66,none,50.42
4106,HIGH_ALTITUDE,24717.3,-37.2,0.947,0.747,5529.8,42.2,24.7,662.7,189.5,70.7,3.23,20.62,0.669,29.9,0.765,0.0,0.0,0.45,0.0,53.52,1,0.391,lubrication,0.45,none,50.67
4107,DESERT_PATROL,14528.2,8.7,0.565,0.494,3626.2,49.2,18.6,424.0,141.4,77.4,2.3,14.97,1.235,79.1,0.765,0.0,0.0,0.0,0.0,77.39,0,0.135,healthy,0.0,none,81.3
4108,DESERT_PATROL,15202.1,3.1,0.549,0.477,3545.4,48.6,18.2,403.4,133.2,73.1,2.35,14.25,1.2,87.24,0.765,0.0,0.0,0.0,0.0,86.08,0,0.237,healthy,0.0,none,95.94
4109,LOITER,3662.8,-0.6,0.439,0.426,3011.5,72.8,23.1,297.1,103.6,68.5,1.95,13.7,0.91,116.92,0.765,0.0,0.0,0.0,0.0,84.15,0,0.142,healthy,0.0,none,99.97
4110,DESERT_PATROL,1414.4,28.4,0.704,0.695,4309.0,79.4,35.9,529.8,202.2,98.7,2.33,22.59,1.218,17.5,0.765,0.0,0.842,0.0,0.0,37.58,1,0.773,cooling,0.84,none,35.01
4111,DESERT_PATROL,6577.8,23.4,0.831,0.784,4267.7,58.0,26.1,626.0,209.3,98.7,2.28,33.44,3.44,9.65,0.56,0.0,0.0,0.0,0.893,19.62,1,0.888,mechanical,0.89,none,11.76
4112,DESERT_PATROL,14678.2,4.8,0.663,0.58,4109.8,51.3,22.2,496.1,159.2,78.2,2.69,17.28,1.195,60.34,0.765,0.0,0.0,0.0,0.0,87.45,0,0.17,healthy,0.0,none,99.83
4113,ISR,8961.5,-5.3,0.699,0.646,4281.2,67.3,30.3,490.5,175.8,76.2,2.91,19.74,1.225,45.09,0.765,0.0,0.823,0.0,0.0,51.21,1,0.699,cooling,0.82,none,47.31
4114,DESERT_PATROL,12263.4,13.0,0.734,0.657,4461.8,55.9,26.4,550.0,181.9,87.8,2.79,20.14,1.17,38.17,0.765,0.0,0.0,0.0,0.0,79.21,0,0.027,healthy,0.0,none,92.11
4115,HIGH_ALTITUDE,18560.0,-17.3,0.766,0.644,4619.3,48.8,23.7,551.2,163.2,82.5,2.04,18.84,1.081,55.25,0.765,0.0,0.0,0.648,0.0,54.69,1,0.581,lubrication,0.65,none,52.3
4116,ISR,7610.8,-4.3,0.601,0.561,3566.0,64.2,24.0,421.2,137.0,72.6,2.4,19.64,2.302,83.6,0.674,0.0,0.0,0.0,0.398,50.78,1,0.322,mechanical,0.4,none,50.99
4117,TRANSIT,12358.9,-9.9,0.62,0.554,3915.9,58.6,23.9,430.2,137.2,69.1,2.75,16.89,1.282,82.95,0.765,0.0,0.0,0.0,0.0,71.62,0,0.208,sensor,0.25,spike,76.39
4118,DESERT_PATROL,1838.3,32.4,0.766,0.754,4417.2,57.0,26.3,663.5,225.6,102.9,2.28,32.74,2.684,-2.78,0.532,0.297,0.0,0.0,0.297,20.74,1,0.539,combustion,0.59,none,12.75
4119,TRANSIT,1958.7,10.2,0.562,0.552,3602.3,79.2,29.9,400.3,138.5,80.5,2.25,18.0,1.274,81.51,0.765,0.0,0.0,0.0,0.0,80.66,0,0.072,healthy,0.0,none,88.36
4120,LOITER,6017.6,5.5,0.537,0.51,3480.3,68.5,25.0,382.8,130.7,76.1,2.22,16.16,1.172,89.68,0.765,0.0,0.0,0.0,0.0,56.64,1,0.708,sensor,0.87,freeze,59.09
4121,DESERT_PATROL,4400.2,31.6,0.79,0.76,4752.7,60.9,30.2,628.8,214.8,103.4,2.5,26.1,0.968,3.46,0.648,0.436,0.0,0.0,0.0,38.61,1,0.385,injector,0.44,none,32.69
4122,TRANSIT,4989.9,9.2,0.521,0.499,3391.2,69.8,24.7,375.2,128.3,77.5,2.15,15.87,1.158,90.47,0.765,0.0,0.0,0.0,0.0,72.3,0,0.036,healthy,0.0,none,86.92
4123,TRANSIT,9957.9,-4.3,0.744,0.681,4522.2,65.3,30.8,523.1,188.9,77.6,3.13,20.76,1.122,32.38,0.765,0.0,0.872,0.0,0.0,46.61,1,0.792,cooling,0.87,none,43.95
4124,LOITER,7189.5,4.8,0.428,0.402,2942.4,62.1,19.1,305.7,106.7,71.2,1.89,12.5,0.894,114.09,0.765,0.0,0.0,0.0,0.0,85.8,0,0.213,healthy,0.0,none,97.38
4125,HIGH_ALTITUDE,17633.4,-18.2,0.939,0.797,5496.8,52.6,30.5,678.1,203.2,75.3,3.94,23.01,0.714,17.24,0.765,0.0,0.0,0.0,0.0,70.89,0,0.227,healthy,0.0,none,77.2
4126,ISR,10711.7,-8.2,0.615,0.559,3856.3,49.6,20.1,473.8,149.1,69.6,2.67,23.85,1.283,71.03,0.612,0.573,0.0,0.0,0.0,53.42,1,0.504,injector,0.57,none,52.71
4127,TRANSIT,8717.6,-1.9,0.739,0.684,4478.5,67.8,31.9,527.2,169.3,79.4,2.98,21.14,1.144,50.65,0.765,0.0,0.0,0.0,0.0,82.29,0,0.202,healthy,0.0,none,93.2
4128,LOITER,4625.5,6.3,0.505,0.485,3086.3,40.4,13.0,438.6,144.8,76.3,1.93,25.88,3.811,75.13,0.403,0.499,0.0,0.0,0.499,31.05,1,0.848,combustion,1.0,none,22.49
4129,HIGH_ALTITUDE,20848.9,-29.0,0.871,0.715,5160.3,47.5,25.6,618.5,179.0,64.3,4.03,20.26,0.795,40.89,0.765,0.0,0.0,0.0,0.0,85.08,0,0.123,healthy,0.0,none,93.79
4130,LOITER,4841.5,4.1,0.441,0.423,2998.8,68.5,21.5,310.2,108.0,71.2,1.93,13.42,0.917,112.33,0.765,0.0,0.0,0.0,0.0,85.74,0,0.206,healthy,0.0,none,99.35
4131,ISR,9628.9,-1.5,0.596,0.547,3793.7,62.6,25.1,425.9,139.4,73.8,2.54,16.48,1.256,81.73,0.765,0.0,0.0,0.0,0.0,86.21,0,0.166,healthy,0.0,none,94.73
4132,HIGH_ALTITUDE,17595.2,-18.6,0.934,0.793,5471.4,52.7,30.3,661.6,202.1,74.4,3.99,22.98,0.694,18.8,0.765,0.0,0.0,0.0,0.0,63.0,1,0.183,sensor,0.32,freeze,66.81
4133,HIGH_ALTITUDE,19717.5,-26.6,0.889,0.738,5233.0,49.5,27.0,623.7,186.1,66.8,3.97,21.35,0.769,35.18,0.765,0.0,0.0,0.0,0.0,82.14,0,0.165,healthy,0.0,none,92.79
4134,HIGH_ALTITUDE,22571.8,-23.2,0.734,0.592,4471.2,41.9,19.8,516.1,151.5,63.0,3.45,16.8,1.137,66.64,0.765,0.0,0.0,0.0,0.0,90.13,0,0.039,healthy,0.0,none,103.37
4135,LOITER,5813.0,2.0,0.513,0.487,3352.5,69.2,24.2,365.4,120.0,73.1,2.2,15.35,1.094,98.11,0.765,0.0,0.0,0.0,0.0,59.78,1,0.451,sensor,0.58,freeze,62.67
4136,TRANSIT,13194.7,-8.1,0.578,0.512,3703.2,55.5,21.2,404.5,136.5,67.6,2.61,15.54,1.195,82.59,0.765,0.0,0.468,0.0,0.0,57.04,1,0.418,cooling,0.47,none,63.95
4137,DESERT_PATROL,4443.3,22.8,0.79,0.76,4753.6,73.9,36.6,587.5,200.0,97.8,2.64,23.99,0.977,19.96,0.765,0.0,0.0,0.0,0.0,65.26,0,0.063,healthy,0.0,none,70.85
4138,ISR,8848.1,-5.5,0.503,0.465,3296.3,63.1,22.1,347.1,114.7,80.2,1.38,14.53,1.124,105.93,0.765,0.0,0.0,0.634,0.0,54.25,1,0.601,lubrication,0.63,none,56.03
4139,HIGH_ALTITUDE,19251.5,-17.9,0.752,0.628,4545.2,31.5,15.0,608.7,182.0,68.0,3.36,22.15,1.072,38.7,0.508,0.958,0.0,0.0,0.0,46.1,1,0.895,injector,0.96,none,44.91
4140,ISR,8082.9,-3.7,0.846,0.787,4722.7,43.5,21.1,701.0,215.2,83.0,3.04,46.61,3.473,4.14,0.435,0.446,0.0,0.0,0.446,16.44,1,0.82,combustion,0.89,none,9.61
4141,TRANSIT,5710.6,6.8,0.604,0.575,3809.0,65.1,26.0,451.6,152.1,80.4,2.43,20.73,1.255,69.08,0.703,0.231,0.0,0.0,0.0,70.56,0,0.161,injector,0.23,none,75.79
4142,DESERT_PATROL,5298.8,26.2,0.819,0.782,4913.1,55.8,28.9,668.0,221.0,101.6,2.64,27.74,0.89,-2.44,0.6,0.615,0.0,0.0,0.0,34.62,1,0.543,injector,0.61,none,30.02
4143,ISR,3276.4,11.0,0.564,0.549,3631.8,75.3,28.6,406.3,148.6,81.9,2.2,17.56,1.224,72.03,0.765,0.0,0.457,0.0,0.0,56.41,1,0.417,cooling,0.46,none,63.61
4144,LOITER,3906.0,8.7,0.57,0.551,3643.0,74.3,28.2,406.7,139.8,79.5,2.3,17.45,1.273,80.45,0.765,0.0,0.0,0.0,0.0,74.67,0,0.035,healthy,0.0,none,79.2
4145,LOITER,4129.7,1.8,0.411,0.397,2850.4,69.6,20.7,283.1,100.1,69.3,1.82,12.6,0.853,120.9,0.765,0.0,0.0,0.0,0.0,56.43,1,0.857,sensor,0.93,spike,59.12
4146,HIGH_ALTITUDE,15840.9,-13.7,0.876,0.757,4851.3,51.4,26.1,628.3,193.0,75.6,3.44,26.01,1.966,28.04,0.67,0.0,0.0,0.0,0.412,47.23,1,0.364,mechanical,0.41,none,43.98
4147,HIGH_ALTITUDE,16382.0,-15.2,0.914,0.786,5353.9,54.5,30.6,665.4,198.4,77.1,3.79,23.29,0.687,20.59,0.765,0.0,0.0,0.0,0.0,82.55,0,0.029,healthy,0.0,none,95.44
4148,TRANSIT,13910.8,-12.5,0.554,0.488,3552.6,54.3,20.4,386.4,119.4,64.2,2.54,14.74,1.251,99.61,0.765,0.0,0.0,0.0,0.0,86.91,0,0.086,healthy,0.0,none,94.98
4149,TRANSIT,6203.9,0.0,0.647,0.612,3702.0,65.4,25.3,454.5,149.0,77.3,2.37,23.23,2.651,70.17,0.634,0.0,0.0,0.0,0.572,44.14,1,0.505,mechanical,0.57,none,41.39
4150,LOITER,4349.2,2.2,0.497,0.478,3285.0,72.4,24.8,344.0,117.6,72.6,2.16,15.27,1.08,101.83,0.765,0.0,0.0,0.0,0.0,83.31,0,0.065,healthy,0.0,none,99.19
4151,HIGH_ALTITUDE,16003.9,-16.2,0.745,0.643,4550.6,53.7,25.3,526.4,158.8,78.8,2.3,18.94,1.09,59.39,0.765,0.0,0.0,0.491,0.0,56.67,1,0.47,lubrication,0.49,none,61.1
4152,TRANSIT,2036.5,12.8,0.645,0.633,4004.5,80.5,33.9,465.1,159.0,86.0,2.42,20.61,1.26,61.14,0.765,0.0,0.0,0.0,0.0,84.35,0,0.227,healthy,0.0,none,95.41
4153,HIGH_ALTITUDE,19950.6,-25.3,0.764,0.633,4619.7,47.5,23.1,539.7,156.5,68.0,2.98,18.71,1.067,62.22,0.765,0.0,0.0,0.249,0.0,72.7,0,0.249,lubrication,0.25,none,79.53
4154,TRANSIT,10341.8,-7.8,0.709,0.646,4347.9,64.6,29.2,505.1,156.1,91.3,1.49,19.98,1.173,61.78,0.765,0.0,0.0,0.84,0.0,51.21,1,0.745,lubrication,0.84,none,43.72
4155,TRANSIT,13459.7,-15.1,0.546,0.483,3535.3,55.7,20.7,374.5,115.6,63.3,2.57,14.52,1.205,103.59,0.765,0.0,0.0,0.0,0.0,83.46,0,0.147,healthy,0.0,none,90.54
4156,TRANSIT,12283.2,-9.0,0.79,0.707,4464.2,57.0,26.4,558.2,173.9,76.1,3.05,24.56,2.309,44.25,0.664,0.0,0.0,0.0,0.438,48.27,1,0.439,mechanical,0.44,none,45.81
4157,LOITER,4860.8,4.8,0.417,0.4,2879.7,67.3,20.5,295.8,104.1,70.7,1.84,12.72,0.863,116.88,0.765,0.0,0.0,0.0,0.0,86.6,0,0.131,healthy,0.0,none,98.55
4158,DESERT_PATROL,9872.4,19.8,0.522,0.478,3413.5,55.9,19.9,398.7,146.3,83.4,2.01,14.68,1.178,72.36,0.765,0.0,0.455,0.0,0.0,57.17,1,0.376,cooling,0.46,none,60.19
4159,DESERT_PATROL,6914.1,24.9,0.658,0.619,4097.1,58.9,25.1,518.4,179.9,92.2,2.34,22.45,1.304,41.11,0.697,0.255,0.0,0.0,0.0,63.53,0,0.306,injector,0.25,none,61.57
4160,TRANSIT,13932.2,-6.6,0.842,0.741,4787.2,54.5,27.3,597.9,189.8,78.7,3.19,24.44,1.776,30.23,0.691,0.0,0.0,0.0,0.324,55.64,1,0.224,mechanical,0.32,none,54.42
4161,TRANSIT,8253.3,-8.1,0.733,0.681,4470.3,70.5,33.1,517.4,161.4,95.1,1.31,21.42,1.172,57.33,0.765,0.0,0.0,0.939,0.0,49.15,1,0.892,lubrication,0.94,none,47.36
4162,LOITER,7679.1,0.7,0.578,0.54,3668.5,66.5,25.6,412.3,135.7,74.8,2.42,16.87,1.275,84.41,0.765,0.0,0.0,0.0,0.0,85.9,0,0.202,healthy,0.0,none,102.76
4163,ISR,9460.7,-4.1,0.612,0.562,3844.5,64.0,25.8,430.2,140.4,73.2,2.66,17.46,1.323,80.51,0.765,0.0,0.0,0.0,0.0,82.91,0,0.02,healthy,0.0,none,97.22
4164,HIGH_ALTITUDE,21891.4,-27.7,0.886,0.72,5246.9,45.3,25.0,622.0,182.0,65.3,3.98,20.29,0.734,36.22,0.765,0.0,0.0,0.0,0.0,86.14,0,0.135,healthy,0.0,none,96.61
4165,TRANSIT,7628.0,1.0,0.758,0.709,4570.7,70.2,33.5,544.8,175.5,82.2,2.97,22.29,1.042,44.29,0.765,0.0,0.0,0.0,0.0,70.51,0,0.258,sensor,0.27,spike,75.41
4166,ISR,1998.2,14.5,0.546,0.537,3524.6,77.4,28.6,400.9,138.7,94.4,1.36,17.1,1.219,81.16,0.765,0.0,0.0,0.579,0.0,55.93,1,0.395,lubrication,0.58,none,57.33
4167,HIGH_ALTITUDE,22836.1,-34.7,0.883,0.71,5205.1,44.8,24.4,619.7,176.9,61.3,4.19,20.11,0.773,42.64,0.765,0.0,0.0,0.0,0.0,62.14,1,0.726,sensor,0.71,drift,66.85
4168,HIGH_ALTITUDE,21202.1,-27.4,0.802,0.656,4841.3,45.8,23.2,564.8,162.1,62.9,3.71,18.87,0.941,55.13,0.765,0.0,0.0,0.0,0.0,92.83,0,0.047,healthy,0.0,none,106.1
4169,TRANSIT,10646.4,-6.8,0.645,0.586,4032.4,62.4,26.3,450.1,145.4,81.1,2.02,17.88,1.303,75.16,0.765,0.0,0.0,0.416,0.0,57.39,1,0.288,lubrication,0.42,none,54.82
4170,HIGH_ALTITUDE,19086.3,-18.4,0.891,0.745,5265.6,49.2,26.9,642.3,193.2,79.1,3.06,21.52,0.749,27.88,0.765,0.0,0.0,0.317,0.0,58.9,1,0.374,lubrication,0.32,none,59.74
4171,LOITER,4873.4,5.8,0.523,0.501,3400.9,71.0,25.6,373.8,128.1,75.7,2.18,15.82,1.18,92.96,0.765,0.0,0.0,0.0,0.0,65.39,1,0.288,sensor,0.34,spike,69.54
4172,HIGH_ALTITUDE,19638.9,-20.2,0.797,0.662,4738.6,47.5,23.8,571.5,169.6,67.7,3.62,19.06,0.946,50.47,0.765,0.0,0.0,0.0,0.0,90.96,0,0.126,healthy,0.0,none,101.97
4173,LOITER,6511.0,4.2,0.554,0.523,3581.6,68.1,25.5,400.5,133.5,76.0,2.34,16.31,1.262,86.92,0.765,0.0,0.0,0.0,0.0,85.56,0,0.152,healthy,0.0,none,97.62
4174,TRANSIT,7213.4,-1.2,0.584,0.548,3708.5,68.4,26.7,413.1,135.0,91.8,1.14,17.06,1.26,84.77,0.765,0.0,0.0,0.894,0.0,49.66,1,0.803,lubrication,0.89,none,50.45
4175,ISR,9838.8,-5.6,0.64,0.586,3969.3,64.0,26.8,449.8,143.2,77.4,2.34,17.78,1.304,75.37,0.765,0.0,0.0,0.239,0.0,69.25,0,0.268,lubrication,0.24,none,73.41
4176,ISR,11400.6,-12.4,0.781,0.705,4692.0,64.1,31.4,552.1,171.1,73.6,3.36,21.25,1.012,49.4,0.765,0.0,0.0,0.0,0.0,82.99,0,0.249,healthy,0.0,none,98.43
4177,LOITER,4142.0,9.7,0.532,0.513,3446.9,72.2,26.3,381.1,132.1,78.5,2.17,16.41,1.242,87.73,0.765,0.0,0.0,0.0,0.0,83.85,0,0.184,healthy,0.0,none,98.52
4178,HIGH_ALTITUDE,22561.2,-30.2,0.824,0.665,4895.8,44.0,22.7,569.7,167.5,62.3,4.0,18.72,0.868,52.19,0.765,0.0,0.0,0.0,0.0,95.37,0,0.092,healthy,0.0,none,111.79
4179,LOITER,3103.6,12.8,0.499,0.486,3294.4,73.2,25.1,363.0,129.8,93.0,1.23,15.35,1.115,92.62,0.765,0.0,0.0,0.643,0.0,54.12,1,0.616,lubrication,0.64,none,57.9
4180,LOITER,6534.8,2.0,0.407,0.385,2848.7,63.4,19.0,285.2,105.2,68.3,1.82,12.15,0.835,114.21,0.765,0.0,0.415,0.0,0.0,58.13,1,0.447,cooling,0.42,none,58.48
4181,LOITER,5359.8,2.4,0.55,0.525,3543.5,71.4,26.6,389.8,130.8,87.3,1.44,16.67,1.206,89.58,0.765,0.0,0.0,0.616,0.0,54.03,1,0.573,lubrication,0.62,none,48.02
4182,HIGH_ALTITUDE,18375.4,-21.3,0.904,0.762,5310.6,51.3,28.6,645.0,190.8,71.7,4.0,22.18,0.732,27.48,0.765,0.0,0.0,0.0,0.0,85.02,0,0.054,healthy,0.0,none,97.07
4183,HIGH_ALTITUDE,22977.5,-35.8,0.907,0.729,5368.4,44.9,25.1,624.0,181.9,72.7,2.81,20.6,0.752,38.1,0.765,0.0,0.0,0.581,0.0,52.62,1,0.549,lubrication,0.58,none,50.24
4184,TRANSIT,14064.2,-13.8,0.618,0.544,3810.6,47.0,18.5,451.2,139.6,66.6,2.76,20.24,2.155,79.96,0.632,0.161,0.0,0.0,0.161,57.09,1,0.271,combustion,0.32,none,58.68
4185,TRANSIT,15864.5,-15.9,0.835,0.722,4989.5,51.0,26.6,613.5,185.5,72.7,3.65,21.75,0.841,34.76,0.71,0.207,0.0,0.0,0.0,72.06,0,0.257,injector,0.21,none,79.02
4186,HIGH_ALTITUDE,24089.1,-35.3,0.822,0.653,4912.0,42.0,21.6,570.4,164.0,57.8,3.94,18.35,0.877,56.65,0.765,0.0,0.0,0.0,0.0,92.24,0,0.216,healthy,0.0,none,109.24
4187,DESERT_PATROL,14071.9,12.0,0.81,0.712,4824.2,53.1,26.6,601.8,198.6,89.0,2.96,21.41,0.9,21.56,0.765,0.0,0.0,0.0,0.0,77.52,0,0.068,healthy,0.0,none,91.28
4188,ISR,12699.9,-11.5,0.667,0.594,4148.9,59.0,25.4,472.5,145.1,83.9,1.65,17.93,1.266,73.73,0.765,0.0,0.0,0.705,0.0,52.03,1,0.674,lubrication,0.7,none,54.93
4189,ISR,1397.2,16.7,0.755,0.746,4572.9,83.7,40.2,556.9,186.2,92.4,2.6,24.59,1.073,33.92,0.765,0.0,0.0,0.0,0.0,80.95,0,0.186,healthy,0.0,none,86.59
4190,ISR,3135.2,3.7,0.673,0.655,3887.5,74.4,29.9,468.6,159.2,82.2,2.44,24.52,2.455,62.3,0.657,0.0,0.0,0.0,0.47,47.22,1,0.405,mechanical,0.47,none,49.47
4191,TRANSIT,8701.2,-4.1,0.686,0.635,4232.5,67.4,29.8,486.5,177.2,75.9,2.91,19.66,1.26,43.36,0.765,0.0,0.935,0.0,0.0,47.0,1,0.957,cooling,0.94,none,43.85
4192,LOITER,3004.2,12.3,0.533,0.519,3465.1,63.4,23.0,423.8,141.6,80.6,2.12,21.39,1.189,76.65,0.649,0.432,0.0,0.0,0.0,55.65,1,0.405,injector,0.43,none,57.01
4193,HIGH_ALTITUDE,21404.5,-24.2,0.751,0.614,4561.6,31.1,14.9,596.5,175.5,63.3,3.52,20.33,1.087,45.86,0.535,0.858,0.0,0.0,0.0,51.15,1,0.825,injector,0.86,none,49.41
4194,HIGH_ALTITUDE,15290.3,-14.7,0.843,0.733,5021.2,56.1,29.6,600.8,183.9,74.7,3.62,21.53,0.801,36.37,0.765,0.0,0.0,0.0,0.0,88.32,0,0.074,healthy,0.0,none,110.23
4195,ISR,12185.0,-9.1,0.773,0.692,4641.7,61.3,29.8,549.4,174.6,75.6,3.33,20.83,1.015,48.22,0.765,0.0,0.0,0.0,0.0,81.89,0,0.161,healthy,0.0,none,95.63
4196,DESERT_PATROL,6064.9,19.6,0.623,0.59,3642.4,40.3,15.4,534.6,177.9,88.1,2.14,30.48,3.754,41.17,0.427,0.458,0.0,0.0,0.458,28.97,1,0.788,combustion,0.92,none,20.29
4197,HIGH_ALTITUDE,24135.6,-29.6,0.825,0.654,4927.5,41.0,21.2,582.0,168.3,61.7,3.9,18.13,0.907,51.28,0.765,0.0,0.0,0.0,0.0,84.1,0,0.244,healthy,0.0,none,95.09
4198,DESERT_PATROL,3162.9,22.9,0.601,0.584,3783.8,73.5,29.3,440.0,160.4,90.0,2.21,18.59,1.283,61.82,0.765,0.0,0.0,0.0,0.0,79.41,0,0.091,healthy,0.0,none,94.32
4199,DESERT_PATROL,7626.8,7.6,0.799,0.746,4779.5,63.4,32.0,597.4,195.1,87.4,2.95,24.15,0.96,24.81,0.701,0.24,0.0,0.0,0.0,63.97,0,0.134,injector,0.24,none,68.25
4200,TRANSIT,9352.7,-3.9,0.794,0.73,4770.6,67.5,33.4,559.1,180.5,80.2,3.18,22.61,0.975,39.97,0.765,0.0,0.0,0.0,0.0,87.19,0,0.055,healthy,0.0,none,101.19
4201,DESERT_PATROL,12767.0,9.6,0.749,0.667,4563.4,48.2,23.1,595.7,192.6,85.2,2.87,24.67,1.126,29.57,0.663,0.38,0.0,0.0,0.0,52.47,1,0.38,injector,0.38,none,51.53
4202,LOITER,7542.1,-2.0,0.523,0.489,3420.7,48.8,17.4,423.3,136.7,70.8,2.25,23.61,1.209,83.26,0.565,0.748,0.0,0.0,0.0,50.72,1,0.599,injector,0.75,none,49.23
4203,DESERT_PATROL,13665.6,8.7,0.747,0.659,4532.7,53.8,25.4,554.9,181.4,84.7,2.81,19.9,1.141,38.64,0.765,0.0,0.0,0.0,0.0,80.02,0,0.22,healthy,0.0,none,92.54
4204,DESERT_PATROL,5407.3,23.2,0.834,0.795,4990.0,71.8,37.5,620.6,210.9,101.8,2.75,25.14,0.868,9.71,0.765,0.0,0.0,0.0,0.0,61.96,0,0.152,healthy,0.0,none,65.88
4205,DESERT_PATROL,3682.6,25.6,0.69,0.668,4228.7,73.5,32.7,521.2,181.2,95.3,2.41,21.6,1.258,39.77,0.765,0.0,0.0,0.0,0.0,76.63,0,0.113,healthy,0.0,none,79.85
4206,TRANSIT,8680.1,-4.4,0.626,0.579,3610.1,60.5,22.9,433.7,139.7,73.6,2.44,21.05,2.572,77.91,0.642,0.0,0.0,0.0,0.537,45.09,1,0.489,mechanical,0.54,none,40.9
4207,ISR,12785.8,-13.7,0.631,0.562,3937.5,58.7,24.2,442.6,135.0,66.4,2.82,17.01,1.293,83.67,0.765,0.0,0.0,0.0,0.0,85.17,0,0.197,healthy,0.0,none,96.05
4208,HIGH_ALTITUDE,19561.5,-23.2,0.759,0.631,4266.8,29.7,13.4,625.7,183.4,64.5,3.23,34.59,3.535,38.14,0.444,0.43,0.0,0.0,0.43,32.09,1,0.73,combustion,0.86,none,27.6
4209,ISR,13403.9,-16.7,0.613,0.543,3865.6,57.6,23.2,420.6,130.1,64.9,2.86,16.3,1.275,89.98,0.765,0.0,0.0,0.0,0.0,87.09,0,0.242,healthy,0.0,none,99.93
4210,DESERT_PATROL,6459.1,28.7,0.586,0.553,3711.7,63.4,24.6,459.9,160.7,91.5,2.09,17.27,1.266,59.23,0.765,0.0,0.0,0.0,0.0,82.8,0,0.108,healthy,0.0,none,97.58
4211,HIGH_ALTITUDE,20256.1,-29.8,0.721,0.596,4377.6,47.3,21.9,493.8,143.6,58.8,3.43,17.13,1.194,75.54,0.765,0.0,0.0,0.0,0.0,91.23,0,0.11,healthy,0.0,none,104.28
4212,TRANSIT,13002.8,-10.7,0.561,0.499,3600.6,56.1,21.1,390.7,123.7,66.4,2.55,15.12,1.219,96.6,0.765,0.0,0.0,0.0,0.0,73.56,0,0.189,healthy,0.0,none,85.41
4213,DESERT_PATROL,9726.3,18.4,0.815,0.747,4881.5,61.7,31.4,608.5,202.4,94.4,2.83,22.81,0.909,16.27,0.765,0.0,0.0,0.0,0.0,59.99,0,0.076,healthy,0.0,none,62.55
4214,DESERT_PATROL,1527.8,26.8,0.604,0.596,3821.3,77.1,31.1,460.0,161.9,99.7,1.6,19.31,1.27,58.25,0.765,0.0,0.0,0.366,0.0,59.96,1,0.384,lubrication,0.37,none,61.47
4215,LOITER,4425.5,10.0,0.511,0.492,3349.7,70.7,24.8,368.8,127.2,78.5,2.11,15.66,1.138,91.97,0.765,0.0,0.0,0.0,0.0,86.99,0,0.102,healthy,0.0,none,100.68
4216,ISR,15880.1,-14.5,0.645,0.558,4023.0,52.2,22.1,450.6,149.8,66.0,2.9,16.35,1.329,68.0,0.765,0.0,0.653,0.0,0.0,55.5,1,0.487,cooling,0.65,none,55.78
4217,DESERT_PATROL,13174.0,5.5,0.651,0.578,3853.0,36.9,14.9,555.6,178.9,78.8,2.47,28.6,3.318,42.98,0.494,0.353,0.0,0.0,0.353,33.06,1,0.672,combustion,0.71,none,29.49
4218,DESERT_PATROL,2989.6,30.0,0.78,0.76,4678.7,75.9,37.0,585.6,200.7,102.3,2.47,24.53,1.009,16.74,0.765,0.0,0.0,0.0,0.0,47.34,1,0.429,sensor,0.47,noise,49.25
4219,DESERT_PATROL,5291.9,22.1,0.624,0.595,3532.7,61.1,22.6,470.0,160.6,90.0,1.97,23.25,2.817,56.84,0.614,0.0,0.0,0.0,0.657,41.29,1,0.614,mechanical,0.66,none,36.21
4220,DESERT_PATROL,6854.6,15.6,0.646,0.608,4005.8,66.6,28.1,479.3,162.6,86.3,2.43,19.0,1.295,56.98,0.765,0.0,0.0,0.0,0.0,86.29,0,0.123,healthy,0.0,none,99.66
4221,HIGH_ALTITUDE,21131.5,-31.9,0.849,0.695,4437.8,40.8,18.9,597.5,173.7,62.2,3.41,25.87,3.204,48.23,0.581,0.0,0.0,0.0,0.803,41.37,1,0.707,mechanical,0.8,none,38.46
4222,TRANSIT,7755.1,0.1,0.841,0.785,5045.3,71.3,37.0,603.3,191.0,85.7,3.28,24.19,0.867,26.79,0.765,0.0,0.0,0.0,0.0,77.46,0,0.138,healthy,0.0,none,87.87
4223,TRANSIT,10841.2,-4.2,0.61,0.554,3363.3,51.8,18.1,435.9,139.4,72.6,2.24,22.93,3.213,80.55,0.57,0.0,0.0,0.0,0.851,37.39,1,0.751,mechanical,0.85,none,33.37
4224,HIGH_ALTITUDE,23571.2,-30.4,0.844,0.674,5028.5,42.3,22.3,598.4,171.6,62.3,3.94,18.98,0.828,47.61,0.765,0.0,0.0,0.0,0.0,92.35,0,0.162,healthy,0.0,none,108.71
4225,HIGH_ALTITUDE,18358.7,-27.6,0.905,0.763,5308.4,52.7,29.3,640.8,187.3,67.5,4.02,22.53,0.717,32.73,0.765,0.0,0.0,0.0,0.0,88.78,0,0.062,healthy,0.0,none,103.68
4226,TRANSIT,7468.7,-4.3,0.824,0.771,4936.0,73.0,37.6,590.2,186.8,82.1,3.28,23.91,0.883,34.28,0.765,0.0,0.0,0.0,0.0,85.43,0,0.034,healthy,0.0,none,103.72
4227,DESERT_PATROL,11256.4,10.4,0.819,0.74,4868.1,59.8,30.3,618.3,200.5,89.0,3.02,22.28,0.895,21.7,0.765,0.0,0.0,0.0,0.0,79.77,0,0.093,healthy,0.0,none,89.66
4228,LOITER,3491.8,5.5,0.528,0.513,3437.3,75.0,27.1,376.9,129.2,77.0,2.23,16.41,1.179,92.27,0.765,0.0,0.0,0.0,0.0,79.42,0,0.241,healthy,0.0,none,87.94
4229,TRANSIT,8707.9,-5.1,0.703,0.65,4328.7,68.0,30.6,499.4,159.4,80.5,2.44,20.3,1.214,61.43,0.765,0.0,0.0,0.264,0.0,69.22,0,0.174,lubrication,0.26,none,78.62
4230,TRANSIT,2666.0,9.3,0.827,0.808,4914.9,83.3,43.4,595.5,195.7,91.8,3.0,25.73,0.864,23.96,0.765,0.0,0.0,0.0,0.0,79.14,0,0.244,healthy,0.0,none,88.7
4231,TRANSIT,9639.0,0.4,0.653,0.599,4063.7,63.3,27.0,467.6,153.2,76.4,2.7,18.44,1.263,67.56,0.765,0.0,0.0,0.0,0.0,84.58,0,0.24,healthy,0.0,none,95.99
4232,ISR,3485.2,9.1,0.666,0.646,4048.9,65.8,27.6,511.2,170.4,84.7,2.48,26.08,2.197,50.19,0.631,0.162,0.0,0.0,0.162,55.35,1,0.285,combustion,0.32,none,55.31
4233,TRANSIT,9428.5,-3.8,0.797,0.733,4780.2,67.3,33.4,569.1,180.6,81.0,3.23,22.57,0.951,39.05,0.765,0.0,0.0,0.0,0.0,57.18,1,0.66,sensor,0.74,freeze,55.86
4234,HIGH_ALTITUDE,22469.4,-32.3,0.776,0.627,4668.2,44.1,21.7,540.0,155.1,58.6,3.73,17.74,0.967,64.77,0.765,0.0,0.0,0.0,0.0,93.63,0,0.149,healthy,0.0,none,109.99
4235,ISR,8128.8,-3.5,0.523,0.486,3410.9,64.9,23.2,364.9,119.7,69.2,2.36,15.2,1.177,100.05,0.765,0.0,0.0,0.0,0.0,87.2,0,0.097,healthy,0.0,none,100.06
4236,ISR,8322.1,-7.7,0.614,0.57,3854.1,67.9,27.4,425.6,144.8,70.8,2.71,17.74,1.303,75.95,0.765,0.0,0.438,0.0,0.0,57.0,1,0.402,cooling,0.44,none,55.94
4237,LOITER,7152.9,5.0,0.563,0.529,3637.4,66.5,24.9,404.6,136.4,77.1,2.31,16.52,1.24,84.09,0.765,0.0,0.0,0.0,0.0,85.5,0,0.029,healthy,0.0,none,101.84
4238,ISR,10845.6,-9.0,0.762,0.691,4621.2,47.7,23.2,595.9,187.3,75.6,3.26,32.74,1.059,35.37,0.566,0.743,0.0,0.0,0.0,49.33,1,0.599,injector,0.74,none,53.04
4239,LOITER,4114.5,7.9,0.514,0.496,3370.3,72.2,25.6,368.6,127.1,77.1,2.13,15.91,1.136,93.24,0.765,0.0,0.0,0.0,0.0,74.97,0,0.197,healthy,0.0,none,82.18
4240,LOITER,4084.8,5.9,0.516,0.498,2963.4,62.4,19.3,369.3,125.3,76.4,1.8,20.95,2.961,94.44,0.573,0.0,0.0,0.0,0.835,37.15,1,0.813,mechanical,0.84,none,32.22
4241,DESERT_PATROL,2788.7,34.3,0.731,0.714,4451.9,74.6,34.5,558.9,197.6,117.2,1.28,23.13,1.143,23.78,0.765,0.0,0.0,0.681,0.0,42.9,1,0.645,lubrication,0.68,none,45.29
4242,TRANSIT,15696.0,-17.6,0.578,0.5,3343.3,46.7,16.2,399.2,121.7,62.3,2.45,18.07,2.786,98.16,0.622,0.0,0.0,0.0,0.621,41.31,1,0.656,mechanical,0.62,none,35.2
4243,LOITER,4021.1,12.3,0.42,0.405,2898.9,67.7,20.4,303.2,109.8,94.7,0.76,12.85,0.851,110.2,0.765,0.0,0.0,0.971,0.0,49.96,1,0.922,lubrication,0.97,none,46.02
4244,HIGH_ALTITUDE,21525.3,-30.6,0.802,0.654,4713.0,40.6,20.3,579.4,166.4,61.6,3.73,20.95,1.665,52.32,0.666,0.117,0.0,0.0,0.117,71.11,0,0.274,combustion,0.23,none,78.61
4245,LOITER,3824.9,1.5,0.446,0.432,2843.5,46.8,14.0,385.4,127.1,70.4,1.81,24.37,2.888,93.86,0.467,0.393,0.0,0.0,0.393,36.04,1,0.654,combustion,0.79,none,37.15
4246,DESERT_PATROL,15323.2,7.5,0.662,0.575,3735.0,44.5,17.4,498.3,163.2,80.2,2.37,20.92,2.69,58.08,0.625,0.0,0.0,0.0,0.61,43.59,1,0.507,mechanical,0.61,none,40.28
4247,TRANSIT,9073.5,-6.0,0.75,0.692,4554.3,68.0,32.5,534.7,168.3,77.2,3.1,21.8,1.047,51.46,0.765,0.0,0.0,0.0,0.0,88.82,0,0.18,healthy,0.0,none,104.83
4248,ISR,3330.1,8.1,0.692,0.672,4254.1,79.1,35.5,495.5,165.2,92.2,2.05,21.15,1.268,54.36,0.765,0.0,0.0,0.341,0.0,63.58,1,0.19,lubrication,0.34,none,67.54
4249,TRANSIT,7214.9,3.2,0.685,0.642,4224.2,69.5,30.7,496.5,162.4,81.4,2.75,20.2,1.284,58.79,0.765,0.0,0.0,0.0,0.0,86.43,0,0.231,healthy,0.0,none,99.3
4250,DESERT_PATROL,12450.9,8.5,0.68,0.608,4175.2,55.6,24.5,498.2,166.8,82.7,2.67,18.29,1.247,53.81,0.765,0.0,0.0,0.0,0.0,82.98,0,0.146,healthy,0.0,none,100.07
4251,ISR,3534.5,9.5,0.781,0.757,4712.3,79.9,39.2,563.6,186.8,89.7,2.82,24.01,1.035,33.56,0.765,0.0,0.0,0.0,0.0,54.57,1,0.498,sensor,0.5,noise,52.88
4252,ISR,10032.3,-3.8,0.794,0.726,4356.0,59.6,27.3,569.3,179.9,80.3,2.86,27.11,2.691,39.58,0.636,0.0,0.0,0.0,0.561,41.02,1,0.532,mechanical,0.56,none,40.15
4253,HIGH_ALTITUDE,22215.3,-28.2,0.828,0.67,4917.7,35.1,18.0,638.5,180.7,63.1,3.88,26.3,0.847,37.38,0.606,0.595,0.0,0.0,0.0,55.65,1,0.493,injector,0.59,none,47.63
4254,DESERT_PATROL,5767.0,19.2,0.699,0.664,4296.4,69.6,31.4,524.8,176.5,91.2,2.51,20.81,1.233,42.63,0.765,0.0,0.0,0.0,0.0,74.07,0,0.249,healthy,0.0,none,78.21
4255,HIGH_ALTITUDE,19838.8,-25.5,0.865,0.718,5134.3,48.8,25.9,612.7,180.8,67.4,3.85,20.48,0.779,39.56,0.765,0.0,0.0,0.0,0.0,88.37,0,0.201,healthy,0.0,none,104.09
4256,LOITER,5992.0,3.1,0.586,0.555,3737.1,70.5,27.3,417.4,138.9,76.7,2.42,17.43,1.282,81.13,0.765,0.0,0.0,0.0,0.0,54.48,1,0.84,sensor,0.9,freeze,61.87
4257,DESERT_PATROL,1465.4,31.1,0.628,0.621,3576.6,69.2,26.0,478.9,170.7,96.0,1.91,24.76,2.658,49.35,0.626,0.0,0.0,0.0,0.605,43.52,1,0.516,mechanical,0.6,none,42.59
4258,HIGH_ALTITUDE,21045.4,-28.0,0.838,0.687,4960.8,46.6,24.3,580.3,171.6,63.7,3.85,19.44,0.839,47.38,0.765,0.0,0.0,0.0,0.0,93.41,0,0.126,healthy,0.0,none,106.59
4259,ISR,9923.8,-4.4,0.715,0.654,4384.2,52.3,23.9,545.7,173.0,76.8,2.98,22.06,1.176,46.25,0.616,0.555,0.0,0.0,0.0,54.01,1,0.528,injector,0.56,none,57.03
4260,HIGH_ALTITUDE,19520.5,-16.7,0.783,0.652,4720.8,42.7,21.1,581.2,173.2,68.9,3.47,19.81,0.994,45.23,0.696,0.258,0.0,0.0,0.0,72.47,0,0.207,injector,0.26,none,77.31
4261,LOITER,4733.5,9.6,0.483,0.463,3197.5,69.1,23.1,348.5,121.3,76.8,2.01,14.59,1.048,98.5,0.765,0.0,0.0,0.0,0.0,60.14,1,0.45,sensor,0.52,drift,59.17
4262,LOITER,3335.2,14.5,0.413,0.401,2862.1,68.6,20.7,304.2,109.2,93.7,0.8,12.89,0.794,110.12,0.765,0.0,0.0,0.88,0.0,52.53,1,0.719,lubrication,0.88,none,54.02
4263,HIGH_ALTITUDE,18335.5,-14.9,0.765,0.645,4611.0,48.8,23.6,545.7,165.9,69.7,3.31,18.89,1.039,53.27,0.765,0.0,0.0,0.0,0.0,81.53,0,0.131,healthy,0.0,none,97.56
4264,DESERT_PATROL,15026.7,4.5,0.799,0.696,4795.8,52.3,26.2,585.9,190.8,84.6,3.11,20.56,0.923,30.12,0.765,0.0,0.0,0.0,0.0,75.52,0,0.205,healthy,0.0,none,83.5
4265,DESERT_PATROL,15933.1,6.3,0.648,0.559,4055.0,48.2,20.5,479.0,157.0,79.4,2.63,16.76,1.289,62.26,0.765,0.0,0.0,0.0,0.0,81.27,0,0.043,healthy,0.0,none,91.07
4266,TRANSIT,14046.3,-11.2,0.776,0.683,4691.2,57.4,28.2,552.6,171.2,74.2,3.33,20.52,0.983,48.71,0.765,0.0,0.0,0.0,0.0,91.6,0,0.143,healthy,0.0,none,104.28
4267,TRANSIT,8389.8,-6.3,0.716,0.664,4371.7,69.3,31.9,506.1,162.3,76.0,3.05,20.43,1.215,59.59,0.765,0.0,0.0,0.0,0.0,82.67,0,0.239,healthy,0.0,none,96.38
4268,TRANSIT,9779.7,-3.1,0.671,0.615,4038.2,53.4,22.6,525.9,164.5,75.6,2.69,24.5,2.317,55.23,0.619,0.177,0.0,0.0,0.177,52.69,1,0.326,combustion,0.35,none,50.61
4269,HIGH_ALTITUDE,21596.0,-31.6,0.853,0.695,5069.2,46.4,24.5,596.3,174.2,62.1,3.93,19.85,0.806,46.96,0.765,0.0,0.0,0.0,0.0,89.4,0,0.118,healthy,0.0,none,104.11
4270,HIGH_ALTITUDE,22592.7,-30.1,0.701,0.566,4286.8,42.7,19.2,482.3,139.3,57.7,3.38,15.94,1.23,79.82,0.765,0.0,0.0,0.0,0.0,89.96,0,0.06,healthy,0.0,none,110.64
4271,HIGH_ALTITUDE,16257.9,-17.7,0.706,0.608,4352.9,39.8,18.0,554.7,165.0,67.0,3.23,20.52,1.2,54.66,0.574,0.712,0.0,0.0,0.0,54.04,1,0.625,injector,0.71,none,52.09
4272,DESERT_PATROL,12250.2,6.7,0.593,0.531,3767.5,54.8,21.6,433.8,144.7,97.6,1.05,16.12,1.282,74.88,0.765,0.0,0.0,0.968,0.0,48.39,1,0.869,lubrication,0.97,none,51.74
4273,DESERT_PATROL,4677.7,32.7,0.69,0.663,4255.8,69.2,30.7,531.0,186.9,98.7,2.28,20.89,1.249,33.42,0.765,0.0,0.0,0.0,0.0,69.77,0,0.162,healthy,0.0,none,77.03
4274,LOITER,4420.7,7.4,0.457,0.439,3081.8,69.5,22.6,321.7,113.5,75.0,1.9,13.99,0.946,106.23,0.765,0.0,0.0,0.0,0.0,80.74,0,0.158,healthy,0.0,none,93.13
4275,LOITER,4643.4,8.5,0.53,0.509,3449.9,71.2,25.7,382.8,131.0,78.0,2.16,16.11,1.162,89.22,0.765,0.0,0.0,0.0,0.0,87.25,0,0.033,healthy,0.0,none,98.4
4276,LOITER,7079.2,-2.5,0.412,0.387,2869.1,63.3,19.0,286.3,95.9,66.3,1.88,12.05,0.834,123.83,0.765,0.0,0.0,0.0,0.0,87.34,0,0.101,healthy,0.0,none,98.99
4277,DESERT_PATROL,12459.7,7.7,0.741,0.662,4500.0,52.6,25.0,560.9,183.3,84.2,2.85,22.42,1.09,36.67,0.711,0.203,0.0,0.0,0.0,69.93,0,0.162,injector,0.2,none,76.7
4278,HIGH_ALTITUDE,24346.6,-33.8,0.939,0.743,5484.5,42.2,24.1,665.8,191.9,63.2,4.48,20.74,0.717,28.97,0.765,0.0,0.0,0.0,0.0,82.35,0,0.163,healthy,0.0,none,98.42
4279,HIGH_ALTITUDE,20168.8,-27.8,0.935,0.773,5502.8,49.1,27.9,661.4,192.8,68.1,4.25,22.1,0.7,25.64,0.765,0.0,0.0,0.0,0.0,67.54,1,0.204,sensor,0.3,freeze,77.59
4280,HIGH_ALTITUDE,18890.3,-30.4,0.726,0.608,4443.1,50.3,23.4,494.1,143.5,73.0,2.0,17.75,1.169,75.18,0.765,0.0,0.0,0.706,0.0,53.45,1,0.604,lubrication,0.71,none,52.74
4281,ISR,10175.4,-3.3,0.826,0.754,4466.2,59.0,27.7,590.0,188.4,82.6,2.88,28.1,2.61,32.17,0.624,0.0,0.0,0.0,0.613,38.42,1,0.535,mechanical,0.61,none,33.1
4282,ISR,10065.3,-7.8,0.725,0.663,4433.0,65.5,30.3,510.2,162.4,75.0,3.01,20.49,1.162,58.32,0.765,0.0,0.0,0.0,0.0,70.83,0,0.233,sensor,0.3,noise,70.46
4283,HIGH_ALTITUDE,16444.0,-21.7,0.921,0.791,5410.5,43.3,24.2,701.6,208.5,73.0,4.0,26.16,0.704,11.32,0.594,0.64,0.0,0.0,0.0,44.98,1,0.531,injector,0.64,none,40.64
4284,HIGH_ALTITUDE,24243.4,-34.2,0.867,0.687,5135.5,41.9,22.6,605.1,183.1,60.5,4.2,19.1,0.79,35.22,0.765,0.0,0.576,0.0,0.0,57.87,1,0.516,cooling,0.58,none,59.7
4285,ISR,12065.0,-15.2,0.821,0.736,4892.7,63.7,32.5,586.2,175.8,73.8,3.57,22.2,0.912,42.78,0.765,0.0,0.0,0.0,0.0,59.47,1,0.728,sensor,0.86,spike,62.28
4286,LOITER,5590.8,0.9,0.422,0.402,2921.5,66.6,20.3,291.2,124.4,68.9,1.87,12.93,0.885,95.69,0.765,0.0,0.999,0.0,0.0,50.24,1,0.876,cooling,1.0,none,46.57
4287,LOITER,5986.5,2.8,0.518,0.492,3411.6,68.7,24.3,365.1,123.5,74.2,2.18,15.48,1.146,96.13,0.765,0.0,0.0,0.0,0.0,85.29,0,0.142,healthy,0.0,none,99.42
4288,DESERT_PATROL,4808.5,20.5,0.555,0.532,3347.9,42.3,14.8,500.2,168.1,86.8,1.94,31.77,3.578,50.52,0.441,0.436,0.0,0.0,0.436,32.82,1,0.802,combustion,0.87,none,27.76
4289,TRANSIT,14922.6,-20.7,0.796,0.694,4152.7,48.9,21.3,550.8,167.0,68.6,2.99,28.04,3.404,52.21,0.562,0.0,0.0,0.0,0.884,39.21,1,0.763,mechanical,0.88,none,37.55
4290,LOITER,7584.8,0.5,0.484,0.453,3221.4,64.1,21.6,340.7,114.0,70.5,2.12,14.19,1.054,105.22,0.765,0.0,0.0,0.0,0.0,86.71,0,0.244,healthy,0.0,none,99.55
4291,HIGH_ALTITUDE,24243.5,-29.8,0.865,0.685,4952.2,31.5,16.3,638.0,187.4,63.0,3.86,27.36,2.235,33.14,0.563,0.253,0.0,0.0,0.253,44.42,1,0.517,combustion,0.51,none,39.24
4292,HIGH_ALTITUDE,16391.6,-19.1,0.751,0.645,4557.9,53.6,25.7,524.5,158.9,67.4,3.38,19.1,1.093,60.59,0.765,0.0,0.0,0.0,0.0,91.56,0,0.031,healthy,0.0,none,108.37
4293,HIGH_ALTITUDE,15329.1,-15.7,0.756,0.657,4583.4,55.2,26.7,536.9,165.5,69.6,3.37,19.73,1.088,56.83,0.765,0.0,0.0,0.0,0.0,91.01,0,0.086,healthy,0.0,none,108.3
4294,TRANSIT,11470.3,-4.5,0.601,0.542,3383.5,51.8,18.2,424.7,137.7,71.5,2.31,21.23,2.968,82.83,0.598,0.0,0.0,0.0,0.73,39.68,1,0.619,mechanical,0.73,none,33.79
4295,DESERT_PATROL,1246.1,25.2,0.68,0.673,4183.9,80.2,35.3,508.8,173.7,96.0,2.33,21.52,1.256,43.24,0.765,0.0,0.0,0.0,0.0,75.33,0,0.039,healthy,0.0,none,86.09
4296,LOITER,5482.6,1.3,0.595,0.567,3792.2,72.6,28.6,421.4,140.2,76.2,2.5,17.74,1.293,80.6,0.765,0.0,0.0,0.0,0.0,85.96,0,0.157,healthy,0.0,none,96.96
4297,ISR,10101.5,-9.5,0.602,0.55,3812.2,63.5,25.1,420.4,133.2,69.7,2.64,16.87,1.267,87.03,0.765,0.0,0.0,0.0,0.0,86.16,0,0.045,healthy,0.0,none,96.18
4298,HIGH_ALTITUDE,24646.9,-36.9,0.808,0.637,4857.8,41.2,20.9,560.2,158.6,56.8,3.88,17.88,0.93,61.13,0.765,0.0,0.0,0.0,0.0,87.62,0,0.158,healthy,0.0,none,102.25
4299,LOITER,4555.0,5.4,0.567,0.545,3647.4,73.3,28.1,399.4,136.3,78.2,2.33,17.26,1.308,83.58,0.765,0.0,0.0,0.0,0.0,82.74,0,0.097,healthy,0.0,none,88.18
4300,TRANSIT,13954.8,-12.2,0.669,0.589,4133.9,56.3,24.4,463.1,147.2,69.6,2.99,17.4,1.276,73.52,0.765,0.0,0.0,0.0,0.0,80.76,0,0.25,healthy,0.0,none,92.92
4301,TRANSIT,11744.3,-8.8,0.703,0.633,4342.1,61.3,27.7,500.7,157.0,73.1,3.03,19.1,1.227,63.59,0.765,0.0,0.0,0.0,0.0,57.96,1,0.765,sensor,0.84,spike,57.21
4302,TRANSIT,4495.6,9.1,0.593,0.57,3773.4,73.2,28.8,419.4,144.6,81.4,2.39,18.19,1.267,74.81,0.765,0.0,0.0,0.0,0.0,84.23,0,0.066,healthy,0.0,none,94.11
4303,HIGH_ALTITUDE,20868.5,-30.6,0.733,0.602,3984.5,40.6,16.9,508.8,147.5,58.8,3.01,21.92,3.139,73.41,0.594,0.0,0.0,0.0,0.744,41.05,1,0.67,mechanical,0.74,none,40.66
4304,HIGH_ALTITUDE,23002.5,-29.6,0.76,0.61,4254.0,38.9,17.4,526.9,153.2,60.1,3.33,20.28,2.477,66.13,0.648,0.0,0.0,0.0,0.511,49.49,1,0.5,mechanical,0.51,none,44.7
4305,LOITER,3389.6,13.2,0.533,0.518,3473.3,73.4,26.9,386.6,134.3,81.2,2.15,16.46,1.183,84.7,0.765,0.0,0.0,0.0,0.0,86.06,0,0.145,healthy,0.0,none,98.5
4306,HIGH_ALTITUDE,21151.2,-22.0,0.77,0.631,4103.3,38.7,16.5,539.9,163.1,64.9,2.99,23.37,3.253,57.66,0.585,0.0,0.0,0.0,0.783,40.48,1,0.697,mechanical,0.78,none,35.49
4307,HIGH_ALTITUDE,21126.0,-27.0,0.795,0.651,4784.1,45.9,23.0,558.1,162.7,63.0,3.79,18.8,0.96,56.24,0.765,0.0,0.0,0.0,0.0,94.12,0,0.123,healthy,0.0,none,112.06
4308,LOITER,7035.4,0.7,0.453,0.426,3050.5,51.2,16.5,357.7,119.3,69.0,2.02,18.64,0.963,99.92,0.609,0.584,0.0,0.0,0.0,53.89,1,0.585,injector,0.58,none,49.5
4309,ISR,8064.1,0.3,0.759,0.706,3950.1,58.2,24.2,546.5,174.2,82.3,2.53,30.46,3.579,44.64,0.555,0.0,0.0,0.0,0.917,34.35,1,0.814,mechanical,0.92,none,27.69
4310,LOITER,4467.1,10.8,0.587,0.565,3717.0,72.7,28.4,426.8,146.8,81.4,2.33,18.02,1.263,74.57,0.765,0.0,0.0,0.0,0.0,55.79,1,0.724,sensor,0.86,noise,59.24
4311,HIGH_ALTITUDE,16952.7,-21.1,0.747,0.638,4535.2,52.7,25.0,523.1,155.9,66.1,3.4,18.69,1.093,63.02,0.765,0.0,0.0,0.0,0.0,67.11,1,0.321,sensor,0.38,freeze,74.92
4312,ISR,13967.5,-15.2,0.686,0.604,4229.3,57.2,25.4,478.0,146.7,67.4,3.11,18.19,1.227,72.31,0.765,0.0,0.0,0.0,0.0,85.26,0,0.11,healthy,0.0,none,91.32
4313,TRANSIT,3185.6,9.8,0.728,0.709,4438.0,79.8,37.1,522.4,174.7,88.1,2.71,22.65,1.172,44.93,0.765,0.0,0.0,0.0,0.0,84.72,0,0.091,healthy,0.0,none,96.61
4314,ISR,10788.9,-13.6,0.836,0.759,4984.5,66.7,34.4,593.9,203.2,75.5,3.46,23.38,0.842,18.32,0.765,0.0,0.909,0.0,0.0,43.0,1,0.802,cooling,0.91,none,40.6
4315,ISR,11675.6,-5.6,0.681,0.613,4201.6,45.5,20.1,544.5,167.7,74.6,2.91,21.02,1.247,51.22,0.577,0.703,0.0,0.0,0.0,52.66,1,0.593,injector,0.7,none,50.56
4316,HIGH_ALTITUDE,22557.1,-33.1,0.784,0.632,4723.7,44.1,21.7,540.9,156.8,58.5,3.86,17.7,1.05,63.76,0.765,0.0,0.0,0.0,0.0,83.92,0,0.181,healthy,0.0,none,93.5
4317,TRANSIT,13724.8,-8.5,0.697,0.615,4117.3,41.6,17.8,563.3,171.1,72.8,2.84,24.72,2.863,47.82,0.539,0.286,0.0,0.0,0.286,40.66,1,0.496,combustion,0.57,none,36.66
4318,ISR,15660.1,-17.6,0.633,0.548,3967.2,53.1,21.8,435.1,133.3,64.4,2.95,16.05,1.273,85.93,0.765,0.0,0.0,0.0,0.0,87.66,0,0.099,healthy,0.0,none,100.32
4319,LOITER,3574.4,10.5,0.412,0.399,2864.3,68.9,20.7,292.3,106.9,85.5,1.15,12.7,0.813,113.62,0.765,0.0,0.0,0.521,0.0,57.86,1,0.401,lubrication,0.52,none,54.43
4320,LOITER,4765.4,10.0,0.561,0.538,3144.8,61.0,20.1,405.8,138.4,80.0,1.9,22.73,3.08,81.04,0.572,0.0,0.0,0.0,0.842,37.31,1,0.764,mechanical,0.84,none,35.89
4321,ISR,11108.6,-11.6,0.754,0.683,4158.8,57.8,25.4,533.5,163.5,74.3,2.87,25.44,2.752,54.78,0.624,0.0,0.0,0.0,0.613,44.36,1,0.541,mechanical,0.61,none,41.34
4322,HIGH_ALTITUDE,22006.5,-26.8,0.942,0.764,5540.5,45.3,26.4,674.3,197.7,68.8,4.21,21.8,0.703,22.82,0.765,0.0,0.0,0.0,0.0,76.12,0,0.151,healthy,0.0,none,78.4
4323,HIGH_ALTITUDE,20725.5,-26.8,0.925,0.76,5420.7,47.7,27.0,666.0,193.0,68.0,4.14,21.81,0.692,26.99,0.765,0.0,0.0,0.0,0.0,57.17,1,0.574,sensor,0.69,noise,56.01
4324,LOITER,4476.9,1.2,0.462,0.445,3103.5,71.1,23.1,321.3,110.6,71.1,2.04,13.96,0.965,110.16,0.765,0.0,0.0,0.0,0.0,88.88,0,0.102,healthy,0.0,none,102.28
4325,HIGH_ALTITUDE,17027.6,-19.8,0.85,0.726,5042.6,53.4,28.2,597.7,183.2,70.6,3.69,21.36,0.811,38.66,0.765,0.0,0.0,0.0,0.0,84.93,0,0.162,healthy,0.0,none,93.63
4326,ISR,2874.4,8.7,0.509,0.496,3335.7,75.2,26.5,361.0,126.0,76.8,2.12,15.77,1.098,94.01,0.765,0.0,0.0,0.0,0.0,87.05,0,0.093,healthy,0.0,none,100.32
4327,TRANSIT,11622.1,-7.6,0.82,0.738,4902.0,62.9,32.4,578.7,182.6,78.6,3.34,22.65,0.925,36.61,0.765,0.0,0.0,0.0,0.0,57.25,1,0.607,sensor,0.69,noise,55.08
4328,LOITER,6418.2,2.8,0.417,0.394,2894.1,63.9,19.1,290.3,99.7,73.0,1.56,12.33,0.849,118.42,0.765,0.0,0.0,0.204,0.0,74.61,0,0.194,lubrication,0.2,none,80.49
4329,LOITER,3605.0,11.7,0.453,0.439,2882.1,45.7,13.8,385.7,133.4,76.8,1.76,24.67,3.144,87.52,0.467,0.393,0.0,0.0,0.393,34.68,1,0.707,combustion,0.79,none,27.22
4330,DESERT_PATROL,15765.3,4.2,0.773,0.668,4698.3,50.6,24.5,566.0,183.3,81.9,2.98,19.46,1.041,36.0,0.765,0.0,0.0,0.0,0.0,79.9,0,0.065,healthy,0.0,none,85.67
4331,ISR,3108.8,15.3,0.617,0.601,3897.4,76.0,30.9,452.5,155.9,86.8,2.38,19.08,1.312,64.6,0.765,0.0,0.0,0.0,0.0,80.41,0,0.103,healthy,0.0,none,82.89
4332,HIGH_ALTITUDE,24463.0,-30.1,0.899,0.711,5272.1,41.1,22.6,637.3,184.6,64.4,4.13,19.48,0.724,34.84,0.765,0.0,0.0,0.0,0.0,85.97,0,0.203,healthy,0.0,none,97.96
4333,ISR,2591.0,18.0,0.586,0.573,3736.6,76.0,29.5,430.1,150.1,86.5,2.23,18.26,1.295,69.42,0.765,0.0,0.0,0.0,0.0,54.59,1,0.819,sensor,0.89,noise,52.87
4334,ISR,12293.2,-5.4,0.504,0.451,3307.0,55.2,19.2,354.6,127.7,67.1,2.31,13.57,1.106,92.22,0.765,0.0,0.664,0.0,0.0,53.43,1,0.679,cooling,0.66,none,56.73
4335,LOITER,3577.6,8.2,0.41,0.397,2856.0,69.4,20.7,291.4,103.7,73.3,1.78,12.62,0.821,115.89,0.765,0.0,0.0,0.0,0.0,87.67,0,0.173,healthy,0.0,none,106.09
4336,TRANSIT,12298.7,-9.5,0.605,0.541,3799.4,58.3,23.3,420.7,133.5,68.2,2.67,16.4,1.281,85.91,0.765,0.0,0.0,0.0,0.0,86.46,0,0.214,healthy,0.0,none,100.48
4337,ISR,14824.6,-14.0,0.695,0.606,4269.8,55.2,24.8,483.0,152.3,69.5,3.08,17.89,1.252,69.2,0.765,0.0,0.0,0.0,0.0,87.57,0,0.216,healthy,0.0,none,102.11
4338,HIGH_ALTITUDE,19870.8,-24.3,0.879,0.729,4675.0,42.8,20.9,614.6,186.1,68.2,3.47,26.84,2.848,35.35,0.603,0.0,0.0,0.0,0.707,39.09,1,0.616,mechanical,0.71,none,37.77
4339,HIGH_ALTITUDE,19503.7,-23.4,0.912,0.76,5085.3,33.2,17.5,708.5,211.8,69.9,3.75,37.09,2.731,10.91,0.485,0.366,0.0,0.0,0.366,27.53,1,0.66,combustion,0.73,none,17.04
4340,DESERT_PATROL,6751.4,23.8,0.838,0.79,4966.5,68.2,35.6,644.8,212.3,99.3,2.75,24.28,0.835,7.57,0.765,0.0,0.0,0.0,0.0,41.99,1,0.714,sensor,0.86,drift,36.74
4341,ISR,3010.3,13.7,0.543,0.529,3338.6,50.4,17.4,460.1,155.1,81.7,1.97,28.44,2.941,65.33,0.488,0.361,0.0,0.0,0.361,36.5,1,0.637,combustion,0.72,none,29.27
4342,DESERT_PATROL,15167.4,11.3,0.508,0.442,3320.2,46.4,16.3,383.5,130.5,76.5,2.13,12.96,1.086,89.38,0.765,0.0,0.0,0.0,0.0,87.85,0,0.073,healthy,0.0,none,101.59
4343,TRANSIT,14672.7,-10.8,0.509,0.445,3354.0,51.3,18.1,353.8,111.7,63.4,2.38,13.42,1.129,107.89,0.765,0.0,0.0,0.0,0.0,83.42,0,0.104,healthy,0.0,none,94.95
4344,DESERT_PATROL,11240.3,11.5,0.814,0.736,4879.9,59.5,30.3,603.8,207.1,90.3,2.95,22.24,0.913,13.06,0.765,0.0,0.502,0.0,0.0,44.02,1,0.516,cooling,0.5,none,39.64
4345,TRANSIT,2774.8,6.0,0.798,0.779,4801.1,83.5,41.8,575.5,187.8,88.9,2.94,24.97,0.961,33.03,0.765,0.0,0.0,0.0,0.0,73.53,0,0.113,healthy,0.0,none,83.48
4346,DESERT_PATROL,11869.4,15.7,0.66,0.593,4090.2,55.1,23.6,505.5,167.8,86.1,2.49,18.27,1.25,52.44,0.765,0.0,0.0,0.0,0.0,79.8,0,0.161,healthy,0.0,none,87.23
4347,DESERT_PATROL,4889.0,25.0,0.674,0.646,4173.4,70.1,30.8,506.2,175.9,93.9,2.36,20.74,1.28,43.39,0.765,0.0,0.0,0.0,0.0,51.19,1,0.906,sensor,0.94,noise,45.94
4348,LOITER,3516.4,12.3,0.482,0.467,3214.5,71.6,24.0,344.2,123.4,78.5,2.01,15.14,1.035,96.72,0.765,0.0,0.0,0.0,0.0,86.04,0,0.08,healthy,0.0,none,103.3
4349,HIGH_ALTITUDE,19320.8,-23.2,0.749,0.625,4563.3,34.3,16.3,593.2,174.0,64.5,3.44,21.1,1.11,46.6,0.544,0.825,0.0,0.0,0.0,51.9,1,0.758,injector,0.82,none,48.77
4350,TRANSIT,6599.1,2.2,0.827,0.78,4918.4,73.8,38.2,599.4,191.0,86.5,3.1,24.55,0.866,28.45,0.765,0.0,0.0,0.0,0.0,80.82,0,0.062,healthy,0.0,none,92.62
4351,TRANSIT,4935.8,5.7,0.767,0.735,4642.4,76.6,37.1,548.9,180.6,86.4,2.9,23.34,1.036,39.26,0.765,0.0,0.0,0.0,0.0,70.1,0,0.115,healthy,0.0,none,76.43
4352,HIGH_ALTITUDE,17478.9,-18.3,0.934,0.794,4956.5,47.3,24.4,669.8,200.2,74.8,3.54,28.37,2.38,18.57,0.62,0.0,0.0,0.0,0.633,37.14,1,0.564,mechanical,0.63,none,28.77
4353,TRANSIT,10483.3,-4.3,0.657,0.598,4059.3,62.5,26.9,468.9,155.2,73.5,2.76,18.27,1.239,64.62,0.765,0.0,0.351,0.0,0.0,63.32,1,0.283,cooling,0.35,none,67.32
4354,DESERT_PATROL,11520.6,9.7,0.811,0.731,4863.1,59.2,30.2,597.6,196.5,88.4,2.99,22.29,0.915,24.05,0.765,0.0,0.0,0.0,0.0,77.79,0,0.129,healthy,0.0,none,90.92
4355,ISR,8503.2,-0.3,0.577,0.535,3680.4,64.7,25.0,412.0,135.8,73.9,2.5,16.56,1.262,85.21,0.765,0.0,0.0,0.0,0.0,85.47,0,0.135,healthy,0.0,none,101.11
4356,ISR,12787.8,-12.0,0.743,0.661,4356.5,47.8,21.8,562.0,173.7,73.0,3.1,24.91,2.455,46.39,0.588,0.219,0.0,0.0,0.219,46.51,1,0.416,combustion,0.44,none,38.86
4357,ISR,15246.2,-18.1,0.615,0.534,3311.6,44.7,15.3,423.3,129.1,63.4,2.37,22.0,3.496,90.39,0.544,0.0,0.0,0.0,0.962,35.04,1,0.919,mechanical,0.96,none,28.51
4358,ISR,3811.2,4.3,0.683,0.661,4214.4,78.6,35.0,492.4,162.4,82.7,2.67,20.93,1.224,59.3,0.765,0.0,0.0,0.0,0.0,85.42,0,0.242,healthy,0.0,none,100.5
4359,HIGH_ALTITUDE,19964.3,-23.4,0.851,0.705,5048.1,48.0,25.4,599.9,193.8,67.8,3.84,19.95,0.79,24.46,0.765,0.0,0.801,0.0,0.0,49.32,1,0.648,cooling,0.8,none,44.71
4360,ISR,7946.8,0.1,0.683,0.636,4221.8,59.4,26.1,511.1,165.4,78.9,2.77,24.49,1.223,53.9,0.666,0.37,0.0,0.0,0.0,60.83,1,0.316,injector,0.37,none,64.07
4361,TRANSIT,14120.2,-17.2,0.665,0.585,4100.0,57.0,24.7,459.5,151.4,65.9,3.08,17.43,1.223,69.07,0.765,0.0,0.537,0.0,0.0,58.4,1,0.421,cooling,0.54,none,61.44
4362,TRANSIT,10948.9,-3.3,0.657,0.595,4086.2,61.1,26.1,460.1,150.3,75.1,2.8,18.14,1.284,69.42,0.765,0.0,0.0,0.0,0.0,88.21,0,0.092,healthy,0.0,none,101.86
4363,TRANSIT,13716.3,-14.2,0.747,0.659,4541.5,58.5,27.9,523.2,161.3,70.6,3.29,19.71,1.077,57.98,0.765,0.0,0.0,0.0,0.0,88.41,0,0.055,healthy,0.0,none,99.49
4364,DESERT_PATROL,12411.8,15.0,0.727,0.65,4447.2,44.1,20.3,592.1,191.7,88.6,2.68,22.27,1.146,26.06,0.612,0.57,0.0,0.0,0.0,44.99,1,0.498,injector,0.57,none,43.5
4365,ISR,8048.8,0.4,0.772,0.718,4566.8,60.5,29.0,581.9,183.3,81.6,3.02,26.55,1.885,34.87,0.653,0.135,0.0,0.0,0.135,58.42,0,0.217,combustion,0.27,none,62.86
4366,LOITER,6562.5,7.9,0.599,0.566,3790.8,68.2,27.1,441.4,145.4,79.9,2.43,17.65,1.262,73.86,0.765,0.0,0.0,0.0,0.0,85.4,0,0.064,healthy,0.0,none,96.56
4367,LOITER,7927.4,-2.4,0.452,0.421,3077.8,62.9,20.1,317.8,103.9,67.9,2.02,13.01,0.941,114.75,0.765,0.0,0.0,0.0,0.0,88.18,0,0.132,healthy,0.0,none,101.09
4368,HIGH_ALTITUDE,21086.3,-28.2,0.928,0.76,5402.3,47.3,26.9,666.9,193.9,67.3,4.15,21.94,0.7,27.29,0.765,0.0,0.0,0.0,0.0,84.95,0,0.091,healthy,0.0,none,102.75
4369,HIGH_ALTITUDE,21400.3,-28.3,0.75,0.613,4558.9,45.1,21.6,520.8,152.8,60.6,3.61,17.5,1.087,67.47,0.765,0.0,0.0,0.0,0.0,84.6,0,0.033,healthy,0.0,none,96.19
4370,HIGH_ALTITUDE,24069.1,-38.3,0.772,0.613,4679.8,42.2,20.7,524.4,150.5,54.1,3.74,17.07,1.048,70.65,0.765,0.0,0.0,0.0,0.0,75.18,0,0.092,healthy,0.0,none,82.42
4371,TRANSIT,13263.3,-8.1,0.54,0.479,3499.1,54.5,20.1,377.1,120.5,86.4,1.07,14.15,1.218,99.09,0.765,0.0,0.0,0.961,0.0,49.0,1,0.86,lubrication,0.96,none,46.87
4372,LOITER,6000.4,2.8,0.53,0.503,3443.5,69.0,25.1,371.5,125.8,74.4,2.21,15.9,1.176,93.5,0.765,0.0,0.0,0.0,0.0,83.64,0,0.074,healthy,0.0,none,95.72
4373,HIGH_ALTITUDE,20637.2,-28.8,0.912,0.751,5348.6,48.2,27.1,636.7,187.3,67.0,4.16,21.62,0.702,31.58,0.765,0.0,0.0,0.0,0.0,87.47,0,0.227,healthy,0.0,none,98.4
4374,DESERT_PATROL,4748.4,25.9,0.767,0.736,4650.4,71.9,35.0,572.7,195.1,99.8,2.55,23.39,1.006,22.16,0.765,0.0,0.0,0.0,0.0,76.39,0,0.071,healthy,0.0,none,83.31
4375,ISR,4587.3,7.2,0.804,0.772,4815.1,77.8,39.3,583.4,191.5,89.3,2.9,24.3,0.969,30.1,0.765,0.0,0.0,0.0,0.0,80.25,0,0.188,healthy,0.0,none,87.77
4376,LOITER,4822.2,4.7,0.409,0.392,2835.4,67.0,19.9,284.8,101.9,71.0,1.81,12.48,0.841,118.97,0.765,0.0,0.0,0.0,0.0,87.44,0,0.166,healthy,0.0,none,100.36
4377,ISR,13320.4,-14.0,0.828,0.734,4387.9,53.1,24.6,593.9,180.3,74.8,3.06,28.21,2.995,39.67,0.6,0.0,0.0,0.0,0.721,37.67,1,0.635,mechanical,0.72,none,33.02
4378,HIGH_ALTITUDE,22857.1,-34.4,0.783,0.63,4733.4,43.8,21.7,538.7,155.4,57.4,3.75,17.7,0.998,64.91,0.765,0.0,0.0,0.0,0.0,94.66,0,0.056,healthy,0.0,none,108.95
4379,LOITER,6282.0,-2.1,0.423,0.4,2931.1,65.7,20.1,291.3,98.5,66.7,1.93,12.65,0.847,121.31,0.765,0.0,0.0,0.0,0.0,87.57,0,0.229,healthy,0.0,none,96.06
4380,TRANSIT,9528.8,-0.1,0.678,0.623,4197.7,64.2,28.3,490.7,157.9,77.0,2.74,19.27,1.197,62.41,0.765,0.0,0.0,0.0,0.0,87.51,0,0.071,healthy,0.0,none,98.04
4381,HIGH_ALTITUDE,23337.4,-32.1,0.918,0.734,5406.2,43.6,24.7,648.6,210.2,63.8,4.21,20.79,0.727,10.48,0.765,0.0,0.967,0.0,0.0,42.14,1,0.868,cooling,0.97,none,42.92
4382,LOITER,5502.6,5.8,0.536,0.511,3490.0,69.8,25.6,386.7,131.3,83.9,1.7,16.2,1.204,89.77,0.765,0.0,0.0,0.348,0.0,62.46,1,0.303,lubrication,0.35,none,62.55
4383,HIGH_ALTITUDE,24325.3,-34.4,0.895,0.708,5244.9,30.3,16.8,697.6,197.8,61.5,4.32,31.62,0.752,22.87,0.552,0.797,0.0,0.0,0.0,48.05,1,0.683,injector,0.8,none,42.84
4384,DESERT_PATROL,6272.8,30.6,0.682,0.645,4198.5,65.4,29.0,525.3,183.9,97.6,2.28,20.39,1.243,36.46,0.765,0.0,0.0,0.0,0.0,49.45,1,0.831,sensor,0.88,drift,52.55
4385,LOITER,4440.3,7.1,0.518,0.498,3379.3,71.7,25.4,369.1,127.8,89.9,1.26,15.94,1.128,93.1,0.765,0.0,0.0,0.655,0.0,54.05,1,0.606,lubrication,0.66,none,51.88
4386,ISR,8642.1,-1.7,0.581,0.538,3715.8,64.8,25.4,409.4,135.5,73.2,2.48,16.73,1.244,85.37,0.765,0.0,0.0,0.0,0.0,84.31,0,0.106,healthy,0.0,none,94.48
4387,LOITER,4617.2,9.0,0.424,0.407,2912.6,67.2,20.7,301.9,108.0,74.1,1.79,12.88,0.869,112.06,0.765,0.0,0.0,0.0,0.0,87.89,0,0.03,healthy,0.0,none,97.8
4388,LOITER,3631.8,5.9,0.436,0.423,2994.9,71.0,22.4,306.7,108.9,73.0,1.9,13.59,0.894,112.16,0.765,0.0,0.0,0.0,0.0,86.35,0,0.137,healthy,0.0,none,96.93
4389,TRANSIT,9117.4,2.2,0.537,0.495,3488.4,61.6,22.6,385.3,126.9,73.6,2.3,15.26,1.188,91.92,0.765,0.0,0.0,0.0,0.0,82.94,0,0.199,healthy,0.0,none,91.62
4390,TRANSIT,10713.6,-4.4,0.836,0.759,4959.1,64.6,33.6,598.0,190.3,81.9,3.34,23.37,0.852,30.71,0.765,0.0,0.0,0.0,0.0,54.63,1,0.631,sensor,0.68,spike,54.32
4391,TRANSIT,15143.4,-16.6,0.663,0.577,4111.5,49.1,21.1,487.8,147.8,66.0,3.0,20.56,1.258,72.46,0.688,0.286,0.0,0.0,0.0,69.1,0,0.139,injector,0.29,none,73.02
4392,ISR,8781.6,-7.1,0.71,0.656,4348.1,68.4,30.9,496.0,159.4,74.8,3.04,20.35,1.194,61.55,0.765,0.0,0.0,0.0,0.0,87.99,0,0.199,healthy,0.0,none,101.9
4393,HIGH_ALTITUDE,19381.7,-24.4,0.834,0.696,4970.2,49.2,25.8,598.1,174.6,66.8,3.81,20.49,0.844,45.65,0.765,0.0,0.0,0.0,0.0,91.68,0,0.092,healthy,0.0,none,107.97
4394,TRANSIT,1081.9,8.4,0.762,0.755,4601.2,87.3,42.0,542.2,180.3,89.3,2.74,24.54,1.048,39.58,0.765,0.0,0.0,0.0,0.0,71.19,0,0.223,healthy,0.0,none,80.54
4395,LOITER,4942.3,6.6,0.435,0.417,2970.7,45.9,14.2,380.2,126.0,72.7,1.86,15.66,0.892,92.5,0.52,0.913,0.0,0.0,0.0,48.5,1,0.828,injector,0.91,none,44.76
4396,ISR,6302.8,-3.2,0.671,0.635,4149.7,73.3,31.8,466.0,151.6,76.0,2.83,20.17,1.305,67.47,0.765,0.0,0.0,0.0,0.0,83.58,0,0.07,healthy,0.0,none,99.33
4397,LOITER,4505.9,4.1,0.493,0.474,3266.7,71.4,24.4,344.5,118.4,73.7,2.11,15.1,1.072,101.07,0.765,0.0,0.0,0.0,0.0,83.56,0,0.034,healthy,0.0,none,92.4
4398,LOITER,7634.3,4.3,0.585,0.546,3722.1,65.9,25.5,419.1,140.0,77.1,2.39,16.9,1.338,79.82,0.765,0.0,0.0,0.0,0.0,84.47,0,0.076,healthy,0.0,none,96.94
4399,TRANSIT,9837.3,-5.8,0.628,0.575,3943.9,63.8,26.5,445.5,142.1,73.1,2.72,17.87,1.327,78.23,0.765,0.0,0.0,0.0,0.0,77.33,0,0.243,healthy,0.0,none,83.45
4400,HIGH_ALTITUDE,19407.6,-24.3,0.806,0.672,4833.5,48.9,24.5,565.6,168.2,65.7,3.62,19.39,0.948,52.03,0.765,0.0,0.0,0.0,0.0,92.91,0,0.174,healthy,0.0,none,108.78
4401,LOITER,4465.7,5.8,0.419,0.403,2904.8,68.1,20.6,298.1,103.7,71.7,1.82,12.93,0.849,115.84,0.765,0.0,0.0,0.0,0.0,78.22,0,0.225,healthy,0.0,none,90.37
4402,LOITER,7540.2,-2.8,0.547,0.512,3465.8,59.2,21.5,402.9,132.5,70.9,2.32,18.93,1.873,88.91,0.664,0.12,0.0,0.0,0.12,64.35,0,0.213,combustion,0.24,none,66.01
4403,DESERT_PATROL,15341.5,10.9,0.836,0.726,4287.6,42.7,19.1,623.0,203.8,89.9,2.53,29.69,3.521,16.31,0.552,0.0,0.0,0.0,0.929,22.74,1,0.834,mechanical,0.93,none,15.37
4404,TRANSIT,7129.4,1.9,0.602,0.566,3801.6,68.3,27.0,424.9,142.7,76.3,2.53,17.66,1.304,78.1,0.765,0.0,0.0,0.0,0.0,82.53,0,0.177,healthy,0.0,none,90.81
4405,ISR,14707.0,-12.5,0.664,0.58,4122.1,54.6,23.7,466.5,144.0,68.7,2.99,17.22,1.265,74.79,0.765,0.0,0.0,0.0,0.0,80.71,0,0.25,healthy,0.0,none,87.01
4406,ISR,1732.8,13.8,0.73,0.719,4461.2,83.0,38.7,528.7,177.9,90.6,2.61,23.22,1.177,41.8,0.765,0.0,0.0,0.0,0.0,84.19,0,0.087,healthy,0.0,none,93.41
4407,ISR,8919.3,2.5,0.63,0.582,3734.5,60.6,23.8,452.8,147.7,77.3,2.46,19.93,2.119,71.04,0.685,0.0,0.0,0.0,0.349,55.36,1,0.319,mechanical,0.35,none,56.99
4408,TRANSIT,8702.5,-1.3,0.646,0.598,4030.1,66.0,27.6,462.5,147.6,76.4,2.68,18.47,1.344,70.81,0.765,0.0,0.0,0.0,0.0,84.77,0,0.074,healthy,0.0,none,100.78
4409,HIGH_ALTITUDE,22809.4,-31.7,0.736,0.592,4496.8,43.0,20.1,506.1,146.0,57.5,3.51,16.75,1.154,73.29,0.765,0.0,0.0,0.0,0.0,86.01,0,0.141,healthy,0.0,none,92.86
4410,HIGH_ALTITUDE,18746.1,-22.8,0.763,0.64,4618.7,32.7,15.9,615.2,178.9,64.3,3.53,22.8,1.065,40.39,0.506,0.967,0.0,0.0,0.0,47.47,1,0.898,injector,0.97,none,46.35
4411,DESERT_PATROL,8685.6,8.9,0.539,0.499,3499.5,61.2,22.3,397.9,134.8,78.3,2.25,15.3,1.212,85.84,0.765,0.0,0.0,0.0,0.0,85.49,0,0.083,healthy,0.0,none,98.07
4412,HIGH_ALTITUDE,19261.2,-23.0,0.778,0.65,4685.7,48.6,23.6,555.3,162.3,64.9,3.52,18.86,0.998,57.11,0.765,0.0,0.0,0.0,0.0,83.15,0,0.162,healthy,0.0,none,93.48
4413,DESERT_PATROL,9332.5,19.5,0.584,0.537,3376.3,52.6,18.5,444.4,152.7,86.1,1.98,20.19,2.668,66.81,0.624,0.0,0.0,0.0,0.616,42.99,1,0.581,mechanical,0.62,none,39.34
4414,DESERT_PATROL,9806.7,17.0,0.792,0.726,4751.7,61.5,30.7,589.2,197.5,93.4,2.82,22.49,0.989,22.55,0.765,0.0,0.0,0.0,0.0,53.87,1,0.341,sensor,0.39,drift,52.46
4415,ISR,2313.7,8.4,0.572,0.56,3649.1,78.9,30.4,401.8,140.5,93.1,1.34,18.24,1.26,80.66,0.765,0.0,0.0,0.651,0.0,52.63,1,0.652,lubrication,0.65,none,53.74
4416,DESERT_PATROL,9044.7,20.1,0.731,0.674,4445.0,61.8,28.7,554.0,187.0,92.3,2.63,21.0,1.16,33.68,0.765,0.0,0.0,0.0,0.0,81.42,0,0.092,healthy,0.0,none,88.91
4417,TRANSIT,9624.6,-0.6,0.532,0.488,3362.2,58.9,20.6,370.2,124.7,71.7,2.21,16.04,1.665,95.19,0.716,0.0,0.0,0.0,0.212,68.55,0,0.249,mechanical,0.21,none,72.84
4418,TRANSIT,7183.1,-2.3,0.708,0.664,4347.1,71.4,32.2,500.8,160.8,78.5,2.95,20.64,1.24,58.3,0.765,0.0,0.0,0.0,0.0,86.13,0,0.091,healthy,0.0,none,99.08
4419,ISR,10989.8,-3.8,0.512,0.464,3355.9,57.9,20.6,362.3,118.1,69.1,2.28,14.16,1.12,101.97,0.765,0.0,0.0,0.0,0.0,87.77,0,0.123,healthy,0.0,none,100.81
4420,ISR,10799.3,-6.3,0.721,0.654,4391.7,46.8,21.6,574.5,176.2,76.3,3.03,31.14,1.184,42.35,0.566,0.743,0.0,0.0,0.0,48.71,1,0.746,injector,0.74,none,49.92
4421,DESERT_PATROL,12059.6,4.9,0.714,0.64,3947.5,51.5,21.2,526.7,169.5,81.3,2.52,24.09,2.801,49.48,0.616,0.0,0.0,0.0,0.647,41.52,1,0.595,mechanical,0.65,none,34.71
4422,TRANSIT,10002.3,1.4,0.739,0.675,4485.5,44.5,20.9,596.0,189.5,80.7,2.96,24.57,1.119,29.71,0.535,0.859,0.0,0.0,0.0,41.94,1,0.83,injector,0.86,none,39.96
4423,LOITER,5535.8,0.6,0.511,0.487,3349.8,70.2,25.0,355.4,120.1,72.3,2.22,15.5,1.145,99.65,0.765,0.0,0.0,0.0,0.0,87.6,0,0.027,healthy,0.0,none,97.72
4424,ISR,9929.4,-8.9,0.538,0.492,3491.5,62.2,22.8,368.9,120.8,66.8,2.39,15.17,1.198,100.9,0.765,0.0,0.0,0.0,0.0,80.22,0,0.224,healthy,0.0,none,91.57
4425,TRANSIT,4330.8,4.2,0.848,0.817,5047.4,80.1,42.4,606.2,196.1,89.4,3.12,26.22,0.816,22.93,0.765,0.0,0.0,0.0,0.0,76.51,0,0.09,healthy,0.0,none,87.15
4426,TRANSIT,13109.3,-17.0,0.529,0.47,2985.8,47.5,14.7,355.1,111.7,61.0,2.07,19.61,3.051,109.01,0.555,0.0,0.0,0.0,0.915,37.16,1,0.736,mechanical,0.91,none,31.32
4427,HIGH_ALTITUDE,18045.8,-23.5,0.943,0.797,5546.5,52.8,30.3,671.4,216.2,71.7,4.1,23.45,0.701,0.07,0.765,0.0,0.928,0.0,0.0,38.03,1,0.838,cooling,0.93,none,31.84
4428,HIGH_ALTITUDE,20989.2,-28.5,0.766,0.629,4640.1,46.1,22.5,530.9,172.5,61.0,3.63,17.9,1.041,48.32,0.765,0.0,0.776,0.0,0.0,57.73,1,0.656,cooling,0.78,none,53.18
4429,ISR,8590.9,-5.0,0.632,0.586,3700.5,40.8,15.7,546.1,170.0,73.1,2.44,34.44,3.568,49.98,0.436,0.444,0.0,0.0,0.444,33.43,1,0.725,combustion,0.89,none,28.94
4430,LOITER,7426.7,7.2,0.488,0.457,3252.8,63.1,21.4,348.0,121.2,75.3,2.08,14.24,1.053,98.79,0.765,0.0,0.0,0.0,0.0,84.4,0,0.179,healthy,0.0,none,96.47
4431,ISR,5052.2,6.8,0.731,0.7,4462.2,75.3,35.0,529.5,191.9,85.7,2.82,22.25,1.157,31.14,0.765,0.0,0.752,0.0,0.0,47.07,1,0.611,cooling,0.75,none,47.32
4432,TRANSIT,12554.1,-7.4,0.848,0.757,5032.8,61.0,32.2,614.2,191.2,80.1,3.43,22.97,0.826,29.94,0.765,0.0,0.0,0.0,0.0,55.7,1,0.533,sensor,0.58,freeze,55.94
4433,HIGH_ALTITUDE,23223.9,-28.2,0.774,0.62,4650.3,42.0,20.5,542.9,168.9,61.3,3.73,17.49,1.067,50.99,0.765,0.0,0.585,0.0,0.0,61.66,1,0.468,cooling,0.59,none,62.25
4434,LOITER,5199.5,8.7,0.561,0.536,3605.8,70.6,26.6,400.7,142.3,79.9,2.27,16.91,1.24,77.24,0.765,0.0,0.295,0.0,0.0,66.04,0,0.268,cooling,0.3,none,68.44
4435,ISR,7194.5,-3.0,0.558,0.524,3611.0,68.2,25.7,389.6,128.5,72.1,2.43,16.26,1.225,91.97,0.765,0.0,0.0,0.0,0.0,84.9,0,0.088,healthy,0.0,none,99.11
4436,TRANSIT,3204.2,7.9,0.849,0.825,5036.1,75.3,39.9,625.8,206.1,91.5,3.02,27.41,0.829,15.13,0.699,0.248,0.0,0.0,0.0,58.14,0,0.309,injector,0.25,none,52.04
4437,DESERT_PATROL,15186.9,5.0,0.651,0.567,4070.8,50.0,21.3,486.8,155.3,78.7,2.65,16.67,1.282,62.7,0.765,0.0,0.0,0.0,0.0,61.53,1,0.311,sensor,0.4,spike,68.47
4438,LOITER,3860.7,6.5,0.405,0.392,2814.4,68.9,20.1,286.6,103.1,72.2,1.7,12.72,0.839,118.33,0.765,0.0,0.0,0.0,0.0,59.62,1,0.538,sensor,0.57,freeze,63.9
4439,ISR,3835.0,6.9,0.695,0.672,3703.2,65.7,25.5,498.8,164.8,84.4,2.25,29.37,3.535,54.57,0.556,0.0,0.0,0.0,0.911,36.12,1,0.842,mechanical,0.91,none,30.04
4440,ISR,14168.1,-6.6,0.824,0.724,4898.4,56.7,29.1,592.7,184.7,78.4,3.31,21.68,0.895,34.19,0.765,0.0,0.0,0.0,0.0,82.71,0,0.129,healthy,0.0,none,94.13
4441,TRANSIT,15394.0,-13.8,0.631,0.548,3945.3,36.0,15.1,518.8,154.9,66.2,2.85,19.67,1.293,64.11,0.521,0.91,0.0,0.0,0.0,47.4,1,0.874,injector,0.91,none,47.31
4442,LOITER,4615.6,6.2,0.58,0.557,3713.4,73.3,28.4,412.9,139.0,97.9,1.0,17.42,1.295,80.06,0.765,0.0,0.0,0.957,0.0,49.37,1,0.767,lubrication,0.96,none,45.17
4443,HIGH_ALTITUDE,23083.9,-31.7,0.765,0.614,4631.4,42.7,20.7,532.0,154.9,58.7,3.67,17.41,1.051,66.66,0.765,0.0,0.0,0.0,0.0,88.59,0,0.06,healthy,0.0,none,99.39
4444,ISR,7703.8,-0.0,0.647,0.604,4018.6,68.2,28.7,456.7,149.7,92.7,1.4,18.61,1.293,69.82,0.765,0.0,0.0,0.786,0.0,51.0,1,0.709,lubrication,0.79,none,52.71
4445,ISR,14430.9,-18.8,0.607,0.532,3434.0,49.0,17.6,416.0,127.9,62.2,2.52,20.03,3.009,93.01,0.602,0.0,0.0,0.0,0.71,40.02,1,0.579,mechanical,0.71,none,34.12
4446,LOITER,6458.8,1.7,0.476,0.45,3191.5,50.6,16.9,389.0,127.5,71.3,2.08,21.14,1.045,92.11,0.583,0.681,0.0,0.0,0.0,52.28,1,0.625,injector,0.68,none,48.03
4447,TRANSIT,3852.0,7.1,0.689,0.666,4235.4,77.8,34.6,494.6,162.3,89.6,2.17,21.41,1.241,55.72,0.765,0.0,0.0,0.285,0.0,67.33,0,0.202,lubrication,0.29,none,70.69
4448,HIGH_ALTITUDE,17957.6,-20.6,0.943,0.798,5528.0,52.4,30.2,674.4,200.4,73.7,4.12,23.12,0.698,18.24,0.765,0.0,0.0,0.0,0.0,54.35,1,0.497,sensor,0.62,drift,53.13
4449,HIGH_ALTITUDE,24472.9,-31.6,0.82,0.648,4795.9,35.3,17.9,597.8,170.5,59.8,3.85,21.98,1.681,47.97,0.651,0.137,0.0,0.0,0.137,68.61,0,0.208,combustion,0.27,none,71.54
4450,HIGH_ALTITUDE,19522.9,-29.2,0.716,0.596,4362.1,48.6,22.4,488.6,143.7,59.2,3.43,17.28,1.22,76.34,0.765,0.0,0.0,0.0,0.0,85.44,0,0.17,healthy,0.0,none,99.4
4451,DESERT_PATROL,3567.9,24.8,0.646,0.626,4029.0,73.0,30.7,489.5,172.1,93.4,2.27,20.07,1.309,50.14,0.765,0.0,0.0,0.0,0.0,86.68,0,0.04,healthy,0.0,none,106.21
4452,ISR,4579.4,4.0,0.797,0.765,4786.8,78.6,39.2,575.2,184.4,86.1,2.99,24.32,0.923,34.38,0.765,0.0,0.0,0.0,0.0,69.49,0,0.174,sensor,0.24,drift,72.74
4453,LOITER,3279.6,4.4,0.485,0.471,3225.0,58.4,19.9,385.5,131.1,73.7,2.07,21.65,1.053,90.08,0.601,0.614,0.0,0.0,0.0,54.24,1,0.484,injector,0.61,none,50.43
4454,DESERT_PATROL,7521.7,15.5,0.734,0.687,4474.7,66.6,31.0,544.9,183.2,90.1,2.68,21.37,1.128,37.38,0.765,0.0,0.0,0.0,0.0,74.21,0,0.217,healthy,0.0,none,76.98
4455,ISR,7306.8,5.8,0.615,0.577,3872.6,67.1,27.4,450.3,149.1,83.7,2.13,18.11,1.349,71.91,0.765,0.0,0.0,0.214,0.0,71.18,0,0.207,lubrication,0.21,none,76.04
4456,HIGH_ALTITUDE,16912.8,-22.7,0.847,0.725,5050.3,54.3,28.5,602.3,199.8,68.9,3.78,21.37,0.806,23.26,0.765,0.0,0.865,0.0,0.0,47.05,1,0.763,cooling,0.87,none,42.83
4457,ISR,12652.9,-10.8,0.661,0.589,3818.9,54.7,22.1,459.6,146.4,70.2,2.71,20.56,2.386,74.43,0.665,0.0,0.0,0.0,0.436,48.52,1,0.44,mechanical,0.44,none,47.02
4458,TRANSIT,15827.6,-12.7,0.748,0.646,4534.5,53.4,25.4,532.5,164.6,71.4,3.21,19.08,1.101,55.95,0.765,0.0,0.0,0.0,0.0,87.4,0,0.222,healthy,0.0,none,100.94
4459,TRANSIT,4589.9,7.6,0.667,0.641,4141.1,75.1,32.5,473.4,160.7,84.1,2.59,20.37,1.268,59.79,0.765,0.0,0.0,0.0,0.0,84.2,0,0.212,healthy,0.0,none,102.53
4460,HIGH_ALTITUDE,16505.0,-19.0,0.754,0.648,4599.2,53.3,25.5,532.1,159.6,67.5,3.4,18.75,1.106,59.63,0.765,0.0,0.0,0.0,0.0,88.98,0,0.231,healthy,0.0,none,104.32
4461,LOITER,7570.5,-6.8,0.521,0.487,2941.6,56.5,17.4,360.1,117.0,68.1,1.94,20.86,3.298,103.36,0.556,0.0,0.0,0.0,0.913,36.01,1,0.851,mechanical,0.91,none,32.49
4462,TRANSIT,5975.2,2.9,0.746,0.708,4517.1,74.0,34.9,533.1,174.5,83.6,2.96,22.22,1.123,46.0,0.765,0.0,0.0,0.0,0.0,61.69,1,0.37,sensor,0.4,drift,61.11
4463,TRANSIT,10016.5,-6.0,0.849,0.776,5025.7,67.0,35.5,617.2,190.4,80.4,3.43,23.85,0.808,29.4,0.765,0.0,0.0,0.0,0.0,79.64,0,0.049,healthy,0.0,none,89.29
4464,DESERT_PATROL,13699.7,3.0,0.504,0.445,3325.4,50.6,17.5,369.1,122.7,72.1,2.18,13.43,1.094,97.52,0.765,0.0,0.0,0.0,0.0,85.13,0,0.245,healthy,0.0,none,96.52
4465,HIGH_ALTITUDE,24328.5,-31.9,0.932,0.737,5453.5,41.8,23.9,667.6,189.0,70.2,3.51,20.22,0.684,29.02,0.765,0.0,0.0,0.286,0.0,65.0,0,0.211,lubrication,0.29,none,68.85
4466,LOITER,4564.8,6.4,0.463,0.445,3111.8,69.6,22.5,324.8,113.7,73.4,1.98,14.12,0.995,105.71,0.765,0.0,0.0,0.0,0.0,88.68,0,0.072,healthy,0.0,none,99.85
4467,ISR,1862.2,7.2,0.571,0.562,3272.0,70.6,23.9,406.1,137.7,79.2,2.01,23.57,2.835,81.98,0.596,0.0,0.0,0.0,0.734,40.14,1,0.67,mechanical,0.73,none,39.54
4468,ISR,5868.3,4.8,0.721,0.685,4410.6,73.4,33.7,520.2,172.4,83.3,2.81,21.71,1.189,49.81,0.765,0.0,0.0,0.0,0.0,84.64,0,0.187,healthy,0.0,none,92.99
4469,TRANSIT,10159.0,-6.9,0.616,0.563,3876.0,63.1,25.4,438.0,137.3,71.0,2.72,17.11,1.305,81.75,0.765,0.0,0.0,0.0,0.0,75.14,0,0.194,healthy,0.0,none,75.7
4470,DESERT_PATROL,4712.4,25.8,0.588,0.564,3739.3,68.4,26.6,446.4,157.2,90.9,2.12,18.09,1.295,61.79,0.765,0.0,0.0,0.0,0.0,85.06,0,0.196,healthy,0.0,none,99.18
4471,HIGH_ALTITUDE,20001.6,-26.7,0.874,0.724,5159.0,48.8,26.4,618.5,181.2,66.5,4.09,20.76,0.784,38.55,0.765,0.0,0.0,0.0,0.0,83.09,0,0.212,healthy,0.0,none,95.91
4472,HIGH_ALTITUDE,21150.5,-26.1,0.907,0.743,5011.7,29.1,15.2,737.4,212.9,67.7,3.76,39.7,3.154,7.52,0.447,0.426,0.0,0.0,0.426,21.48,1,0.806,combustion,0.85,none,18.45
4473,ISR,2321.8,9.7,0.703,0.689,4311.0,81.9,37.0,509.3,191.2,86.5,2.62,22.1,1.271,29.39,0.765,0.0,0.951,0.0,0.0,40.46,1,0.907,cooling,0.95,none,36.19
4474,DESERT_PATROL,7335.3,15.3,0.691,0.647,4237.4,66.4,29.8,508.1,172.6,89.1,2.53,20.12,1.26,47.18,0.765,0.0,0.0,0.0,0.0,84.8,0,0.027,healthy,0.0,none,96.98
4475,ISR,7839.4,-4.1,0.783,0.73,4723.8,71.4,35.3,552.0,175.3,98.6,1.36,22.78,0.974,43.09,0.765,0.0,0.0,0.937,0.0,48.72,1,0.79,lubrication,0.94,none,46.1
4476,HIGH_ALTITUDE,20678.0,-28.9,0.797,0.655,4775.3,47.1,23.5,560.3,161.3,62.6,3.79,18.64,0.981,57.63,0.765,0.0,0.0,0.0,0.0,94.14,0,0.136,healthy,0.0,none,109.72
4477,LOITER,4349.5,9.3,0.495,0.477,3279.7,70.6,24.2,351.0,139.1,76.9,2.07,15.15,1.076,79.59,0.765,0.0,0.802,0.0,0.0,52.79,1,0.684,cooling,0.8,none,48.85
4478,LOITER,3214.0,6.2,0.548,0.533,3547.9,76.2,28.6,392.2,133.2,77.5,2.24,16.92,1.187,87.55,0.765,0.0,0.0,0.0,0.0,86.48,0,0.091,healthy,0.0,none,99.92
4479,HIGH_ALTITUDE,19928.4,-25.1,0.81,0.672,4863.0,48.0,24.3,574.4,168.6,74.5,2.61,19.18,0.93,51.58,0.765,0.0,0.0,0.484,0.0,57.74,1,0.484,lubrication,0.48,none,61.74
4480,LOITER,3908.2,4.1,0.46,0.444,3112.3,47.7,15.6,390.7,133.6,72.2,1.99,25.48,0.981,88.52,0.509,0.956,0.0,0.0,0.0,48.1,1,0.829,injector,0.96,none,45.41
4481,TRANSIT,1517.5,12.2,0.787,0.776,4761.9,85.3,42.5,569.7,189.0,92.0,2.78,25.4,1.022,30.85,0.765,0.0,0.0,0.0,0.0,81.51,0,0.06,healthy,0.0,none,93.36
4482,DESERT_PATROL,9842.8,17.5,0.659,0.604,4097.1,50.1,21.3,531.3,177.7,88.2,2.49,20.06,1.244,42.31,0.646,0.444,0.0,0.0,0.0,51.91,1,0.419,injector,0.44,none,50.27
4483,DESERT_PATROL,14843.5,7.6,0.566,0.494,3632.8,48.8,18.7,415.8,140.9,76.1,2.29,14.6,1.282,79.73,0.765,0.0,0.0,0.0,0.0,86.79,0,0.047,healthy,0.0,none,95.91
4484,DESERT_PATROL,15135.5,0.5,0.67,0.583,4132.1,51.2,22.3,493.3,157.3,92.2,1.52,17.46,1.249,62.25,0.765,0.0,0.0,0.748,0.0,51.66,1,0.698,lubrication,0.75,none,43.09
4485,HIGH_ALTITUDE,16553.7,-20.7,0.871,0.747,5156.4,54.9,29.4,617.0,184.5,70.6,3.76,21.85,0.743,34.97,0.765,0.0,0.0,0.0,0.0,61.05,1,0.343,sensor,0.44,freeze,66.71
4486,HIGH_ALTITUDE,20187.3,-30.9,0.862,0.713,5118.8,41.9,22.4,635.2,183.6,63.8,4.09,22.41,0.789,36.01,0.652,0.422,0.0,0.0,0.0,58.83,1,0.367,injector,0.42,none,63.9
4487,LOITER,7845.8,1.4,0.583,0.544,3720.3,66.1,25.9,414.2,137.2,75.3,2.43,16.61,1.256,82.63,0.765,0.0,0.0,0.0,0.0,85.85,0,0.154,healthy,0.0,none,91.22
4488,ISR,14539.9,-15.5,0.665,0.582,4138.2,55.7,24.1,462.5,142.2,67.5,2.98,17.38,1.32,77.05,0.765,0.0,0.0,0.0,0.0,84.82,0,0.106,healthy,0.0,none,98.67
4489,LOITER,5294.6,4.7,0.403,0.385,2825.2,65.6,19.3,282.9,104.4,70.6,1.73,12.21,0.805,115.76,0.765,0.0,0.276,0.0,0.0,69.43,0,0.237,cooling,0.28,none,77.53
4490,ISR,13867.7,-14.7,0.631,0.556,3838.7,45.7,18.3,476.1,145.5,66.3,2.77,22.04,2.405,74.74,0.601,0.201,0.0,0.0,0.201,48.91,1,0.336,combustion,0.4,none,49.7
4491,DESERT_PATROL,4736.7,21.4,0.646,0.62,4031.2,70.8,30.0,481.6,167.9,90.7,2.37,19.83,1.296,52.59,0.765,0.0,0.0,0.0,0.0,81.44,0,0.07,healthy,0.0,none,91.86
4492,DESERT_PATROL,15145.9,7.6,0.66,0.574,4085.0,49.8,21.5,495.3,159.2,79.0,2.67,17.12,1.292,58.61,0.765,0.0,0.0,0.0,0.0,85.21,0,0.182,healthy,0.0,none,98.02
4493,ISR,15942.9,-19.6,0.739,0.638,4371.1,44.3,20.1,551.3,165.7,67.0,3.24,22.92,2.265,54.0,0.603,0.199,0.0,0.0,0.199,51.88,1,0.382,combustion,0.4,none,54.25
4494,LOITER,6371.8,2.7,0.576,0.545,3700.7,69.4,26.7,408.3,136.7,75.5,2.47,17.0,1.235,83.46,0.765,0.0,0.0,0.0,0.0,82.65,0,0.146,healthy,0.0,none,90.97
4495,TRANSIT,12113.4,-8.4,0.741,0.664,4510.0,60.9,28.7,520.7,166.5,75.2,3.13,19.86,1.103,54.77,0.765,0.0,0.0,0.0,0.0,88.85,0,0.215,healthy,0.0,none,99.94
4496,ISR,13176.7,-14.9,0.598,0.531,3779.0,57.4,22.8,415.8,128.3,65.0,2.77,15.95,1.287,91.79,0.765,0.0,0.0,0.0,0.0,81.58,0,0.113,healthy,0.0,none,87.54
4497,TRANSIT,6005.6,1.7,0.583,0.553,3718.6,70.8,27.6,416.9,137.1,75.4,2.47,17.37,1.253,82.91,0.765,0.0,0.0,0.0,0.0,73.58,0,0.168,healthy,0.0,none,78.74
4498,ISR,8320.6,-6.4,0.565,0.524,3609.2,66.3,25.1,393.7,128.5,69.9,2.49,16.06,1.297,93.15,0.765,0.0,0.0,0.0,0.0,84.97,0,0.175,healthy,0.0,none,100.38
4499,ISR,8697.4,-3.7,0.787,0.729,4738.9,69.0,34.3,566.2,180.1,80.3,3.16,22.57,1.004,41.47,0.765,0.0,0.0,0.0,0.0,56.61,1,0.78,sensor,0.75,spike,54.73
4500,DESERT_PATROL,2437.0,32.8,0.717,0.702,4365.8,59.5,27.7,595.9,204.7,101.2,2.3,25.24,1.17,15.64,0.602,0.608,0.0,0.0,0.0,38.2,1,0.63,injector,0.61,none,34.3
4501,DESERT_PATROL,2033.4,33.4,0.744,0.731,4534.1,77.2,36.7,562.3,196.6,106.9,2.0,23.32,1.124,22.07,0.765,0.0,0.0,0.205,0.0,62.61,0,0.174,lubrication,0.21,none,60.6
4502,LOITER,5859.8,1.7,0.594,0.565,3761.7,71.5,28.1,424.7,140.0,88.0,1.56,17.71,1.28,80.38,0.765,0.0,0.0,0.598,0.0,54.2,1,0.512,lubrication,0.6,none,53.81
4503,DESERT_PATROL,15767.9,9.4,0.832,0.719,4972.7,50.2,26.2,623.6,202.4,88.0,3.13,21.21,0.885,18.47,0.765,0.0,0.0,0.0,0.0,68.5,0,0.232,healthy,0.0,none,70.08
4504,TRANSIT,1198.5,11.1,0.845,0.836,4666.0,80.8,39.6,603.8,200.0,94.4,2.66,31.52,2.186,19.28,0.655,0.0,0.0,0.0,0.479,36.77,1,0.486,mechanical,0.48,none,30.59
4505,LOITER,5585.1,7.8,0.509,0.485,3357.9,68.2,23.9,364.3,125.2,75.9,2.13,15.48,1.117,94.11,0.765,0.0,0.0,0.0,0.0,86.74,0,0.199,healthy,0.0,none,100.51
4506,ISR,14519.4,-13.4,0.598,0.524,3793.5,54.1,21.5,419.4,131.4,65.7,2.76,15.6,1.286,90.32,0.765,0.0,0.0,0.0,0.0,84.95,0,0.037,healthy,0.0,none,97.61
4507,LOITER,3207.4,6.7,0.492,0.479,3261.7,74.2,25.3,349.8,120.8,75.5,2.07,15.22,1.088,99.29,0.765,0.0,0.0,0.0,0.0,84.48,0,0.19,healthy,0.0,none,94.8
4508,LOITER,7917.7,-5.8,0.536,0.5,3484.3,66.4,24.2,371.9,120.2,69.2,2.4,15.79,1.182,99.09,0.765,0.0,0.0,0.0,0.0,85.55,0,0.219,healthy,0.0,none,97.19
4509,DESERT_PATROL,5673.0,22.3,0.557,0.53,3590.3,66.0,24.9,420.1,149.8,87.0,2.1,16.69,1.187,71.26,0.765,0.0,0.0,0.0,0.0,76.49,0,0.081,healthy,0.0,none,84.06
4510,LOITER,6392.0,1.2,0.525,0.496,3421.5,68.2,24.8,368.8,124.0,73.1,2.26,15.63,1.158,96.0,0.765,0.0,0.0,0.0,0.0,83.48,0,0.123,healthy,0.0,none,97.38
4511,ISR,9882.6,-3.0,0.543,0.497,3502.7,61.1,22.7,377.9,125.8,70.0,2.36,15.11,1.215,94.74,0.765,0.0,0.0,0.0,0.0,81.7,0,0.083,healthy,0.0,none,90.38
4512,HIGH_ALTITUDE,20122.7,-24.0,0.898,0.743,4857.9,43.8,22.2,626.9,188.3,69.3,3.6,25.85,2.2,30.69,0.638,0.0,0.0,0.0,0.554,44.08,1,0.563,mechanical,0.55,none,45.27
4513,ISR,1525.2,12.4,0.542,0.535,3512.7,79.1,28.9,390.7,136.1,81.1,2.14,17.63,1.17,84.06,0.765,0.0,0.0,0.0,0.0,78.36,0,0.156,healthy,0.0,none,88.46
4514,HIGH_ALTITUDE,20057.4,-20.9,0.924,0.766,5119.7,30.7,16.2,748.8,215.2,72.0,3.66,39.98,2.889,4.47,0.46,0.406,0.0,0.0,0.406,21.58,1,0.756,combustion,0.81,none,14.54
4515,DESERT_PATROL,8073.5,20.9,0.544,0.506,3300.0,39.4,13.7,493.7,165.1,85.2,1.91,23.45,3.274,52.96,0.471,0.387,0.0,0.0,0.387,35.3,1,0.657,combustion,0.77,none,26.42
4516,DESERT_PATROL,5045.3,26.2,0.562,0.537,3606.3,66.8,25.4,430.1,152.9,89.7,2.06,16.97,1.233,67.11,0.765,0.0,0.0,0.0,0.0,80.54,0,0.09,healthy,0.0,none,90.18
4517,ISR,15959.5,-16.2,0.641,0.553,4000.1,52.3,22.0,449.9,136.0,73.5,2.15,16.35,1.316,82.82,0.765,0.0,0.0,0.422,0.0,55.75,1,0.435,lubrication,0.42,none,56.28
4518,LOITER,3214.4,4.8,0.501,0.488,3308.3,75.0,25.9,351.9,122.2,74.3,2.11,15.68,1.131,98.85,0.765,0.0,0.0,0.0,0.0,85.08,0,0.165,healthy,0.0,none,95.44
4519,LOITER,3435.7,9.4,0.56,0.544,3588.0,75.1,28.1,400.2,138.7,91.7,1.47,17.29,1.241,81.97,0.765,0.0,0.0,0.542,0.0,55.46,1,0.448,lubrication,0.54,none,55.38
4520,HIGH_ALTITUDE,17531.0,-12.6,0.876,0.744,5160.5,51.1,27.8,635.3,193.7,76.2,3.68,21.78,0.765,26.71,0.765,0.0,0.0,0.0,0.0,76.77,0,0.076,healthy,0.0,none,83.51
4521,TRANSIT,7804.6,0.7,0.543,0.506,3360.3,49.8,17.7,421.4,137.2,72.8,2.18,20.34,2.587,81.03,0.561,0.256,0.0,0.0,0.256,43.48,1,0.424,combustion,0.51,none,39.53
4522,DESERT_PATROL,2982.4,26.9,0.801,0.78,4644.4,58.5,28.3,650.5,217.9,101.3,2.45,36.67,2.475,2.33,0.558,0.259,0.0,0.0,0.259,24.74,1,0.468,combustion,0.52,none,23.37
4523,DESERT_PATROL,7906.9,17.9,0.513,0.478,3356.9,60.4,21.2,383.0,136.3,81.9,2.02,14.8,1.104,84.19,0.765,0.0,0.0,0.0,0.0,79.91,0,0.099,healthy,0.0,none,91.71
4524,ISR,4095.7,8.1,0.653,0.63,4065.7,76.0,32.7,468.3,172.2,83.2,2.54,19.91,1.291,46.84,0.765,0.0,0.776,0.0,0.0,50.69,1,0.64,cooling,0.78,none,53.29
4525,DESERT_PATROL,3344.7,32.7,0.811,0.788,4832.7,74.8,38.2,622.8,214.4,105.8,2.49,25.06,0.9,7.48,0.765,0.0,0.0,0.0,0.0,70.28,0,0.2,healthy,0.0,none,72.33
4526,HIGH_ALTITUDE,22881.5,-30.2,0.911,0.732,4915.3,25.1,13.0,732.4,208.5,64.6,3.82,43.36,3.553,10.19,0.403,0.5,0.0,0.0,0.5,20.19,1,0.915,combustion,1.0,none,11.94
4527,TRANSIT,6259.6,4.6,0.604,0.571,3792.5,69.9,28.0,433.8,143.8,78.0,2.45,18.0,1.294,75.76,0.765,0.0,0.0,0.0,0.0,81.61,0,0.052,healthy,0.0,none,86.13
4528,LOITER,6520.7,9.0,0.521,0.491,3150.6,40.5,13.4,449.5,149.1,77.4,1.98,24.34,3.412,71.51,0.439,0.439,0.0,0.0,0.439,32.33,1,0.845,combustion,0.88,none,28.39
4529,LOITER,6391.2,5.7,0.435,0.411,2967.5,64.1,19.9,314.2,107.7,72.2,1.88,13.06,0.926,111.96,0.765,0.0,0.0,0.0,0.0,74.1,0,0.253,sensor,0.22,spike,85.01
4530,DESERT_PATROL,3831.3,22.8,0.782,0.756,4728.1,75.4,37.3,583.9,196.8,97.7,2.6,24.17,0.986,21.96,0.765,0.0,0.0,0.0,0.0,76.89,0,0.133,healthy,0.0,none,86.36
4531,HIGH_ALTITUDE,20363.9,-28.6,0.936,0.772,5459.9,48.9,27.7,659.2,193.6,67.1,4.18,22.32,0.713,26.14,0.765,0.0,0.0,0.0,0.0,79.41,0,0.126,healthy,0.0,none,92.02
4532,HIGH_ALTITUDE,17595.2,-15.9,0.918,0.779,4809.0,45.5,22.8,663.4,200.5,75.8,3.32,29.33,2.827,20.1,0.595,0.0,0.0,0.0,0.739,31.08,1,0.74,mechanical,0.74,none,27.19
4533,LOITER,6299.7,2.8,0.475,0.449,3173.6,66.5,22.0,331.3,119.4,71.4,2.05,14.2,1.025,101.07,0.765,0.0,0.291,0.0,0.0,68.41,0,0.217,cooling,0.29,none,73.82
4534,HIGH_ALTITUDE,22644.5,-27.9,0.718,0.579,4390.4,42.4,19.5,497.2,146.3,59.1,3.39,16.19,1.17,74.16,0.765,0.0,0.0,0.0,0.0,89.22,0,0.045,healthy,0.0,none,107.22
4535,TRANSIT,14059.0,-14.3,0.551,0.485,3127.5,47.0,15.4,381.1,119.3,63.3,2.18,18.92,3.002,101.66,0.584,0.0,0.0,0.0,0.79,37.77,1,0.749,mechanical,0.79,none,27.02
4536,DESERT_PATROL,12324.1,12.3,0.792,0.708,4774.8,56.6,28.0,595.5,193.5,101.8,1.69,21.43,0.969,25.79,0.765,0.0,0.0,0.637,0.0,45.73,1,0.576,lubrication,0.64,none,40.43
4537,HIGH_ALTITUDE,24958.0,-37.4,0.794,0.624,4592.3,31.8,15.4,609.6,167.9,55.9,3.65,21.89,2.331,51.55,0.577,0.233,0.0,0.0,0.233,51.34,1,0.38,combustion,0.47,none,51.69
4538,DESERT_PATROL,7284.7,20.5,0.629,0.59,3945.4,64.1,26.4,466.1,164.0,88.3,2.34,18.33,1.284,56.32,0.765,0.0,0.0,0.0,0.0,84.54,0,0.199,healthy,0.0,none,91.22
4539,TRANSIT,9316.6,-5.0,0.606,0.557,3808.7,64.5,25.8,428.1,155.3,72.1,2.61,17.26,1.283,65.12,0.765,0.0,0.833,0.0,0.0,50.69,1,0.768,cooling,0.83,none,49.74
4540,TRANSIT,7706.1,2.1,0.514,0.481,3389.9,64.4,22.8,360.3,123.2,72.8,2.21,14.79,1.094,97.22,0.765,0.0,0.0,0.0,0.0,85.64,0,0.195,healthy,0.0,none,97.98
4541,HIGH_ALTITUDE,23233.0,-31.9,0.726,0.582,4417.8,33.0,15.3,553.5,156.7,56.9,3.45,18.4,1.176,62.71,0.599,0.619,0.0,0.0,0.0,57.2,1,0.505,injector,0.62,none,55.46
4542,HIGH_ALTITUDE,16756.2,-15.8,0.914,0.782,5368.6,53.8,30.0,649.9,203.7,75.6,3.73,22.94,0.686,16.88,0.765,0.0,0.27,0.0,0.0,61.35,0,0.297,cooling,0.27,none,62.22
4543,ISR,6873.3,4.2,0.803,0.755,4812.4,72.1,36.0,575.8,188.7,86.5,3.02,23.67,0.962,32.04,0.765,0.0,0.0,0.0,0.0,82.21,0,0.215,healthy,0.0,none,92.65
4544,DESERT_PATROL,1766.3,25.0,0.709,0.698,4337.5,79.4,35.8,524.5,182.7,113.1,1.1,22.73,1.205,36.79,0.765,0.0,0.0,0.857,0.0,45.63,1,0.741,lubrication,0.86,none,44.09
4545,ISR,2819.8,4.9,0.736,0.718,4486.6,82.5,38.8,516.5,172.6,85.5,2.77,23.12,1.119,47.61,0.765,0.0,0.0,0.0,0.0,63.71,1,0.332,sensor,0.37,freeze,71.46
4546,DESERT_PATROL,9320.2,10.6,0.832,0.766,4977.8,64.6,33.6,614.4,200.0,90.5,3.04,23.49,0.874,19.18,0.765,0.0,0.0,0.0,0.0,73.47,0,0.043,healthy,0.0,none,76.44
4547,ISR,12726.3,-10.8,0.83,0.739,4777.1,49.3,24.9,629.3,192.9,76.2,3.32,27.49,2.124,27.15,0.598,0.205,0.0,0.0,0.205,44.07,1,0.303,combustion,0.41,none,39.23
4548,ISR,10295.7,0.6,0.633,0.577,3965.2,61.3,25.4,456.9,147.7,77.0,2.62,17.96,1.344,71.63,0.765,0.0,0.0,0.0,0.0,70.6,0,0.233,healthy,0.0,none,76.82
4549,DESERT_PATROL,7703.0,17.0,0.803,0.75,4450.2,38.1,17.9,704.1,227.2,94.1,2.59,40.02,3.82,-6.75,0.404,0.497,0.0,0.0,0.497,11.72,1,0.826,combustion,0.99,none,10.39
4550,ISR,9347.4,-4.9,0.672,0.619,4157.4,65.7,28.8,474.4,152.9,94.7,1.24,19.02,1.25,67.75,0.765,0.0,0.0,0.948,0.0,48.48,1,0.896,lubrication,0.95,none,46.89
4551,LOITER,6805.8,-0.2,0.402,0.379,2808.1,63.1,18.5,279.7,96.7,85.0,0.82,11.87,0.798,124.06,0.765,0.0,0.0,0.921,0.0,49.81,1,0.967,lubrication,0.92,none,50.53
4552,DESERT_PATROL,8889.0,19.1,0.693,0.64,4277.2,61.8,27.6,524.6,180.0,90.0,2.55,19.87,1.221,43.08,0.765,0.0,0.0,0.0,0.0,82.14,0,0.215,healthy,0.0,none,94.03
4553,HIGH_ALTITUDE,21272.6,-25.5,0.703,0.575,4067.8,41.6,17.7,493.4,143.9,60.8,3.16,18.81,2.208,75.74,0.676,0.0,0.0,0.0,0.389,55.39,1,0.276,mechanical,0.39,none,51.77
4554,TRANSIT,11266.9,-5.7,0.688,0.622,4228.2,61.5,27.2,484.5,155.6,74.4,2.91,18.88,1.296,64.39,0.765,0.0,0.0,0.0,0.0,83.79,0,0.163,healthy,0.0,none,95.82
4555,TRANSIT,10080.4,-5.7,0.593,0.542,3772.9,62.5,24.8,410.9,156.7,71.2,2.6,16.78,1.284,64.87,0.765,0.0,0.936,0.0,0.0,49.71,1,0.799,cooling,0.94,none,51.55
4556,ISR,8625.5,-1.1,0.752,0.697,4038.4,59.0,24.9,539.5,173.2,80.3,2.58,28.1,3.165,47.09,0.586,0.0,0.0,0.0,0.778,37.38,1,0.713,mechanical,0.78,none,34.96
4557,DESERT_PATROL,13132.9,9.7,0.841,0.746,4982.0,55.9,29.1,630.8,202.5,89.2,3.09,22.48,0.838,16.91,0.765,0.0,0.0,0.0,0.0,74.59,0,0.246,healthy,0.0,none,86.05
4558,HIGH_ALTITUDE,17660.9,-20.9,0.921,0.781,5405.7,52.9,29.8,660.4,198.1,71.9,4.0,22.82,0.72,23.59,0.765,0.0,0.0,0.0,0.0,83.9,0,0.083,healthy,0.0,none,91.47
4559,TRANSIT,3588.9,5.9,0.809,0.784,4829.2,81.2,41.5,581.0,189.9,88.8,2.96,24.99,0.939,30.45,0.765,0.0,0.0,0.0,0.0,80.91,0,0.125,healthy,0.0,none,88.95
4560,LOITER,4636.1,8.3,0.526,0.506,3437.6,71.1,25.5,378.1,144.2,78.5,2.18,16.07,1.158,76.2,0.765,0.0,0.71,0.0,0.0,52.93,1,0.662,cooling,0.71,none,53.15
4561,DESERT_PATROL,9454.0,14.9,0.677,0.622,4175.2,61.0,26.8,503.0,170.0,86.8,2.56,19.28,1.268,49.93,0.765,0.0,0.0,0.0,0.0,85.84,0,0.19,healthy,0.0,none,101.38
4562,TRANSIT,6466.4,4.9,0.706,0.667,4282.6,71.4,32.3,505.0,168.0,82.6,2.79,21.11,1.2,52.79,0.765,0.0,0.0,0.0,0.0,84.69,0,0.19,healthy,0.0,none,98.23
4563,DESERT_PATROL,13590.2,8.1,0.772,0.682,4659.7,54.4,26.4,578.0,192.7,85.2,2.92,20.06,1.021,24.07,0.765,0.0,0.529,0.0,0.0,48.73,1,0.439,cooling,0.53,none,51.56
4564,TRANSIT,10789.9,-10.2,0.639,0.58,4001.1,44.6,18.6,511.1,156.1,70.1,2.89,21.01,1.315,62.06,0.543,0.829,0.0,0.0,0.0,49.63,1,0.726,injector,0.83,none,51.96
4565,ISR,9380.6,-9.7,0.577,0.531,3479.0,61.0,22.4,398.7,126.1,68.2,2.39,18.11,2.067,92.93,0.682,0.0,0.0,0.0,0.362,55.66,1,0.242,mechanical,0.36,none,59.06
4566,ISR,5565.1,4.5,0.598,0.569,3747.3,71.6,28.4,423.8,143.5,78.2,2.46,17.91,1.293,77.4,0.765,0.0,0.0,0.0,0.0,86.01,0,0.081,healthy,0.0,none,98.77
4567,LOITER,7029.9,-4.0,0.569,0.535,3502.1,50.8,18.6,460.0,145.9,71.3,2.36,25.09,2.811,74.24,0.537,0.289,0.0,0.0,0.289,40.29,1,0.506,combustion,0.58,none,35.95
4568,HIGH_ALTITUDE,18422.6,-26.6,0.946,0.797,5549.1,52.7,30.4,676.0,195.8,78.0,3.02,22.92,0.722,22.5,0.765,0.0,0.0,0.421,0.0,50.03,1,0.369,lubrication,0.42,none,45.78
4569,DESERT_PATROL,12475.7,16.4,0.553,0.494,3564.4,51.7,19.2,416.5,146.8,82.0,2.2,14.84,1.184,75.54,0.765,0.0,0.0,0.0,0.0,77.49,0,0.172,healthy,0.0,none,88.24
4570,DESERT_PATROL,13064.0,12.7,0.758,0.673,4581.7,54.5,26.4,562.7,187.4,93.8,2.21,20.3,1.088,32.73,0.765,0.0,0.0,0.302,0.0,60.49,1,0.199,lubrication,0.3,none,57.28
4571,TRANSIT,13298.7,-11.4,0.63,0.558,3931.9,40.1,16.4,506.1,157.3,68.0,2.81,27.71,1.342,64.18,0.538,0.848,0.0,0.0,0.0,47.36,1,0.879,injector,0.85,none,47.43
4572,LOITER,7424.5,1.4,0.433,0.405,2956.8,62.5,19.2,298.8,105.0,68.5,1.92,12.65,0.882,115.85,0.765,0.0,0.0,0.0,0.0,86.4,0,0.236,healthy,0.0,none,97.7
4573,HIGH_ALTITUDE,15100.2,-16.3,0.838,0.73,4477.1,50.5,23.9,599.4,181.8,73.8,3.17,27.3,2.791,38.9,0.611,0.0,0.0,0.0,0.672,40.28,1,0.573,mechanical,0.67,none,38.02
4574,ISR,14293.5,-13.4,0.805,0.706,4822.5,57.7,29.1,575.1,175.1,73.6,3.46,21.23,0.945,44.13,0.765,0.0,0.0,0.0,0.0,85.69,0,0.062,healthy,0.0,none,99.48
4575,ISR,4835.2,3.5,0.833,0.799,4979.6,78.6,40.8,591.3,193.3,86.7,3.13,25.18,0.842,26.7,0.765,0.0,0.0,0.0,0.0,74.42,0,0.205,healthy,0.0,none,82.94
4576,DESERT_PATROL,3941.5,25.9,0.668,0.646,4170.2,72.3,31.5,497.3,186.8,94.7,2.3,20.73,1.269,32.05,0.765,0.0,0.647,0.0,0.0,46.02,1,0.59,cooling,0.65,none,44.17
4577,LOITER,4273.7,4.5,0.483,0.466,3222.4,71.6,24.2,337.7,118.8,73.0,2.05,14.66,1.062,102.81,0.765,0.0,0.0,0.0,0.0,80.05,0,0.194,healthy,0.0,none,83.41
4578,ISR,12889.3,-6.0,0.545,0.485,3517.7,49.3,18.2,408.5,130.5,68.2,2.47,15.32,1.216,90.05,0.686,0.295,0.0,0.0,0.0,65.35,0,0.27,injector,0.29,none,63.11
4579,HIGH_ALTITUDE,16297.4,-17.0,0.85,0.731,5046.1,54.4,28.6,601.2,185.1,72.2,3.71,21.53,0.82,36.69,0.765,0.0,0.0,0.0,0.0,88.93,0,0.026,healthy,0.0,none,105.06
4580,ISR,9370.0,-5.4,0.662,0.608,4133.9,54.3,23.6,503.3,160.9,74.6,2.85,24.76,1.327,60.34,0.634,0.491,0.0,0.0,0.0,55.58,1,0.407,injector,0.49,none,50.9
4581,LOITER,6478.0,5.5,0.481,0.454,3200.1,65.6,22.1,340.4,137.2,73.8,2.06,14.11,1.038,83.3,0.765,0.0,0.872,0.0,0.0,52.04,1,0.745,cooling,0.87,none,45.66
4582,HIGH_ALTITUDE,22576.3,-29.0,0.718,0.579,4083.7,39.6,16.9,497.6,143.4,58.5,3.15,19.1,2.396,75.14,0.66,0.0,0.0,0.0,0.458,50.77,1,0.382,mechanical,0.46,none,57.25
4583,HIGH_ALTITUDE,23689.6,-36.6,0.762,0.608,4606.3,42.5,20.6,520.3,149.5,55.5,3.65,17.02,1.068,71.39,0.765,0.0,0.0,0.0,0.0,62.13,1,0.737,sensor,0.84,noise,63.65
4584,LOITER,5446.5,-0.6,0.431,0.41,2953.7,67.7,21.0,294.7,111.4,68.0,1.91,12.86,0.888,108.14,0.765,0.0,0.571,0.0,0.0,56.19,1,0.538,cooling,0.57,none,51.58
4585,LOITER,3481.4,7.0,0.419,0.407,2893.7,70.4,21.4,296.3,105.9,73.1,1.81,13.22,0.867,114.93,0.765,0.0,0.0,0.0,0.0,56.9,1,0.81,sensor,0.8,freeze,57.95
4586,HIGH_ALTITUDE,16194.9,-17.4,0.779,0.671,4616.7,47.2,22.7,575.9,171.3,69.8,3.36,23.98,1.765,45.5,0.655,0.131,0.0,0.0,0.131,64.76,0,0.299,combustion,0.26,none,72.84
4587,HIGH_ALTITUDE,21191.9,-25.3,0.783,0.641,4706.0,45.3,22.5,563.1,160.6,63.2,3.65,18.59,1.013,57.58,0.765,0.0,0.0,0.0,0.0,62.81,1,0.707,sensor,0.83,freeze,65.07
4588,TRANSIT,8511.5,-6.0,0.806,0.747,4824.0,64.7,32.5,590.0,185.5,80.0,3.27,26.22,0.913,34.52,0.703,0.231,0.0,0.0,0.0,69.11,0,0.212,injector,0.23,none,74.75
4589,HIGH_ALTITUDE,20545.9,-25.0,0.792,0.653,4763.7,46.6,23.2,562.9,166.5,64.0,3.67,18.7,0.94,55.32,0.765,0.0,0.0,0.0,0.0,91.31,0,0.203,healthy,0.0,none,108.56
4590,TRANSIT,12642.9,-10.7,0.762,0.679,4599.4,60.4,29.2,537.1,171.1,74.5,3.23,20.53,1.014,48.8,0.765,0.0,0.205,0.0,0.0,77.22,0,0.183,cooling,0.21,none,86.65
4591,HIGH_ALTITUDE,18137.5,-20.7,0.777,0.657,4363.6,31.5,14.6,643.2,190.8,66.9,3.25,29.85,3.493,30.53,0.447,0.425,0.0,0.0,0.425,29.36,1,0.718,combustion,0.85,none,21.34
4592,LOITER,3726.9,3.0,0.542,0.525,3509.0,75.5,27.8,381.0,129.5,75.4,2.3,16.75,1.204,91.39,0.765,0.0,0.0,0.0,0.0,83.95,0,0.159,healthy,0.0,none,98.5
4593,TRANSIT,7371.8,0.3,0.8,0.749,4687.9,62.5,30.8,603.6,192.5,84.5,3.0,28.28,1.73,28.22,0.653,0.134,0.0,0.0,0.134,57.38,0,0.172,combustion,0.27,none,62.64
4594,HIGH_ALTITUDE,20855.0,-31.0,0.842,0.691,4908.3,41.2,21.2,612.1,179.9,62.0,3.88,22.29,1.655,41.88,0.647,0.141,0.0,0.0,0.141,65.75,0,0.22,combustion,0.28,none,71.49
4595,TRANSIT,9583.4,-1.1,0.743,0.682,4514.7,65.4,30.6,532.8,171.9,80.4,3.04,20.79,1.11,48.81,0.765,0.0,0.0,0.0,0.0,80.06,0,0.085,healthy,0.0,none,93.21
4596,TRANSIT,14184.3,-8.2,0.604,0.53,3809.8,53.8,21.4,429.7,134.8,68.8,2.7,15.77,1.241,84.75,0.765,0.0,0.0,0.0,0.0,71.5,0,0.28,sensor,0.25,spike,76.7
4597,DESERT_PATROL,2094.9,28.3,0.75,0.737,4188.4,71.5,31.1,561.7,195.6,100.6,2.23,28.4,2.551,24.99,0.641,0.0,0.0,0.0,0.539,35.43,1,0.469,mechanical,0.54,none,32.57
4598,HIGH_ALTITUDE,19582.4,-24.5,0.911,0.758,5357.5,35.6,20.1,723.4,208.6,69.4,4.08,25.37,0.727,11.69,0.551,0.8,0.0,0.0,0.0,42.64,1,0.672,injector,0.8,none,37.48
4599,ISR,4001.3,8.1,0.594,0.573,3791.2,74.8,29.5,429.2,144.4,80.6,2.37,18.26,1.282,75.64,0.765,0.0,0.0,0.0,0.0,79.73,0,0.038,healthy,0.0,none,90.84
4600,ISR,7354.9,2.0,0.584,0.547,3705.6,67.2,26.1,413.7,146.0,76.0,2.45,17.07,1.297,72.37,0.765,0.0,0.54,0.0,0.0,54.42,1,0.511,cooling,0.54,none,54.71
4601,HIGH_ALTITUDE,15414.2,-16.1,0.794,0.689,4276.6,49.5,22.0,567.3,172.2,71.8,3.1,25.43,2.837,48.55,0.613,0.0,0.0,0.0,0.663,42.76,1,0.651,mechanical,0.66,none,33.46
4602,HIGH_ALTITUDE,18867.5,-19.3,0.856,0.718,5075.1,49.5,26.6,601.8,182.1,70.7,3.79,20.69,0.801,36.54,0.765,0.0,0.0,0.0,0.0,85.35,0,0.223,healthy,0.0,none,103.05
4603,DESERT_PATROL,12261.8,6.4,0.744,0.666,4534.8,57.3,27.1,551.0,180.1,100.6,1.43,20.16,1.08,41.48,0.765,0.0,0.0,0.813,0.0,49.39,1,0.673,lubrication,0.81,none,49.15
4604,DESERT_PATROL,3677.4,34.1,0.791,0.766,4760.7,73.2,36.4,607.9,221.0,104.7,2.46,24.54,0.948,1.41,0.765,0.0,0.511,0.0,0.0,37.83,1,0.467,cooling,0.51,none,38.36
4605,LOITER,4832.9,9.1,0.482,0.462,3204.1,68.9,23.2,343.6,120.1,76.1,2.0,14.82,0.991,98.97,0.765,0.0,0.0,0.0,0.0,81.62,0,0.171,healthy,0.0,none,91.04
4606,TRANSIT,3952.3,9.6,0.545,0.527,3515.4,73.2,26.8,391.0,134.6,79.4,2.22,16.88,1.194,85.06,0.765,0.0,0.0,0.0,0.0,85.23,0,0.066,healthy,0.0,none,97.63
4607,ISR,12547.1,-6.0,0.679,0.606,4184.6,58.3,25.8,481.9,176.8,73.5,2.91,18.67,1.276,43.49,0.765,0.0,0.992,0.0,0.0,46.24,1,0.992,cooling,0.99,none,38.0
4608,HIGH_ALTITUDE,17365.6,-16.3,0.938,0.799,5493.1,52.8,30.4,679.1,208.7,76.5,3.92,23.15,0.679,12.03,0.765,0.0,0.248,0.0,0.0,62.37,0,0.23,cooling,0.25,none,65.84
4609,DESERT_PATROL,10356.4,11.3,0.647,0.589,4042.3,59.2,24.9,484.7,160.3,83.8,2.53,18.07,1.295,59.5,0.765,0.0,0.0,0.0,0.0,86.2,0,0.064,healthy,0.0,none,101.57
4610,ISR,3012.4,13.8,0.667,0.65,3881.0,50.3,20.4,554.3,178.7,87.0,2.29,36.88,3.508,39.43,0.464,0.398,0.0,0.0,0.398,29.79,1,0.762,combustion,0.8,none,18.82
4611,TRANSIT,9365.3,-0.5,0.511,0.47,3345.7,60.9,21.1,359.4,120.1,79.8,1.63,14.49,1.119,99.87,0.765,0.0,0.0,0.45,0.0,56.92,1,0.448,lubrication,0.45,none,59.95
4612,HIGH_ALTITUDE,20484.7,-27.9,0.925,0.762,5391.3,48.4,27.4,659.0,192.2,67.8,4.14,21.88,0.713,28.02,0.765,0.0,0.0,0.0,0.0,77.95,0,0.132,healthy,0.0,none,88.02
4613,TRANSIT,12043.3,-9.5,0.848,0.76,5046.9,62.7,33.2,605.1,190.1,78.7,3.41,23.23,0.807,31.97,0.765,0.0,0.0,0.0,0.0,52.33,1,0.942,sensor,0.99,drift,50.01
4614,HIGH_ALTITUDE,16777.7,-22.5,0.825,0.706,4765.3,42.7,21.1,606.9,179.9,68.2,3.57,28.42,2.282,39.47,0.58,0.229,0.0,0.0,0.229,46.58,1,0.445,combustion,0.46,none,52.51
4615,LOITER,6546.1,1.5,0.449,0.424,2694.1,56.5,15.8,315.9,107.7,69.9,1.66,17.23,2.686,112.4,0.585,0.0,0.0,0.0,0.784,40.73,1,0.693,mechanical,0.78,none,36.31
4616,TRANSIT,11199.4,-6.8,0.595,0.538,3795.4,60.1,23.9,412.2,140.8,69.7,2.6,16.26,1.258,80.33,0.765,0.0,0.352,0.0,0.0,61.88,1,0.336,cooling,0.35,none,63.72
4617,HIGH_ALTITUDE,19404.8,-24.3,0.906,0.755,4977.0,28.7,14.9,738.7,215.2,69.1,3.64,36.72,3.623,4.93,0.408,0.49,0.0,0.0,0.49,17.32,1,0.935,combustion,0.98,none,13.34
4618,ISR,5247.0,6.0,0.563,0.537,3157.2,61.1,20.3,403.8,136.4,78.0,1.93,22.44,3.117,83.89,0.575,0.0,0.0,0.0,0.828,37.2,1,0.783,mechanical,0.83,none,34.58
4619,DESERT_PATROL,9670.3,16.1,0.841,0.771,5013.6,62.6,32.8,636.0,213.5,93.7,2.89,23.61,0.827,5.97,0.765,0.0,0.395,0.0,0.0,44.02,1,0.4,cooling,0.39,none,45.16
4620,TRANSIT,12399.1,-12.3,0.592,0.529,3485.2,33.3,12.2,502.6,155.0,66.7,2.46,27.21,3.923,66.32,0.403,0.499,0.0,0.0,0.499,30.44,1,0.907,combustion,1.0,none,24.64
4621,TRANSIT,2289.1,14.0,0.509,0.499,3339.9,75.5,26.5,366.8,129.8,80.4,2.1,15.84,1.098,89.61,0.765,0.0,0.0,0.0,0.0,82.99,0,0.171,healthy,0.0,none,92.58
4622,LOITER,6374.2,4.9,0.595,0.562,3770.4,69.3,27.5,427.3,143.6,78.1,2.46,17.43,1.271,77.45,0.765,0.0,0.0,0.0,0.0,84.55,0,0.164,healthy,0.0,none,95.11
4623,HIGH_ALTITUDE,19476.2,-28.3,0.95,0.791,5532.8,50.8,29.6,666.9,197.6,78.4,2.92,22.64,0.694,22.9,0.765,0.0,0.0,0.485,0.0,49.32,1,0.378,lubrication,0.49,none,47.49
4624,DESERT_PATROL,2277.3,29.7,0.77,0.755,4665.9,77.9,37.8,578.8,201.5,102.0,2.45,24.49,1.012,19.35,0.765,0.0,0.0,0.0,0.0,75.29,0,0.235,healthy,0.0,none,85.54
4625,DESERT_PATROL,5827.4,25.5,0.585,0.555,3726.8,65.6,25.5,447.2,156.7,89.9,2.13,17.29,1.301,62.41,0.765,0.0,0.0,0.0,0.0,80.36,0,0.214,healthy,0.0,none,92.12
4626,TRANSIT,2587.2,9.8,0.57,0.557,3594.7,69.5,26.4,426.9,144.1,80.9,2.2,19.89,1.885,75.11,0.673,0.108,0.0,0.0,0.108,66.74,0,0.133,combustion,0.22,none,73.12
4627,ISR,5650.3,7.2,0.757,0.72,4591.1,74.0,35.7,549.1,177.8,86.2,2.79,22.82,1.117,39.98,0.765,0.0,0.0,0.0,0.0,80.93,0,0.052,healthy,0.0,none,92.23
4628,ISR,4520.3,3.1,0.507,0.487,3090.7,42.0,13.6,454.9,146.2,73.8,1.94,31.63,3.612,74.06,0.413,0.482,0.0,0.0,0.482,31.0,1,0.888,combustion,0.96,none,25.6
4629,ISR,15231.4,-20.7,0.801,0.697,4783.0,57.1,28.9,560.5,168.6,68.7,3.53,20.57,0.923,50.88,0.765,0.0,0.0,0.0,0.0,76.92,0,0.205,sensor,0.26,freeze,83.78
4630,TRANSIT,1153.5,19.8,0.733,0.726,4470.4,83.2,39.3,528.6,186.3,94.3,2.59,23.7,1.136,36.24,0.765,0.0,0.0,0.0,0.0,79.61,0,0.031,healthy,0.0,none,88.9
4631,DESERT_PATROL,12439.8,7.4,0.829,0.741,4943.4,57.8,29.8,613.4,199.8,105.6,1.37,22.3,0.851,21.59,0.765,0.0,0.0,0.906,0.0,40.08,1,0.812,lubrication,0.91,none,41.2
4632,ISR,8839.9,-0.6,0.849,0.784,5058.5,68.7,36.4,612.8,194.0,84.7,3.25,24.62,0.82,25.23,0.765,0.0,0.0,0.0,0.0,81.37,0,0.134,healthy,0.0,none,93.66
4633,HIGH_ALTITUDE,19740.3,-29.5,0.893,0.742,5250.0,50.0,27.5,628.6,181.9,66.1,4.06,21.29,0.744,36.7,0.765,0.0,0.0,0.0,0.0,57.98,1,0.848,sensor,0.86,noise,63.59
4634,TRANSIT,15404.5,-13.8,0.729,0.632,4407.8,54.3,25.2,514.7,159.4,70.0,3.23,18.76,1.179,61.26,0.765,0.0,0.0,0.0,0.0,90.21,0,0.107,healthy,0.0,none,109.25
4635,LOITER,5871.6,6.1,0.524,0.498,3303.5,54.0,18.9,408.1,137.9,75.8,2.09,21.35,2.33,83.05,0.584,0.224,0.0,0.0,0.224,46.68,1,0.363,combustion,0.45,none,46.14
4636,ISR,14787.2,-14.8,0.629,0.549,3647.8,31.0,11.9,545.1,161.4,66.0,2.64,33.99,3.939,58.01,0.404,0.498,0.0,0.0,0.498,31.14,1,0.9,combustion,1.0,none,24.05
4637,ISR,12794.4,-9.6,0.531,0.473,3462.8,47.0,16.9,406.6,126.8,65.6,2.45,18.29,1.205,93.19,0.647,0.44,0.0,0.0,0.0,55.06,1,0.444,injector,0.44,none,51.97
4638,ISR,12913.5,-11.7,0.78,0.694,4710.5,60.2,29.7,548.8,172.4,74.3,3.36,21.02,1.004,48.65,0.765,0.0,0.0,0.0,0.0,91.58,0,0.154,healthy,0.0,none,107.83
4639,DESERT_PATROL,10334.5,14.1,0.729,0.664,4470.2,60.0,27.8,545.0,180.9,88.3,2.71,20.17,1.145,38.92,0.765,0.0,0.0,0.0,0.0,78.59,0,0.195,healthy,0.0,none,94.64
4640,TRANSIT,3772.3,10.8,0.597,0.577,3792.7,74.9,29.5,430.9,146.4,82.4,2.34,18.45,1.249,72.79,0.765,0.0,0.0,0.0,0.0,84.81,0,0.25,healthy,0.0,none,98.46
4641,ISR,12436.8,-8.1,0.651,0.582,4043.5,58.6,24.9,457.5,144.5,71.6,2.89,17.7,1.276,74.45,0.765,0.0,0.0,0.0,0.0,73.02,0,0.133,healthy,0.0,none,80.69
4642,DESERT_PATROL,8503.3,12.7,0.726,0.673,4423.2,64.6,30.0,543.3,181.3,87.3,2.75,20.78,1.154,41.19,0.765,0.0,0.0,0.0,0.0,84.64,0,0.109,healthy,0.0,none,91.22
4643,LOITER,3697.2,13.6,0.451,0.436,3055.3,69.6,22.0,328.6,118.2,78.2,1.86,14.05,0.936,102.47,0.765,0.0,0.0,0.0,0.0,86.82,0,0.109,healthy,0.0,none,95.91
4644,HIGH_ALTITUDE,17501.2,-17.1,0.734,0.624,4454.9,50.6,23.7,516.6,157.2,67.6,3.28,18.32,1.151,62.47,0.765,0.0,0.0,0.0,0.0,81.8,0,0.191,healthy,0.0,none,96.8
4645,LOITER,6395.2,2.3,0.418,0.395,2640.6,58.2,16.1,290.8,102.2,69.0,1.63,15.05,2.159,118.63,0.635,0.0,0.0,0.0,0.565,48.59,1,0.433,mechanical,0.56,none,45.75
4646,HIGH_ALTITUDE,20158.1,-23.9,0.805,0.666,4839.0,47.3,23.8,570.9,168.5,65.2,3.7,19.11,0.917,51.76,0.765,0.0,0.0,0.0,0.0,91.33,0,0.119,healthy,0.0,none,107.86
4647,HIGH_ALTITUDE,18965.0,-21.8,0.906,0.759,5349.0,50.2,28.1,641.4,191.3,71.3,3.95,22.09,0.711,27.47,0.765,0.0,0.0,0.0,0.0,76.45,0,0.174,healthy,0.0,none,82.95
4648,DESERT_PATROL,11363.2,14.1,0.549,0.496,3552.5,54.4,20.3,404.7,142.4,80.7,2.21,15.13,1.176,78.56,0.765,0.0,0.0,0.0,0.0,85.98,0,0.135,healthy,0.0,none,95.52
4649,LOITER,4299.4,8.0,0.418,0.403,2896.5,68.0,20.6,295.2,113.5,72.5,1.8,12.72,0.941,106.68,0.765,0.0,0.441,0.0,0.0,58.27,1,0.408,cooling,0.44,none,61.23
4650,LOITER,3129.1,4.9,0.591,0.576,3446.5,71.2,25.6,419.3,141.8,78.4,2.15,22.25,2.529,79.11,0.639,0.0,0.0,0.0,0.547,45.26,1,0.499,mechanical,0.55,none,42.79
4651,DESERT_PATROL,12856.3,9.8,0.65,0.579,4037.3,54.0,22.8,476.6,158.7,81.9,2.59,17.81,1.29,59.37,0.765,0.0,0.0,0.0,0.0,78.82,0,0.188,healthy,0.0,none,90.29
4652,TRANSIT,4691.1,6.3,0.635,0.609,3980.9,74.4,30.7,457.9,153.0,81.4,2.53,19.45,1.268,67.98,0.765,0.0,0.0,0.0,0.0,84.98,0,0.164,healthy,0.0,none,99.78
4653,TRANSIT,14444.0,-13.7,0.781,0.684,4705.4,57.1,28.2,556.8,170.8,73.1,3.41,20.18,0.997,45.83,0.765,0.0,0.248,0.0,0.0,74.13,0,0.18,cooling,0.25,none,78.6
4654,HIGH_ALTITUDE,24645.6,-37.0,0.734,0.579,4479.0,40.5,19.0,507.1,142.5,53.5,3.49,16.15,1.133,77.87,0.765,0.0,0.0,0.0,0.0,90.81,0,0.128,healthy,0.0,none,104.31
4655,LOITER,4669.0,2.6,0.587,0.564,3715.2,74.3,28.9,417.1,139.1,77.1,2.45,17.86,1.263,81.52,0.765,0.0,0.0,0.0,0.0,77.86,0,0.04,healthy,0.0,none,82.54
4656,ISR,6549.7,4.0,0.715,0.675,4353.6,61.8,28.4,545.2,174.0,82.9,2.81,22.54,1.165,43.46,0.66,0.393,0.0,0.0,0.0,56.05,1,0.434,injector,0.39,none,55.86
4657,DESERT_PATROL,1308.7,32.8,0.716,0.708,4352.4,78.8,35.9,547.1,189.7,100.8,2.33,23.13,1.176,29.01,0.765,0.0,0.0,0.0,0.0,50.11,1,0.517,sensor,0.58,drift,52.02
4658,DESERT_PATROL,2950.0,26.7,0.585,0.571,3722.4,72.8,28.2,446.7,159.4,91.8,2.11,18.29,1.254,61.99,0.765,0.0,0.0,0.0,0.0,57.44,1,0.566,sensor,0.65,freeze,57.57
4659,ISR,1650.5,9.5,0.689,0.679,4236.3,72.1,32.0,528.6,173.3,86.3,2.61,27.79,1.254,46.25,0.659,0.396,0.0,0.0,0.0,56.42,1,0.329,injector,0.4,none,56.28
4660,TRANSIT,12742.3,-11.8,0.654,0.582,4054.9,58.8,24.7,449.6,142.6,69.0,2.93,17.56,1.276,76.91,0.765,0.0,0.0,0.0,0.0,86.39,0,0.139,healthy,0.0,none,99.9
4661,ISR,11676.1,-11.3,0.597,0.537,3666.1,47.3,18.2,461.0,144.0,67.2,2.58,22.46,2.534,77.17,0.582,0.226,0.0,0.0,0.226,45.03,1,0.406,combustion,0.45,none,39.31
4662,LOITER,6660.3,9.2,0.577,0.544,3590.6,56.5,21.4,456.3,149.4,79.7,2.29,19.96,2.139,68.81,0.629,0.165,0.0,0.0,0.165,55.15,1,0.306,combustion,0.33,none,51.18
4663,LOITER,5366.3,1.3,0.453,0.432,3057.4,68.4,21.9,318.2,107.8,70.2,1.96,13.65,0.967,111.95,0.765,0.0,0.0,0.0,0.0,72.86,0,0.224,healthy,0.0,none,77.67
4664,TRANSIT,12708.6,-12.7,0.772,0.688,4651.4,44.8,21.9,604.9,183.7,74.0,3.32,23.63,1.033,35.61,0.563,0.754,0.0,0.0,0.0,49.38,1,0.64,injector,0.75,none,49.9
4665,DESERT_PATROL,8901.1,20.6,0.532,0.492,3459.9,48.3,17.6,449.5,151.6,84.8,2.06,19.98,1.164,67.3,0.636,0.482,0.0,0.0,0.0,55.88,1,0.355,injector,0.48,none,54.6
4666,ISR,4817.0,2.2,0.659,0.632,4103.5,75.8,32.5,470.5,154.4,79.4,2.62,20.3,1.288,65.97,0.765,0.0,0.0,0.0,0.0,75.89,0,0.229,healthy,0.0,none,84.82
4667,ISR,9645.5,-5.2,0.658,0.604,4079.0,64.8,27.4,455.8,147.1,73.9,2.81,18.8,1.305,71.01,0.765,0.0,0.0,0.0,0.0,86.93,0,0.049,healthy,0.0,none,99.96
4668,TRANSIT,5442.9,5.1,0.591,0.563,3506.2,42.7,15.5,510.5,164.1,78.3,2.18,34.65,3.722,55.9,0.425,0.462,0.0,0.0,0.462,33.19,1,0.711,combustion,0.92,none,28.54
4669,TRANSIT,10192.8,-1.5,0.673,0.615,4168.0,62.8,27.6,490.3,155.1,76.5,2.82,18.81,1.291,64.43,0.765,0.0,0.0,0.0,0.0,82.1,0,0.187,healthy,0.0,none,95.92
4670,TRANSIT,3647.5,7.7,0.762,0.738,4629.0,79.7,38.4,551.0,180.1,88.4,2.86,23.48,1.051,39.16,0.765,0.0,0.0,0.0,0.0,77.45,0,0.057,healthy,0.0,none,83.56
4671,LOITER,7151.6,-5.2,0.451,0.423,3054.3,65.4,20.9,306.9,102.3,65.8,2.04,13.31,0.928,117.62,0.765,0.0,0.0,0.0,0.0,86.44,0,0.217,healthy,0.0,none,103.37
4672,HIGH_ALTITUDE,21393.1,-25.8,0.768,0.627,4636.2,30.0,14.6,610.4,179.7,62.5,3.61,21.93,1.028,41.58,0.511,0.949,0.0,0.0,0.0,49.73,1,0.799,injector,0.95,none,46.43
4673,HIGH_ALTITUDE,19416.9,-24.4,0.733,0.611,4464.4,48.1,22.4,510.7,152.4,62.6,3.48,17.87,1.15,68.54,0.765,0.0,0.0,0.0,0.0,84.62,0,0.24,healthy,0.0,none,92.84
4674,HIGH_ALTITUDE,20902.0,-26.6,0.702,0.576,4308.0,45.2,20.4,493.4,142.9,60.4,3.37,16.49,1.208,77.03,0.765,0.0,0.0,0.0,0.0,89.29,0,0.146,healthy,0.0,none,103.9
4675,LOITER,3156.5,4.0,0.493,0.479,3273.3,62.9,21.5,386.5,127.7,74.4,2.12,20.2,1.059,91.76,0.641,0.465,0.0,0.0,0.0,56.39,1,0.399,injector,0.46,none,59.44
4676,ISR,5990.5,0.5,0.714,0.677,4395.2,74.1,33.6,507.0,164.6,80.3,2.83,21.21,1.199,55.14,0.765,0.0,0.0,0.0,0.0,85.43,0,0.212,healthy,0.0,none,101.65
4677,DESERT_PATROL,14338.9,1.8,0.635,0.557,3955.2,52.1,21.7,469.7,151.0,76.3,2.63,16.81,1.338,69.12,0.765,0.0,0.0,0.0,0.0,81.62,0,0.087,healthy,0.0,none,89.35
4678,DESERT_PATROL,3031.1,30.5,0.813,0.792,4873.0,76.2,38.7,617.2,212.3,104.3,2.55,25.26,0.926,8.95,0.765,0.0,0.0,0.0,0.0,73.14,0,0.052,healthy,0.0,none,78.71
4679,HIGH_ALTITUDE,23821.1,-32.6,0.914,0.727,5360.7,38.5,21.7,671.4,193.4,63.2,4.36,23.89,0.682,27.78,0.688,0.287,0.0,0.0,0.0,67.0,0,0.242,injector,0.29,none,72.01
4680,ISR,7255.9,-4.2,0.548,0.514,3526.9,68.0,25.4,379.4,124.0,70.3,2.44,16.07,1.207,95.32,0.765,0.0,0.0,0.0,0.0,83.25,0,0.098,healthy,0.0,none,90.68
4681,DESERT_PATROL,14656.1,4.8,0.783,0.684,4695.4,52.9,26.3,574.4,201.4,83.0,3.01,20.34,1.022,18.52,0.765,0.0,0.754,0.0,0.0,43.4,1,0.654,cooling,0.75,none,38.29
4682,ISR,3397.9,8.2,0.833,0.808,4963.3,81.5,42.3,596.4,197.2,92.1,3.0,25.78,0.853,23.37,0.765,0.0,0.0,0.0,0.0,74.64,0,0.086,healthy,0.0,none,80.64
4683,TRANSIT,4546.0,6.0,0.56,0.538,3592.5,73.0,27.5,400.2,135.9,96.5,1.01,17.09,1.225,84.62,0.765,0.0,0.0,0.926,0.0,49.8,1,0.795,lubrication,0.93,none,50.08
4684,TRANSIT,7340.4,-3.3,0.614,0.575,3882.9,69.3,28.2,431.2,152.9,73.4,2.65,17.94,1.288,65.34,0.765,0.0,0.737,0.0,0.0,52.72,1,0.635,cooling,0.74,none,49.76
4685,HIGH_ALTITUDE,19903.2,-22.1,0.903,0.749,4586.5,40.9,19.7,639.8,192.6,71.1,3.38,29.34,3.276,28.25,0.561,0.0,0.0,0.0,0.891,31.96,1,0.78,mechanical,0.89,none,33.98
4686,HIGH_ALTITUDE,21876.6,-30.0,0.768,0.624,4528.7,37.4,17.7,577.3,165.5,60.7,3.63,21.28,2.063,55.77,0.623,0.173,0.0,0.0,0.173,59.64,1,0.296,combustion,0.35,none,63.63
4687,HIGH_ALTITUDE,20088.4,-20.9,0.845,0.7,5027.1,47.2,24.9,606.1,179.6,68.4,3.83,20.19,0.853,40.09,0.765,0.0,0.0,0.0,0.0,87.03,0,0.09,healthy,0.0,none,103.78
4688,LOITER,6823.2,-1.9,0.563,0.53,3627.6,69.0,26.2,391.9,129.4,85.1,1.46,16.84,1.245,90.12,0.765,0.0,0.0,0.63,0.0,53.49,1,0.589,lubrication,0.63,none,56.12
4689,ISR,1152.5,13.1,0.604,0.598,3829.2,81.9,33.0,433.1,151.3,84.5,2.35,19.55,1.281,70.0,0.765,0.0,0.0,0.0,0.0,57.99,1,0.49,sensor,0.51,freeze,57.33
4690,DESERT_PATROL,10570.9,17.8,0.724,0.658,4426.7,58.6,27.0,542.2,184.3,90.4,2.63,20.16,1.165,36.71,0.765,0.0,0.0,0.0,0.0,79.44,0,0.212,healthy,0.0,none,86.29
4691,ISR,10272.4,-11.5,0.644,0.588,4026.0,59.7,25.2,455.2,145.8,69.7,2.85,20.45,1.288,74.93,0.708,0.211,0.0,0.0,0.0,72.67,0,0.21,injector,0.21,none,77.71
4692,DESERT_PATROL,4224.8,21.9,0.697,0.672,4257.4,73.1,32.8,519.1,179.4,93.8,2.45,21.44,1.245,41.17,0.765,0.0,0.0,0.0,0.0,75.28,0,0.224,healthy,0.0,none,85.07
4693,HIGH_ALTITUDE,17263.7,-20.1,0.889,0.757,5225.1,53.3,29.2,624.5,212.1,72.3,3.83,22.31,0.723,7.1,0.765,0.0,0.995,0.0,0.0,38.02,1,0.962,cooling,1.0,none,23.83
4694,TRANSIT,7491.0,0.0,0.651,0.609,4048.8,45.0,19.1,530.7,172.7,77.4,2.66,23.66,1.27,48.31,0.5,0.989,0.0,0.0,0.0,45.48,1,0.863,injector,0.99,none,40.79
4695,ISR,7145.8,6.7,0.7,0.657,4314.3,69.1,30.9,513.4,169.1,84.2,2.71,20.83,1.216,52.45,0.765,0.0,0.0,0.0,0.0,85.64,0,0.178,healthy,0.0,none,100.61
4696,LOITER,3768.8,7.0,0.497,0.481,3281.1,59.4,20.3,395.7,133.7,76.0,2.1,16.84,1.07,86.79,0.624,0.526,0.0,0.0,0.0,56.18,1,0.356,injector,0.53,none,59.78
4697,LOITER,3600.1,7.3,0.506,0.49,3327.4,55.0,19.1,409.8,137.7,76.6,2.07,17.89,1.091,80.8,0.573,0.717,0.0,0.0,0.0,51.61,1,0.625,injector,0.72,none,52.11
4698,TRANSIT,2820.5,7.3,0.822,0.802,4909.5,83.3,42.7,591.1,191.7,90.1,3.02,25.71,0.892,26.77,0.765,0.0,0.0,0.0,0.0,52.31,1,0.565,sensor,0.61,noise,54.73
4699,TRANSIT,9772.1,1.9,0.653,0.598,4034.1,62.7,26.7,475.1,153.3,77.6,2.65,18.36,1.286,66.19,0.765,0.0,0.0,0.0,0.0,86.87,0,0.083,healthy,0.0,none,101.37
4700,LOITER,6698.7,2.1,0.428,0.403,2947.7,63.9,19.6,298.1,103.1,69.3,1.91,12.65,0.873,116.49,0.765,0.0,0.0,0.0,0.0,87.28,0,0.138,healthy,0.0,none,105.12
4701,TRANSIT,3076.4,10.3,0.589,0.573,3756.6,76.7,30.1,424.6,145.1,82.9,2.34,18.42,1.275,75.08,0.765,0.0,0.0,0.0,0.0,86.96,0,0.036,healthy,0.0,none,98.1
4702,LOITER,3148.3,12.5,0.413,0.402,2873.1,69.6,21.0,294.8,107.7,75.0,1.72,12.84,0.857,111.76,0.765,0.0,0.0,0.0,0.0,85.41,0,0.231,healthy,0.0,none,92.63
4703,ISR,1072.6,10.2,0.811,0.804,4858.7,87.7,44.2,579.5,193.7,91.9,2.86,26.03,0.914,27.36,0.765,0.0,0.0,0.0,0.0,79.69,0,0.232,healthy,0.0,none,95.42
4704,TRANSIT,2048.7,12.4,0.511,0.502,3356.6,76.6,27.0,370.0,143.5,79.8,2.04,16.17,1.123,74.89,0.765,0.0,0.776,0.0,0.0,52.02,1,0.741,cooling,0.78,none,54.36
4705,HIGH_ALTITUDE,19555.0,-23.7,0.703,0.585,3982.6,43.5,18.1,497.8,145.1,61.8,2.96,19.87,2.578,74.63,0.651,0.0,0.0,0.0,0.498,48.64,1,0.352,mechanical,0.5,none,50.13
4706,ISR,5921.3,0.1,0.573,0.543,3663.4,71.1,27.1,396.6,134.0,74.4,2.4,17.26,1.283,86.55,0.765,0.0,0.0,0.0,0.0,81.23,0,0.109,healthy,0.0,none,97.77
4707,TRANSIT,13464.8,-10.6,0.687,0.607,4077.8,55.1,23.3,485.1,151.1,70.9,2.89,19.78,1.835,68.36,0.708,0.0,0.0,0.0,0.248,67.37,0,0.169,mechanical,0.25,none,75.07
4708,HIGH_ALTITUDE,19526.3,-29.1,0.713,0.594,4038.3,28.1,11.9,565.2,163.2,59.3,3.12,35.35,3.829,56.74,0.411,0.486,0.0,0.0,0.486,33.25,1,0.924,combustion,0.97,none,32.99
4709,HIGH_ALTITUDE,19690.3,-26.7,0.888,0.738,5219.9,49.5,27.2,630.7,185.1,67.2,3.92,21.46,0.742,35.41,0.765,0.0,0.0,0.0,0.0,88.18,0,0.137,healthy,0.0,none,101.77
4710,DESERT_PATROL,13019.6,16.7,0.786,0.698,4723.3,54.2,27.0,589.4,221.1,90.9,2.87,21.2,0.993,0.89,0.765,0.0,0.972,0.0,0.0,32.43,1,0.868,cooling,0.97,none,29.72
4711,ISR,11879.4,-10.8,0.631,0.567,3945.2,60.1,25.0,443.8,137.7,68.5,2.8,17.08,1.348,81.38,0.765,0.0,0.0,0.0,0.0,76.06,0,0.068,healthy,0.0,none,86.38
4712,LOITER,5291.7,7.9,0.429,0.409,2945.9,47.8,14.7,372.3,124.9,72.8,1.81,20.6,0.89,95.37,0.555,0.786,0.0,0.0,0.0,51.63,1,0.63,injector,0.79,none,47.61
4713,LOITER,5837.2,4.7,0.414,0.393,2872.5,64.8,19.3,291.7,102.7,70.0,1.81,12.28,0.85,117.69,0.765,0.0,0.0,0.0,0.0,86.52,0,0.228,healthy,0.0,none,102.27
4714,DESERT_PATROL,5965.1,21.0,0.579,0.549,3441.4,39.2,14.0,521.2,176.8,86.8,1.96,28.45,3.829,43.72,0.421,0.468,0.0,0.0,0.468,29.05,1,0.862,combustion,0.94,none,19.64
4715,LOITER,5912.8,4.5,0.405,0.384,2530.9,57.0,15.1,283.5,101.5,70.1,1.52,15.16,2.48,119.8,0.61,0.0,0.0,0.0,0.674,42.92,1,0.694,mechanical,0.67,none,40.46
4716,DESERT_PATROL,7479.1,17.1,0.661,0.619,4099.5,65.0,27.8,495.8,167.2,88.5,2.49,19.4,1.276,52.21,0.765,0.0,0.0,0.0,0.0,72.2,0,0.17,healthy,0.0,none,77.51
4717,ISR,7026.1,3.8,0.752,0.707,4550.4,71.0,34.2,538.5,176.2,95.6,1.84,21.87,1.069,43.51,0.765,0.0,0.0,0.567,0.0,52.12,1,0.636,lubrication,0.57,none,53.09
4718,DESERT_PATROL,1535.8,19.6,0.504,0.497,3309.8,75.9,26.6,375.2,133.6,85.1,1.96,16.17,1.123,86.2,0.765,0.0,0.0,0.0,0.0,87.0,0,0.032,healthy,0.0,none,96.6
4719,HIGH_ALTITUDE,18292.1,-19.8,0.703,0.592,4330.7,49.1,22.3,490.0,148.0,80.2,1.76,17.2,1.255,71.58,0.765,0.0,0.0,0.768,0.0,51.25,1,0.723,lubrication,0.77,none,48.71
4720,DESERT_PATROL,4277.3,19.4,0.836,0.806,4997.0,51.3,26.8,681.4,227.7,97.5,2.83,30.58,0.835,-6.55,0.517,0.926,0.0,0.0,0.0,29.84,1,0.827,injector,0.93,none,18.52
4721,TRANSIT,5215.0,2.7,0.694,0.663,4259.9,75.2,33.7,492.5,163.2,81.9,2.75,20.87,1.199,57.87,0.765,0.0,0.0,0.0,0.0,59.22,1,0.537,sensor,0.65,spike,60.78
4722,TRANSIT,9019.5,-2.1,0.836,0.771,4982.9,68.4,35.6,596.3,193.2,82.6,3.29,23.89,0.855,29.19,0.765,0.0,0.0,0.0,0.0,73.18,0,0.248,healthy,0.0,none,74.89
4723,ISR,1431.1,13.3,0.601,0.594,3240.6,66.8,22.8,433.0,147.7,85.4,1.89,27.45,3.555,70.39,0.536,0.0,0.0,0.0,0.996,35.33,1,0.87,mechanical,1.0,none,35.61
4724,HIGH_ALTITUDE,24335.3,-36.1,0.713,0.564,4351.9,40.7,18.7,490.2,138.4,53.5,3.46,15.82,1.171,82.01,0.765,0.0,0.0,0.0,0.0,89.98,0,0.165,healthy,0.0,none,101.17
4725,DESERT_PATROL,10254.2,14.2,0.849,0.774,5041.3,61.7,32.8,636.4,208.7,93.8,2.99,23.68,0.82,12.22,0.765,0.0,0.0,0.0,0.0,72.21,0,0.03,healthy,0.0,none,80.1
4726,ISR,7388.2,3.5,0.828,0.775,4934.1,71.3,36.9,598.8,195.4,87.3,3.12,24.43,0.859,26.85,0.765,0.0,0.0,0.0,0.0,81.03,0,0.16,healthy,0.0,none,89.79
4727,LOITER,7816.7,-0.3,0.577,0.539,3693.4,66.4,25.8,413.6,134.6,73.9,2.49,16.53,1.27,85.33,0.765,0.0,0.0,0.0,0.0,84.76,0,0.086,healthy,0.0,none,94.71
4728,DESERT_PATROL,10091.6,17.9,0.807,0.737,4815.8,56.2,28.4,624.6,206.8,94.1,2.82,25.69,0.935,13.91,0.707,0.216,0.0,0.0,0.0,60.11,0,0.196,injector,0.22,none,63.8
4729,DESERT_PATROL,12467.8,6.6,0.553,0.494,3559.6,53.6,20.2,408.2,135.4,76.4,2.32,14.91,1.241,83.77,0.765,0.0,0.0,0.0,0.0,83.52,0,0.12,healthy,0.0,none,91.87
4730,DESERT_PATROL,11377.5,8.1,0.763,0.688,4626.6,59.3,28.8,569.0,183.6,103.7,1.34,21.17,1.001,36.11,0.765,0.0,0.0,0.873,0.0,46.14,1,0.806,lubrication,0.87,none,45.08
4731,HIGH_ALTITUDE,16089.6,-19.7,0.916,0.79,5382.2,56.1,31.6,647.9,197.9,73.6,3.89,23.54,0.719,24.11,0.765,0.0,0.0,0.0,0.0,83.4,0,0.132,healthy,0.0,none,93.42
4732,HIGH_ALTITUDE,17772.6,-22.5,0.813,0.689,4846.4,52.0,26.4,578.2,171.2,67.5,3.69,19.81,0.905,49.29,0.765,0.0,0.0,0.0,0.0,86.97,0,0.231,healthy,0.0,none,100.67
4733,HIGH_ALTITUDE,15701.3,-14.7,0.749,0.648,4526.6,54.1,25.5,535.5,164.7,78.8,2.34,19.28,1.117,57.34,0.765,0.0,0.0,0.459,0.0,57.2,1,0.417,lubrication,0.46,none,63.71
4734,LOITER,6567.0,2.5,0.542,0.512,3509.6,68.0,25.1,383.4,130.9,74.4,2.31,16.05,1.208,91.01,0.765,0.0,0.0,0.0,0.0,84.13,0,0.22,healthy,0.0,none,105.86
4735,LOITER,3418.3,5.3,0.479,0.465,3121.2,62.7,20.6,364.2,122.2,73.7,1.99,17.22,1.923,96.37,0.638,0.153,0.0,0.0,0.153,59.59,1,0.195,combustion,0.31,none,65.78
4736,HIGH_ALTITUDE,23804.2,-32.7,0.842,0.67,5022.9,33.3,17.4,640.7,180.8,60.8,4.08,20.89,0.801,37.4,0.603,0.606,0.0,0.0,0.0,55.59,1,0.579,injector,0.61,none,57.39
4737,ISR,14108.0,-14.6,0.741,0.651,4524.4,50.8,23.9,549.3,166.9,71.3,3.24,20.57,1.131,52.48,0.674,0.339,0.0,0.0,0.0,66.11,1,0.277,injector,0.34,none,73.6
4738,DESERT_PATROL,7605.0,25.0,0.831,0.777,4960.7,65.6,33.9,632.3,211.2,99.1,2.69,24.07,0.866,7.92,0.765,0.0,0.0,0.0,0.0,44.59,1,0.441,sensor,0.59,drift,42.34
4739,DESERT_PATROL,8243.0,13.2,0.676,0.629,4168.0,64.3,28.3,502.3,169.0,86.0,2.56,19.62,1.266,51.85,0.765,0.0,0.0,0.0,0.0,69.64,0,0.232,sensor,0.27,drift,72.89
4740,DESERT_PATROL,8066.4,14.2,0.597,0.556,3775.8,62.9,24.8,446.6,151.1,83.2,2.35,17.48,1.293,68.61,0.765,0.0,0.0,0.0,0.0,84.69,0,0.216,healthy,0.0,none,96.26
4741,HIGH_ALTITUDE,20462.1,-27.5,0.822,0.678,4914.2,33.8,17.5,641.4,187.9,63.6,3.77,23.19,0.869,33.62,0.544,0.825,0.0,0.0,0.0,47.64,1,0.893,injector,0.82,none,47.08
4742,HIGH_ALTITUDE,19087.4,-20.3,0.759,0.635,4585.0,33.2,15.9,611.1,181.3,66.5,3.43,31.58,1.039,40.48,0.526,0.891,0.0,0.0,0.0,49.3,1,0.763,injector,0.89,none,45.69
4743,DESERT_PATROL,5146.7,25.6,0.566,0.541,3630.3,66.8,25.6,426.1,161.7,89.9,2.07,16.83,1.251,58.6,0.765,0.0,0.465,0.0,0.0,56.33,1,0.4,cooling,0.47,none,58.3
4744,DESERT_PATROL,6306.0,13.5,0.569,0.538,3312.3,60.1,20.8,416.6,144.6,82.4,2.0,20.47,2.618,75.99,0.626,0.0,0.0,0.0,0.605,42.9,1,0.634,mechanical,0.6,none,35.81
4745,HIGH_ALTITUDE,24606.0,-38.4,0.864,0.682,5088.9,42.0,22.7,599.7,170.8,57.8,4.14,18.7,0.792,49.82,0.765,0.0,0.0,0.0,0.0,94.28,0,0.13,healthy,0.0,none,109.01
4746,ISR,15523.1,-19.9,0.835,0.724,4971.0,56.7,29.6,593.2,178.5,71.0,3.71,21.21,0.84,42.49,0.765,0.0,0.0,0.0,0.0,91.86,0,0.03,healthy,0.0,none,110.89
4747,LOITER,3177.3,11.7,0.546,0.531,3535.0,74.8,27.7,393.8,136.4,80.8,2.16,16.93,1.209,83.21,0.765,0.0,0.0,0.0,0.0,54.8,1,0.863,sensor,0.94,spike,59.19
4748,DESERT_PATROL,6630.1,18.1,0.517,0.488,3381.8,63.5,22.4,391.6,137.8,82.6,2.03,15.45,1.126,83.36,0.765,0.0,0.0,0.0,0.0,56.26,1,0.78,sensor,0.93,noise,57.04
4749,LOITER,4749.8,3.1,0.401,0.385,2572.0,61.0,16.5,281.0,98.2,69.1,1.55,14.74,2.199,121.99,0.635,0.0,0.0,0.0,0.568,46.93,1,0.567,mechanical,0.57,none,43.62
4750,HIGH_ALTITUDE,15294.1,-17.3,0.701,0.609,4315.2,54.9,24.9,498.9,148.0,67.1,3.15,18.31,1.205,70.39,0.765,0.0,0.0,0.0,0.0,84.36,0,0.114,healthy,0.0,none,95.91
4751,TRANSIT,8961.5,-1.8,0.726,0.67,4177.5,44.3,19.4,598.8,187.8,79.4,2.75,30.87,3.404,32.59,0.478,0.377,0.0,0.0,0.377,29.15,1,0.704,combustion,0.75,none,21.66
4752,DESERT_PATROL,4085.0,28.6,0.622,0.6,3919.4,70.2,28.6,472.1,168.7,94.7,2.18,19.17,1.21,52.03,0.765,0.0,0.0,0.0,0.0,84.43,0,0.062,healthy,0.0,none,89.92
4753,TRANSIT,11673.8,-2.5,0.574,0.516,3673.7,45.9,17.4,458.0,144.9,71.1,2.48,17.5,1.292,75.02,0.609,0.582,0.0,0.0,0.0,52.28,1,0.529,injector,0.58,none,51.99
4754,DESERT_PATROL,8461.7,25.4,0.767,0.712,4615.4,62.6,30.4,585.3,198.4,98.4,2.57,22.25,1.067,21.4,0.765,0.0,0.0,0.0,0.0,44.86,1,0.85,sensor,0.83,spike,42.61
4755,TRANSIT,12455.3,-6.0,0.7,0.625,4298.4,58.9,26.5,496.8,167.3,74.4,2.93,18.82,1.216,51.71,0.765,0.0,0.56,0.0,0.0,56.71,1,0.519,cooling,0.56,none,55.89
4756,DESERT_PATROL,7529.3,16.2,0.811,0.759,4624.7,48.9,23.9,664.0,216.6,93.6,2.66,32.07,2.694,4.58,0.529,0.301,0.0,0.0,0.301,22.45,1,0.604,combustion,0.6,none,16.94
4757,LOITER,7113.3,-6.0,0.406,0.381,2829.6,63.8,18.9,276.9,91.8,64.0,1.92,12.03,0.83,128.15,0.765,0.0,0.0,0.0,0.0,57.46,1,0.754,sensor,0.78,freeze,56.55
4758,DESERT_PATROL,7998.3,21.5,0.521,0.485,3120.7,54.1,17.6,393.0,140.4,85.4,1.79,18.32,2.346,79.36,0.635,0.0,0.0,0.0,0.569,46.65,1,0.485,mechanical,0.57,none,45.85
4759,LOITER,4397.4,7.8,0.521,0.501,3404.0,71.7,25.8,368.7,128.9,77.7,2.15,16.05,1.197,91.75,0.765,0.0,0.0,0.0,0.0,82.21,0,0.066,healthy,0.0,none,92.59
4760,ISR,4395.9,9.6,0.643,0.618,3999.8,74.6,31.0,464.8,159.1,84.1,2.5,19.92,1.326,63.51,0.765,0.0,0.0,0.0,0.0,80.88,0,0.219,healthy,0.0,none,92.14
4761,ISR,1786.6,13.8,0.674,0.664,4172.4,81.7,35.8,484.2,166.2,94.5,1.97,21.44,1.257,53.89,0.765,0.0,0.0,0.309,0.0,64.43,1,0.326,lubrication,0.31,none,60.66
4762,DESERT_PATROL,14547.9,2.2,0.638,0.558,3983.8,36.8,15.4,528.5,167.3,76.9,2.68,19.37,1.265,51.18,0.546,0.818,0.0,0.0,0.0,48.52,1,0.791,injector,0.82,none,45.11
4763,HIGH_ALTITUDE,16592.7,-21.3,0.794,0.681,4767.8,54.1,26.7,558.4,167.8,68.0,3.54,20.07,0.989,52.59,0.765,0.0,0.0,0.0,0.0,88.92,0,0.07,healthy,0.0,none,102.28
4764,HIGH_ALTITUDE,24456.1,-32.9,0.768,0.607,4621.2,40.5,19.4,539.8,153.9,57.8,3.65,16.99,1.053,66.96,0.765,0.0,0.0,0.0,0.0,89.79,0,0.234,healthy,0.0,none,96.68
4765,ISR,1551.2,10.9,0.754,0.744,4577.6,84.9,40.7,534.8,181.6,90.0,2.79,24.0,1.089,39.12,0.765,0.0,0.0,0.0,0.0,80.59,0,0.222,healthy,0.0,none,87.57
4766,LOITER,5026.0,4.5,0.588,0.563,3737.9,72.8,28.5,418.8,138.1,78.3,2.42,17.85,1.298,79.54,0.765,0.0,0.0,0.0,0.0,85.13,0,0.079,healthy,0.0,none,102.35
4767,TRANSIT,3605.5,8.9,0.704,0.683,4333.3,78.4,35.3,507.0,167.0,86.1,2.68,21.98,1.203,50.81,0.765,0.0,0.0,0.0,0.0,67.38,1,0.234,sensor,0.33,freeze,70.99
4768,DESERT_PATROL,4718.8,29.7,0.503,0.483,3330.2,65.2,22.7,389.9,144.4,90.2,1.83,15.23,1.1,77.01,0.765,0.0,0.0,0.0,0.0,82.34,0,0.089,healthy,0.0,none,89.02
4769,ISR,9005.6,-0.6,0.608,0.561,3844.8,64.2,25.9,433.9,140.4,74.5,2.58,17.63,1.288,78.51,0.765,0.0,0.0,0.0,0.0,85.14,0,0.225,healthy,0.0,none,99.22
4770,HIGH_ALTITUDE,21562.0,-30.2,0.877,0.715,5186.8,46.3,25.3,614.7,179.1,77.8,2.48,20.11,0.767,40.54,0.765,0.0,0.0,0.641,0.0,51.9,1,0.547,lubrication,0.64,none,50.58
4771,DESERT_PATROL,6162.5,27.4,0.675,0.639,4171.1,66.3,29.1,510.7,178.0,105.6,1.51,20.02,1.295,40.87,0.765,0.0,0.0,0.524,0.0,51.74,1,0.425,lubrication,0.52,none,41.87
4772,TRANSIT,9293.8,-2.7,0.817,0.752,4871.5,67.6,34.5,581.7,186.2,93.1,2.12,23.25,0.928,33.92,0.765,0.0,0.0,0.534,0.0,50.72,1,0.464,lubrication,0.53,none,49.74
4773,TRANSIT,12426.5,-9.3,0.532,0.475,3460.5,48.4,17.5,403.3,125.7,65.5,2.45,17.84,1.19,93.66,0.657,0.402,0.0,0.0,0.0,57.25,1,0.358,injector,0.4,none,58.59
4774,DESERT_PATROL,11847.2,6.0,0.554,0.498,3567.1,55.0,20.5,409.9,135.6,75.9,2.34,15.15,1.226,84.2,0.765,0.0,0.0,0.0,0.0,82.65,0,0.038,healthy,0.0,none,92.6
4775,LOITER,3469.9,3.8,0.46,0.447,3123.4,73.0,23.9,317.0,110.4,72.8,2.01,14.18,0.942,108.69,0.765,0.0,0.0,0.0,0.0,86.35,0,0.094,healthy,0.0,none,98.91
4776,HIGH_ALTITUDE,16972.1,-16.7,0.899,0.768,5285.0,53.4,29.8,645.0,193.3,74.9,3.81,22.39,0.713,25.26,0.765,0.0,0.0,0.0,0.0,76.9,0,0.228,healthy,0.0,none,86.13
4777,LOITER,4956.3,9.6,0.523,0.501,3414.1,62.7,22.5,394.8,137.2,78.7,2.18,18.43,1.083,83.56,0.687,0.293,0.0,0.0,0.0,66.98,0,0.22,injector,0.29,none,74.24
4778,TRANSIT,14519.2,-15.7,0.674,0.59,4152.6,55.9,24.4,471.0,156.8,66.7,3.05,17.69,1.27,62.75,0.765,0.0,0.66,0.0,0.0,55.34,1,0.607,cooling,0.66,none,58.81
4779,TRANSIT,13978.7,-11.7,0.589,0.518,3724.8,54.7,21.5,410.4,129.2,66.2,2.66,15.42,1.273,91.04,0.765,0.0,0.0,0.0,0.0,78.69,0,0.205,healthy,0.0,none,87.18
4780,LOITER,6577.6,-1.8,0.416,0.393,2893.6,64.6,19.4,281.9,96.9,72.7,1.56,12.24,0.854,122.43,0.765,0.0,0.0,0.292,0.0,68.46,0,0.225,lubrication,0.29,none,72.43
4781,HIGH_ALTITUDE,17282.8,-21.2,0.793,0.675,4753.8,52.6,26.4,558.9,165.9,67.1,3.68,19.8,1.011,52.73,0.765,0.0,0.0,0.0,0.0,93.09,0,0.154,healthy,0.0,none,109.71
4782,LOITER,5852.9,5.0,0.45,0.427,3051.0,66.1,21.1,314.8,126.7,71.5,1.92,13.37,0.934,93.03,0.765,0.0,0.799,0.0,0.0,52.49,1,0.771,cooling,0.8,none,52.58
4783,LOITER,7162.6,-0.7,0.429,0.402,2943.8,63.4,19.4,299.3,101.5,67.7,1.94,12.43,0.901,118.65,0.765,0.0,0.0,0.0,0.0,85.93,0,0.095,healthy,0.0,none,96.77
4784,ISR,2774.5,10.2,0.586,0.572,3624.9,62.8,23.7,467.8,155.8,81.6,2.21,24.68,2.355,64.18,0.601,0.201,0.0,0.0,0.201,47.38,1,0.413,combustion,0.4,none,45.38
4785,DESERT_PATROL,7861.4,26.9,0.661,0.617,4110.7,62.0,26.6,505.7,189.6,94.2,2.34,19.25,1.283,29.25,0.765,0.0,0.731,0.0,0.0,43.98,1,0.621,cooling,0.73,none,40.09
4786,HIGH_ALTITUDE,24823.0,-35.7,0.819,0.645,4885.8,40.8,20.9,564.9,163.7,57.3,3.86,18.16,0.862,57.62,0.765,0.0,0.0,0.0,0.0,94.24,0,0.097,healthy,0.0,none,107.8
4787,DESERT_PATROL,2942.2,27.9,0.737,0.718,4473.2,75.8,35.7,564.0,191.9,99.2,2.45,22.93,1.157,27.95,0.765,0.0,0.0,0.0,0.0,78.06,0,0.188,healthy,0.0,none,90.44
4788,LOITER,7549.0,-0.8,0.528,0.494,3434.7,65.9,23.7,372.4,123.4,91.7,0.97,15.67,1.178,96.58,0.765,0.0,0.0,0.97,0.0,50.02,1,0.783,lubrication,0.97,none,46.22
4789,TRANSIT,5545.9,1.7,0.525,0.5,3427.3,70.3,25.2,367.4,125.0,73.6,2.29,15.75,1.159,95.6,0.765,0.0,0.0,0.0,0.0,55.46,1,0.834,sensor,0.86,drift,55.83
4790,DESERT_PATROL,8386.3,20.2,0.833,0.773,4944.4,64.8,34.0,627.4,209.3,96.4,2.89,23.82,0.855,11.19,0.765,0.0,0.0,0.0,0.0,72.06,0,0.24,healthy,0.0,none,73.5
4791,DESERT_PATROL,11927.1,3.2,0.758,0.68,4589.6,59.0,28.3,553.1,178.6,93.8,1.94,20.2,1.073,41.28,0.765,0.0,0.0,0.537,0.0,52.44,1,0.53,lubrication,0.54,none,58.32
4792,ISR,4293.5,11.0,0.534,0.515,3220.9,42.6,14.3,475.6,159.3,79.8,1.98,26.62,3.584,62.65,0.423,0.464,0.0,0.0,0.464,31.89,1,0.836,combustion,0.93,none,30.21
4793,LOITER,7822.7,0.4,0.565,0.527,3607.5,65.9,24.9,401.2,132.8,74.1,2.35,16.15,1.25,87.47,0.765,0.0,0.0,0.0,0.0,80.88,0,0.204,healthy,0.0,none,89.67
4794,LOITER,6309.2,0.8,0.573,0.542,3658.1,69.9,26.8,400.6,133.0,74.9,2.38,16.96,1.242,85.82,0.765,0.0,0.0,0.0,0.0,87.54,0,0.021,healthy,0.0,none,100.22
4795,ISR,9501.8,-6.4,0.501,0.46,3293.4,61.6,21.4,346.6,113.1,67.1,2.27,14.33,1.11,107.07,0.765,0.0,0.0,0.0,0.0,61.85,1,0.318,sensor,0.4,drift,68.81
4796,LOITER,7422.7,-3.5,0.557,0.522,3587.5,67.7,25.5,387.0,126.7,71.2,2.43,16.35,1.257,92.55,0.765,0.0,0.0,0.0,0.0,86.42,0,0.132,healthy,0.0,none,100.43
4797,ISR,1030.7,12.6,0.623,0.617,3915.5,83.0,34.0,446.2,153.4,85.0,2.37,20.11,1.34,66.37,0.765,0.0,0.0,0.0,0.0,80.97,0,0.216,healthy,0.0,none,92.73
4798,ISR,3082.9,1.8,0.523,0.509,3423.2,77.0,27.8,357.9,124.1,73.5,2.24,16.26,1.162,96.75,0.765,0.0,0.0,0.0,0.0,78.65,0,0.246,healthy,0.0,none,85.62
4799,LOITER,4399.8,7.8,0.529,0.509,3432.8,71.9,26.0,378.2,131.3,77.6,2.18,16.2,1.147,90.07,0.765,0.0,0.0,0.0,0.0,58.36,1,0.554,sensor,0.57,spike,61.4
4800,LOITER,6525.7,0.4,0.487,0.46,3247.2,66.9,22.6,342.5,131.5,70.8,2.14,14.32,1.033,87.22,0.765,0.0,0.843,0.0,0.0,51.67,1,0.803,cooling,0.84,none,52.38
4801,TRANSIT,6703.9,2.4,0.8,0.754,4814.4,73.0,37.0,575.9,201.8,85.1,3.08,23.43,0.979,21.61,0.765,0.0,0.663,0.0,0.0,46.42,1,0.578,cooling,0.66,none,42.87
4802,LOITER,7652.8,-0.0,0.52,0.486,3100.9,59.3,19.3,368.1,121.5,72.0,1.98,18.23,2.361,97.75,0.637,0.0,0.0,0.0,0.557,46.66,1,0.479,mechanical,0.56,none,47.24
4803,LOITER,5135.7,3.7,0.422,0.404,2910.7,67.1,20.5,294.9,113.0,71.0,1.86,12.6,0.84,107.59,0.765,0.0,0.52,0.0,0.0,58.25,1,0.363,cooling,0.52,none,62.33
4804,ISR,2067.5,10.8,0.65,0.638,4051.4,81.1,34.1,468.5,158.3,92.8,1.91,20.43,1.303,61.63,0.765,0.0,0.0,0.358,0.0,60.74,1,0.336,lubrication,0.36,none,62.22
4805,HIGH_ALTITUDE,22084.1,-28.5,0.933,0.757,5462.0,45.4,26.2,665.6,215.1,67.0,4.29,21.49,0.703,5.38,0.765,0.0,0.932,0.0,0.0,41.28,1,0.807,cooling,0.93,none,39.13
4806,DESERT_PATROL,14246.8,11.8,0.548,0.481,3534.4,34.9,13.0,475.0,157.3,78.7,2.2,23.65,1.234,63.2,0.546,0.817,0.0,0.0,0.0,48.97,1,0.691,injector,0.82,none,46.5
4807,TRANSIT,8954.9,-7.4,0.638,0.589,3991.8,54.0,22.5,493.0,152.3,71.9,2.76,20.18,1.284,66.39,0.62,0.543,0.0,0.0,0.0,54.77,1,0.437,injector,0.54,none,47.72
4808,HIGH_ALTITUDE,18931.0,-19.0,0.784,0.657,4727.2,48.6,24.0,556.8,165.8,67.7,3.52,19.07,0.996,52.47,0.765,0.0,0.0,0.0,0.0,90.65,0,0.029,healthy,0.0,none,105.29
4809,DESERT_PATROL,14189.5,8.6,0.765,0.672,4629.0,53.0,25.8,572.9,186.0,86.1,2.9,20.02,1.046,34.5,0.765,0.0,0.0,0.0,0.0,84.8,0,0.03,healthy,0.0,none,99.08
4810,HIGH_ALTITUDE,21800.6,-29.1,0.914,0.743,5356.0,46.0,25.8,647.8,188.9,66.4,4.16,21.02,0.697,31.21,0.765,0.0,0.0,0.0,0.0,85.21,0,0.062,healthy,0.0,none,94.1
4811,HIGH_ALTITUDE,22285.6,-27.2,0.939,0.759,4723.1,37.5,18.5,674.2,196.1,67.9,3.55,30.15,3.375,23.87,0.549,0.0,0.0,0.0,0.942,30.8,1,0.768,mechanical,0.94,none,25.7
4812,HIGH_ALTITUDE,17716.8,-18.8,0.816,0.692,4601.6,33.9,16.3,671.5,197.0,69.6,3.32,34.79,3.083,24.47,0.477,0.379,0.0,0.0,0.379,28.39,1,0.7,combustion,0.76,none,20.47
4813,ISR,8020.3,-2.3,0.71,0.661,3919.4,61.7,25.3,503.4,162.6,78.3,2.53,25.84,2.96,57.59,0.615,0.0,0.0,0.0,0.655,41.07,1,0.545,mechanical,0.65,none,32.61
4814,DESERT_PATROL,2733.1,19.8,0.793,0.775,4746.2,79.6,39.8,577.2,219.3,97.2,2.67,25.18,0.979,2.27,0.765,0.0,0.913,0.0,0.0,33.7,1,0.747,cooling,0.91,none,32.51
4815,LOITER,7291.8,0.9,0.504,0.472,3324.2,65.4,22.6,354.9,119.1,71.8,2.15,14.66,1.143,100.71,0.765,0.0,0.0,0.0,0.0,84.53,0,0.056,healthy,0.0,none,101.32
4816,TRANSIT,9239.9,-1.7,0.636,0.586,3993.3,64.5,27.0,453.6,147.2,75.3,2.7,18.31,1.285,73.07,0.765,0.0,0.0,0.0,0.0,84.97,0,0.23,healthy,0.0,none,101.71
4817,ISR,13308.2,-10.1,0.52,0.461,3393.5,54.3,19.4,364.0,115.7,64.3,2.44,13.72,1.132,105.24,0.765,0.0,0.0,0.0,0.0,77.51,0,0.182,healthy,0.0,none,88.18
4818,ISR,8443.0,-5.2,0.664,0.616,4113.3,50.5,21.7,525.1,164.8,74.9,2.8,21.83,1.24,54.8,0.568,0.734,0.0,0.0,0.0,51.37,1,0.654,injector,0.73,none,52.5
4819,HIGH_ALTITUDE,19349.3,-22.8,0.866,0.722,4885.9,36.3,18.7,668.3,193.8,68.4,3.73,28.07,2.498,24.8,0.54,0.284,0.0,0.0,0.284,38.37,1,0.467,combustion,0.57,none,39.1
4820,HIGH_ALTITUDE,19889.3,-24.1,0.764,0.634,4631.1,47.4,22.9,534.6,157.6,63.6,3.54,18.09,1.039,61.18,0.765,0.0,0.0,0.0,0.0,87.63,0,0.06,healthy,0.0,none,101.21
4821,DESERT_PATROL,12480.7,20.9,0.507,0.453,3319.9,49.9,17.4,390.4,136.8,82.7,2.01,13.6,1.107,81.97,0.765,0.0,0.0,0.0,0.0,58.61,1,0.559,sensor,0.59,spike,60.24
4822,TRANSIT,8318.1,4.4,0.596,0.553,3771.6,64.5,25.5,433.2,142.3,77.7,2.45,17.27,1.339,77.22,0.765,0.0,0.0,0.0,0.0,80.32,0,0.118,healthy,0.0,none,93.45
4823,DESERT_PATROL,8438.0,12.8,0.648,0.601,4036.3,63.4,27.0,477.3,160.8,98.1,1.43,18.54,1.21,58.38,0.765,0.0,0.0,0.667,0.0,53.28,1,0.614,lubrication,0.67,none,54.2
4824,LOITER,5902.0,-2.1,0.591,0.561,3761.3,72.3,28.5,410.0,134.4,73.4,2.53,17.86,1.286,84.37,0.765,0.0,0.0,0.0,0.0,84.14,0,0.099,healthy,0.0,none,100.02
4825,ISR,3968.4,6.2,0.576,0.556,3671.0,74.9,28.9,413.2,139.8,78.4,2.37,17.72,1.257,81.14,0.765,0.0,0.0,0.0,0.0,77.85,0,0.138,healthy,0.0,none,86.47
4826,DESERT_PATROL,1935.1,32.9,0.556,0.546,3587.5,73.2,27.4,424.4,157.1,93.8,1.93,17.63,1.254,63.54,0.765,0.0,0.0,0.0,0.0,55.84,1,0.725,sensor,0.86,spike,55.24
4827,DESERT_PATROL,2296.4,23.7,0.609,0.597,3861.2,75.9,30.6,452.9,159.9,90.3,2.19,19.09,1.289,59.57,0.765,0.0,0.0,0.0,0.0,80.47,0,0.055,healthy,0.0,none,87.23
4828,TRANSIT,1673.4,9.1,0.658,0.649,4081.0,83.0,35.3,463.4,158.0,84.2,2.59,21.24,1.318,61.46,0.765,0.0,0.0,0.0,0.0,58.28,1,0.473,sensor,0.54,drift,59.02
4829,ISR,12815.6,-5.8,0.662,0.589,3632.7,50.1,19.1,479.0,150.9,72.7,2.46,22.67,3.123,69.99,0.593,0.0,0.0,0.0,0.751,38.98,1,0.652,mechanical,0.75,none,31.9
4830,ISR,13390.7,-12.6,0.761,0.674,4619.5,59.1,28.8,539.0,166.3,71.6,3.33,20.15,1.066,53.48,0.765,0.0,0.0,0.0,0.0,60.93,1,0.72,sensor,0.79,noise,64.63
4831,DESERT_PATROL,9033.4,14.0,0.639,0.59,3997.6,61.5,25.8,477.4,171.2,84.9,2.49,18.17,1.311,50.12,0.765,0.0,0.514,0.0,0.0,55.13,1,0.445,cooling,0.51,none,58.9
4832,LOITER,5231.2,2.1,0.488,0.466,3244.5,69.8,23.7,339.6,116.2,89.3,0.99,14.89,1.068,103.56,0.765,0.0,0.0,0.882,0.0,52.11,1,0.708,lubrication,0.88,none,50.33
4833,DESERT_PATROL,8286.8,21.6,0.831,0.772,4958.8,64.7,33.5,626.5,210.2,98.4,2.77,23.9,0.876,10.58,0.765,0.0,0.0,0.0,0.0,69.57,0,0.067,healthy,0.0,none,74.03
4834,TRANSIT,8113.1,0.0,0.705,0.656,4299.6,68.3,30.9,503.0,164.8,79.7,2.88,20.55,1.242,56.71,0.765,0.0,0.0,0.0,0.0,84.75,0,0.193,healthy,0.0,none,97.39
4835,DESERT_PATROL,4622.1,27.3,0.82,0.788,4796.2,62.8,31.6,649.2,219.5,102.1,2.51,28.57,1.716,-0.4,0.647,0.141,0.0,0.0,0.141,42.36,0,0.237,combustion,0.28,none,36.59
4836,TRANSIT,6281.1,-3.1,0.642,0.608,4019.8,72.7,30.3,446.2,150.2,86.8,1.71,18.95,1.269,73.73,0.765,0.0,0.0,0.564,0.0,54.49,1,0.512,lubrication,0.56,none,51.8
4837,TRANSIT,5172.9,1.5,0.729,0.697,4409.7,76.4,35.7,522.2,169.8,82.1,2.9,21.87,1.133,51.13,0.765,0.0,0.0,0.0,0.0,87.18,0,0.167,healthy,0.0,none,103.32
4838,TRANSIT,15184.1,-16.6,0.546,0.475,3276.2,48.3,16.5,372.9,116.6,61.8,2.37,16.4,2.284,104.51,0.657,0.0,0.0,0.0,0.471,48.65,1,0.389,mechanical,0.47,none,49.09
4839,DESERT_PATROL,14268.2,4.7,0.706,0.62,4343.5,52.8,24.1,529.9,168.2,80.3,2.84,18.49,1.231,50.9,0.765,0.0,0.0,0.0,0.0,84.86,0,0.162,healthy,0.0,none,98.84
4840,LOITER,7357.2,-0.0,0.597,0.56,3572.7,44.1,16.5,500.5,160.2,75.2,2.33,31.38,3.303,60.06,0.467,0.395,0.0,0.0,0.395,34.36,1,0.736,combustion,0.79,none,25.71
4841,LOITER,3749.4,5.5,0.483,0.467,3202.7,48.4,16.4,415.8,137.1,73.5,2.08,26.4,1.009,82.36,0.509,0.956,0.0,0.0,0.0,47.89,1,0.844,injector,0.96,none,45.61
4842,ISR,2661.3,10.9,0.529,0.517,3111.1,67.8,22.2,379.2,133.3,79.6,1.88,20.44,2.612,87.74,0.617,0.0,0.0,0.0,0.645,43.39,1,0.565,mechanical,0.64,none,37.52
4843,DESERT_PATROL,1689.0,32.4,0.81,0.798,4825.6,79.5,40.3,608.9,213.7,105.8,2.47,25.81,0.925,8.67,0.765,0.0,0.0,0.0,0.0,71.38,0,0.061,healthy,0.0,none,77.1
4844,ISR,12371.0,-9.4,0.753,0.673,4551.6,55.2,26.6,553.7,172.0,74.6,3.2,21.26,1.07,47.46,0.697,0.255,0.0,0.0,0.0,71.93,0,0.199,injector,0.25,none,80.27
4845,TRANSIT,10989.3,-6.3,0.569,0.516,3662.4,59.9,22.9,403.6,127.6,69.3,2.52,15.78,1.272,91.44,0.765,0.0,0.0,0.0,0.0,82.26,0,0.245,healthy,0.0,none,93.69
4846,LOITER,5275.8,1.9,0.413,0.394,2876.9,66.8,20.0,285.1,100.2,68.9,1.84,12.53,0.867,120.35,0.765,0.0,0.0,0.0,0.0,87.88,0,0.194,healthy,0.0,none,105.0
4847,LOITER,7100.7,0.4,0.428,0.402,2951.8,63.3,19.6,298.5,102.2,68.7,1.92,12.81,0.882,117.96,0.765,0.0,0.0,0.0,0.0,77.28,0,0.147,healthy,0.0,none,86.44
4848,TRANSIT,5767.4,5.0,0.532,0.505,3463.0,69.1,25.2,377.4,134.2,75.9,2.21,15.87,1.178,85.51,0.765,0.0,0.362,0.0,0.0,61.05,1,0.372,cooling,0.36,none,62.47
4849,ISR,3647.5,11.6,0.716,0.693,4170.7,56.5,24.9,586.5,191.0,88.7,2.48,33.86,2.839,30.43,0.532,0.297,0.0,0.0,0.297,31.93,1,0.522,combustion,0.59,none,24.52
4850,TRANSIT,9536.3,0.6,0.603,0.554,3821.5,62.6,24.9,428.9,140.5,81.3,2.03,17.03,1.299,78.45,0.765,0.0,0.0,0.312,0.0,63.94,1,0.323,lubrication,0.31,none,67.02
4851,TRANSIT,8708.1,4.0,0.758,0.702,4469.9,55.1,25.9,596.0,190.5,83.7,2.89,26.1,2.152,29.99,0.615,0.182,0.0,0.0,0.182,46.41,1,0.294,combustion,0.36,none,43.84
4852,ISR,2014.3,14.4,0.601,0.591,3792.3,79.0,31.5,436.1,153.1,85.9,2.3,19.19,1.283,69.25,0.765,0.0,0.0,0.0,0.0,62.49,1,0.319,sensor,0.37,spike,63.58
4853,LOITER,3905.4,6.8,0.466,0.451,3126.6,71.3,23.4,328.7,116.7,74.2,2.0,14.33,0.983,104.69,0.765,0.0,0.0,0.0,0.0,85.61,0,0.102,healthy,0.0,none,90.9
4854,ISR,1134.7,12.8,0.613,0.607,3870.2,82.3,33.5,439.7,169.8,84.6,2.4,19.68,1.296,49.57,0.765,0.0,0.877,0.0,0.0,48.67,1,0.868,cooling,0.88,none,47.75
4855,DESERT_PATROL,9232.0,14.1,0.829,0.764,4963.6,64.0,33.0,617.6,201.1,92.6,2.9,23.59,0.851,16.93,0.765,0.0,0.0,0.0,0.0,45.96,1,0.757,sensor,0.76,freeze,42.74
4856,HIGH_ALTITUDE,15897.2,-22.4,0.712,0.615,4373.9,50.4,23.1,515.8,152.7,64.4,3.25,20.82,1.205,67.37,0.703,0.232,0.0,0.0,0.0,74.03,0,0.17,injector,0.23,none,84.58
4857,DESERT_PATROL,1799.1,35.1,0.602,0.593,3806.7,74.3,29.8,462.5,170.1,97.9,1.99,19.26,1.28,51.63,0.765,0.0,0.0,0.0,0.0,67.27,1,0.256,sensor,0.3,noise,68.65
4858,TRANSIT,15221.9,-11.7,0.784,0.681,4735.4,55.0,27.0,565.0,173.9,74.0,3.38,20.13,0.974,47.24,0.765,0.0,0.0,0.0,0.0,87.2,0,0.236,healthy,0.0,none,103.29
4859,ISR,15349.1,-18.5,0.824,0.715,4886.6,56.6,29.2,582.0,175.7,71.5,3.6,21.17,0.902,43.97,0.765,0.0,0.0,0.0,0.0,90.16,0,0.177,healthy,0.0,none,104.37
4860,TRANSIT,12330.5,-10.8,0.521,0.466,3400.4,56.6,20.1,359.3,114.0,64.4,2.45,14.11,1.141,105.73,0.765,0.0,0.0,0.0,0.0,57.13,1,0.681,sensor,0.8,freeze,54.99
4861,HIGH_ALTITUDE,15695.1,-14.8,0.721,0.624,4397.3,53.8,24.9,507.8,155.3,69.3,3.16,18.54,1.16,63.74,0.765,0.0,0.0,0.0,0.0,87.11,0,0.061,healthy,0.0,none,102.02
4862,DESERT_PATROL,13763.8,6.1,0.701,0.618,4307.2,53.5,24.2,522.7,170.9,82.0,2.75,18.45,1.206,50.9,0.765,0.0,0.0,0.0,0.0,81.21,0,0.236,healthy,0.0,none,87.15
4863,TRANSIT,2438.6,14.9,0.824,0.807,4913.1,82.3,41.9,596.0,207.5,95.6,2.81,25.88,0.845,12.97,0.765,0.0,0.415,0.0,0.0,44.79,1,0.434,cooling,0.41,none,45.82
4864,TRANSIT,10204.8,-6.7,0.589,0.538,3749.8,62.3,24.4,412.9,134.0,69.6,2.54,16.35,1.226,87.5,0.765,0.0,0.0,0.0,0.0,61.28,1,0.373,sensor,0.39,freeze,64.52
4865,DESERT_PATROL,11397.4,11.4,0.849,0.766,5047.4,59.6,31.0,638.2,206.3,91.1,3.04,23.39,0.791,14.26,0.765,0.0,0.0,0.0,0.0,76.66,0,0.103,healthy,0.0,none,84.85
4866,HIGH_ALTITUDE,20118.0,-26.0,0.916,0.758,5385.4,48.7,27.6,659.7,192.6,76.2,3.1,21.67,0.704,28.34,0.765,0.0,0.0,0.377,0.0,56.54,1,0.248,lubrication,0.38,none,58.0
4867,ISR,15668.8,-19.8,0.843,0.73,5018.7,41.9,21.9,650.0,196.3,71.4,3.7,24.95,0.837,25.25,0.568,0.735,0.0,0.0,0.0,46.96,1,0.674,injector,0.74,none,46.47
4868,TRANSIT,3566.9,14.0,0.572,0.555,3659.2,66.2,25.4,444.4,151.6,83.6,2.26,20.92,1.229,69.26,0.685,0.297,0.0,0.0,0.0,65.28,0,0.249,injector,0.3,none,69.67
4869,HIGH_ALTITUDE,18532.4,-20.8,0.839,0.706,5006.3,50.3,26.6,598.9,179.6,68.6,3.7,20.51,0.847,41.63,0.765,0.0,0.0,0.0,0.0,83.65,0,0.167,healthy,0.0,none,96.38
4870,TRANSIT,1819.8,6.7,0.539,0.531,3487.6,79.8,29.1,378.8,129.9,77.6,2.22,17.28,1.198,89.4,0.765,0.0,0.0,0.0,0.0,86.3,0,0.066,healthy,0.0,none,101.3
4871,ISR,3277.2,9.7,0.809,0.786,4830.3,81.0,41.1,588.1,194.6,90.5,2.92,25.03,0.922,27.34,0.765,0.0,0.0,0.0,0.0,73.58,0,0.129,healthy,0.0,none,85.22
4872,HIGH_ALTITUDE,20382.3,-28.8,0.856,0.707,5099.1,48.3,25.4,601.1,175.2,64.5,3.93,20.26,0.769,44.24,0.765,0.0,0.0,0.0,0.0,87.39,0,0.172,healthy,0.0,none,100.28
4873,ISR,6336.1,-5.1,0.758,0.717,4584.7,75.4,36.3,525.9,180.7,79.0,3.08,22.65,1.108,38.69,0.765,0.0,0.604,0.0,0.0,52.59,1,0.597,cooling,0.6,none,57.33
4874,HIGH_ALTITUDE,20043.7,-25.9,0.808,0.669,4849.9,47.9,24.5,574.5,166.0,64.2,3.68,19.17,0.931,52.66,0.765,0.0,0.0,0.0,0.0,91.52,0,0.123,healthy,0.0,none,107.31
4875,HIGH_ALTITUDE,22596.2,-30.0,0.8,0.645,4806.7,43.7,21.9,560.7,163.0,61.2,3.86,18.25,0.952,57.43,0.765,0.0,0.0,0.0,0.0,89.58,0,0.16,healthy,0.0,none,101.11
4876,LOITER,4252.5,7.4,0.464,0.447,3117.8,70.2,22.9,326.7,127.4,75.1,1.97,14.27,1.004,93.41,0.765,0.0,0.607,0.0,0.0,56.15,1,0.517,cooling,0.61,none,57.47
4877,ISR,1608.2,13.0,0.8,0.789,4448.8,78.3,36.7,574.9,193.5,93.5,2.6,29.89,2.305,27.2,0.654,0.0,0.0,0.0,0.485,39.07,1,0.453,mechanical,0.48,none,38.46
4878,DESERT_PATROL,3617.4,34.4,0.522,0.506,3403.2,67.5,24.3,405.8,149.0,93.3,1.85,16.12,1.185,69.14,0.765,0.0,0.0,0.0,0.0,83.25,0,0.164,healthy,0.0,none,96.69
4879,ISR,4902.8,4.5,0.693,0.664,4018.0,71.4,30.1,501.1,163.2,83.3,2.53,23.53,2.178,56.51,0.684,0.0,0.0,0.0,0.353,54.96,1,0.306,mechanical,0.35,none,55.83
4880,TRANSIT,4672.3,3.5,0.702,0.674,4277.8,76.7,34.1,511.6,167.9,81.7,2.78,21.15,1.178,50.16,0.765,0.0,0.336,0.0,0.0,65.11,1,0.264,cooling,0.34,none,73.66
4881,ISR,13559.4,-7.4,0.679,0.6,4182.6,56.3,24.7,486.7,152.6,72.6,2.92,17.98,1.235,67.28,0.765,0.0,0.0,0.0,0.0,87.81,0,0.033,healthy,0.0,none,102.31
4882,HIGH_ALTITUDE,19641.9,-18.6,0.907,0.754,5359.7,48.2,27.1,651.4,192.7,72.9,3.88,21.76,0.712,24.24,0.765,0.0,0.0,0.0,0.0,83.08,0,0.238,healthy,0.0,none,96.43
4883,TRANSIT,4697.0,4.2,0.63,0.604,3957.7,74.9,31.1,450.3,147.7,79.8,2.53,19.0,1.268,70.89,0.765,0.0,0.0,0.0,0.0,82.21,0,0.159,healthy,0.0,none,94.06
4884,TRANSIT,9540.8,-4.7,0.838,0.769,4977.2,67.7,35.7,600.8,189.6,81.6,3.37,24.12,0.832,30.82,0.765,0.0,0.0,0.0,0.0,84.37,0,0.156,healthy,0.0,none,92.18
4885,ISR,2527.4,6.2,0.734,0.718,4162.2,49.8,21.9,604.7,193.2,86.4,2.56,37.93,3.818,26.7,0.428,0.456,0.0,0.0,0.456,23.27,1,0.809,combustion,0.91,none,19.13
4886,ISR,10501.9,-6.5,0.725,0.66,4424.3,64.1,29.9,514.9,161.9,75.4,3.05,20.32,1.165,57.08,0.765,0.0,0.0,0.0,0.0,89.94,0,0.093,healthy,0.0,none,104.84
4887,TRANSIT,6602.7,5.4,0.712,0.672,4225.4,58.5,25.9,549.6,178.7,84.0,2.65,27.42,2.333,41.89,0.612,0.186,0.0,0.0,0.186,47.28,1,0.387,combustion,0.37,none,44.6
4888,LOITER,6411.8,-1.1,0.472,0.446,3146.2,67.0,22.1,328.9,121.5,69.5,2.09,14.22,1.027,97.89,0.765,0.0,0.627,0.0,0.0,55.74,1,0.529,cooling,0.63,none,58.54
4889,HIGH_ALTITUDE,15947.4,-19.5,0.919,0.793,5406.1,56.4,31.8,648.6,198.3,73.9,3.95,23.41,0.699,23.37,0.765,0.0,0.0,0.0,0.0,83.6,0,0.12,healthy,0.0,none,91.17
4890,TRANSIT,5902.2,5.2,0.682,0.647,4205.0,72.4,32.0,501.8,162.0,81.9,2.65,20.6,1.249,58.13,0.765,0.0,0.0,0.0,0.0,84.55,0,0.107,healthy,0.0,none,99.51
4891,LOITER,3083.3,12.3,0.466,0.454,2961.9,48.4,15.0,420.9,141.4,77.3,1.8,24.61,2.994,79.36,0.485,0.366,0.0,0.0,0.366,35.52,1,0.685,combustion,0.73,none,30.57
4892,HIGH_ALTITUDE,23939.1,-31.9,0.932,0.741,5457.3,42.5,24.3,654.4,191.8,64.5,4.3,20.74,0.67,28.98,0.765,0.0,0.0,0.0,0.0,86.8,0,0.138,healthy,0.0,none,97.35
4893,LOITER,3047.6,12.4,0.411,0.4,2768.8,56.3,16.4,340.2,120.2,75.5,1.66,17.11,1.897,100.86,0.599,0.204,0.0,0.0,0.204,51.23,1,0.323,combustion,0.41,none,52.03
4894,ISR,6728.0,-0.2,0.714,0.673,4375.9,72.2,32.8,512.9,163.5,91.1,1.8,21.41,1.175,55.32,0.765,0.0,0.0,0.577,0.0,54.99,1,0.523,lubrication,0.58,none,55.44
4895,TRANSIT,1933.9,6.6,0.702,0.69,4274.3,84.0,37.8,494.5,167.7,84.6,2.69,22.35,1.224,53.93,0.765,0.0,0.0,0.0,0.0,83.21,0,0.188,healthy,0.0,none,99.03
4896,HIGH_ALTITUDE,22147.5,-29.1,0.907,0.734,5356.0,45.2,25.1,637.9,186.6,65.6,4.19,20.85,0.714,32.72,0.765,0.0,0.0,0.0,0.0,88.13,0,0.216,healthy,0.0,none,98.3
4897,LOITER,5582.5,2.7,0.43,0.409,2951.8,66.6,20.7,299.1,104.0,85.2,1.05,12.88,0.913,115.77,0.765,0.0,0.0,0.756,0.0,53.49,1,0.697,lubrication,0.76,none,50.41
4898,TRANSIT,14760.9,-7.3,0.742,0.648,4496.3,54.5,25.7,534.1,166.6,75.6,3.15,19.27,1.159,52.97,0.765,0.0,0.0,0.0,0.0,87.11,0,0.186,healthy,0.0,none,101.33
4899,ISR,11236.6,-7.4,0.808,0.73,4851.2,63.7,32.5,578.9,180.6,94.3,1.72,22.46,0.918,39.22,0.765,0.0,0.0,0.774,0.0,49.58,1,0.646,lubrication,0.77,none,47.88
4900,DESERT_PATROL,7879.4,13.7,0.551,0.514,3561.5,62.4,23.3,407.3,141.8,87.2,1.72,15.89,1.225,79.27,0.765,0.0,0.0,0.282,0.0,67.31,0,0.237,lubrication,0.28,none,71.07
4901,ISR,15705.3,-12.3,0.762,0.659,4629.2,53.8,25.9,546.2,165.0,72.4,3.34,19.53,1.067,52.53,0.765,0.0,0.0,0.0,0.0,66.98,1,0.387,sensor,0.37,freeze,67.64
4902,ISR,2526.4,9.4,0.517,0.506,3383.2,76.3,27.1,370.8,128.7,78.5,2.13,16.31,1.17,91.64,0.765,0.0,0.0,0.0,0.0,81.42,0,0.22,healthy,0.0,none,95.52
4903,LOITER,5913.6,3.7,0.584,0.555,3712.5,70.5,27.4,413.1,139.2,77.5,2.43,17.37,1.295,80.89,0.765,0.0,0.0,0.0,0.0,81.63,0,0.202,healthy,0.0,none,92.84
4904,HIGH_ALTITUDE,17500.4,-20.9,0.746,0.634,4005.3,44.7,18.8,522.0,156.4,66.0,2.93,23.96,3.272,62.96,0.587,0.0,0.0,0.0,0.775,40.67,1,0.654,mechanical,0.77,none,38.11
4905,HIGH_ALTITUDE,16654.4,-21.6,0.923,0.791,5040.0,33.3,17.7,752.2,220.6,72.7,3.7,37.7,3.193,-0.79,0.429,0.455,0.0,0.0,0.455,17.29,1,0.838,combustion,0.91,none,13.44
4906,DESERT_PATROL,2200.9,32.3,0.64,0.628,4000.9,74.8,31.7,483.5,173.4,97.3,2.13,20.16,1.266,45.63,0.765,0.0,0.0,0.0,0.0,56.93,1,0.432,sensor,0.59,drift,56.38
4907,LOITER,3317.8,9.8,0.561,0.546,3610.4,75.4,28.4,402.9,140.3,81.1,2.24,17.5,1.236,81.48,0.765,0.0,0.0,0.0,0.0,80.56,0,0.21,healthy,0.0,none,87.32
4908,LOITER,3442.4,8.5,0.569,0.552,3644.3,75.6,28.9,407.7,139.3,80.5,2.28,17.81,1.227,80.86,0.765,0.0,0.0,0.0,0.0,58.6,1,0.47,sensor,0.58,noise,53.95
4909,ISR,13875.1,-13.1,0.748,0.659,4549.6,57.9,27.5,528.1,163.7,72.4,3.23,19.85,1.122,56.59,0.765,0.0,0.0,0.0,0.0,88.63,0,0.179,healthy,0.0,none,102.52
4910,TRANSIT,15861.7,-20.5,0.762,0.658,4637.1,55.2,26.7,537.7,161.8,86.1,1.45,19.46,1.048,59.41,0.765,0.0,0.0,0.975,0.0,50.37,1,0.842,lubrication,0.97,none,49.01
4911,LOITER,6788.8,1.9,0.508,0.479,3347.0,66.5,23.3,358.0,120.6,73.4,2.18,14.81,1.127,98.95,0.765,0.0,0.0,0.0,0.0,86.28,0,0.033,healthy,0.0,none,100.3
4912,HIGH_ALTITUDE,23322.0,-35.6,0.866,0.693,5165.8,43.9,23.7,606.1,174.0,59.9,4.21,19.46,0.761,47.19,0.765,0.0,0.0,0.0,0.0,88.44,0,0.219,healthy,0.0,none,95.1
4913,HIGH_ALTITUDE,24453.8,-31.7,0.843,0.666,4686.0,25.6,12.5,691.6,193.6,60.8,3.68,34.61,3.31,24.23,0.448,0.424,0.0,0.0,0.424,28.57,1,0.737,combustion,0.85,none,25.92
4914,LOITER,5414.0,2.6,0.534,0.509,3475.0,70.7,25.7,376.7,126.2,74.8,2.3,16.21,1.128,93.09,0.765,0.0,0.0,0.0,0.0,87.46,0,0.103,healthy,0.0,none,102.91
4915,LOITER,6419.9,-1.9,0.554,0.523,3547.0,69.8,25.9,382.6,128.4,72.4,2.4,16.35,1.253,92.27,0.765,0.0,0.0,0.0,0.0,76.63,0,0.201,healthy,0.0,none,87.16
4916,TRANSIT,10020.2,-4.1,0.707,0.646,4329.4,64.5,29.2,497.2,159.7,77.0,2.92,19.96,1.221,59.33,0.765,0.0,0.0,0.0,0.0,82.54,0,0.177,healthy,0.0,none,87.67
4917,ISR,5887.4,2.2,0.516,0.49,3380.8,69.0,24.4,357.3,122.3,73.4,2.23,15.43,1.124,97.23,0.765,0.0,0.0,0.0,0.0,82.18,0,0.248,healthy,0.0,none,96.11
4918,DESERT_PATROL,1887.3,26.6,0.568,0.559,3646.6,75.2,28.7,429.0,153.8,91.4,2.05,17.86,1.224,66.2,0.765,0.0,0.0,0.0,0.0,57.05,1,0.627,sensor,0.63,spike,59.84
4919,HIGH_ALTITUDE,22176.0,-34.3,0.753,0.61,4200.7,40.9,18.1,517.3,147.2,56.4,3.23,20.27,2.604,71.74,0.644,0.0,0.0,0.0,0.527,48.06,1,0.493,mechanical,0.53,none,46.68
4920,TRANSIT,12528.2,-9.7,0.773,0.69,4646.2,60.6,29.5,555.4,172.0,75.0,3.3,20.88,1.035,48.57,0.765,0.0,0.0,0.0,0.0,84.3,0,0.217,healthy,0.0,none,94.52
4921,HIGH_ALTITUDE,18743.6,-25.4,0.812,0.681,4619.9,48.2,23.4,579.0,167.3,65.4,3.54,21.71,1.78,51.7,0.697,0.0,0.0,0.0,0.298,66.12,0,0.293,mechanical,0.3,none,69.48
4922,DESERT_PATROL,8132.4,28.9,0.722,0.672,4398.5,62.0,28.7,553.8,188.5,96.7,2.39,21.03,1.163,28.38,0.765,0.0,0.0,0.0,0.0,75.24,0,0.144,healthy,0.0,none,82.06
4923,TRANSIT,7646.2,2.7,0.623,0.582,3905.0,44.8,18.3,522.7,167.4,78.7,2.56,32.63,1.297,52.86,0.51,0.953,0.0,0.0,0.0,45.87,1,0.857,injector,0.95,none,43.4
4924,DESERT_PATROL,1475.3,34.5,0.556,0.549,3601.4,74.0,27.6,429.9,157.0,95.6,1.92,18.1,1.249,62.25,0.765,0.0,0.0,0.0,0.0,86.17,0,0.073,healthy,0.0,none,96.37
4925,DESERT_PATROL,15217.0,6.7,0.719,0.625,4403.4,50.6,23.3,539.4,174.3,82.5,2.85,18.53,1.182,46.22,0.765,0.0,0.0,0.0,0.0,82.22,0,0.127,healthy,0.0,none,93.64
4926,TRANSIT,15019.6,-16.4,0.541,0.471,3506.2,52.4,19.2,368.5,114.4,61.4,2.52,14.14,1.208,105.5,0.765,0.0,0.0,0.0,0.0,76.55,0,0.205,healthy,0.0,none,85.9
4927,LOITER,6309.2,2.1,0.58,0.548,3693.3,69.8,27.1,409.4,137.2,76.5,2.43,17.13,1.26,83.11,0.765,0.0,0.0,0.0,0.0,86.75,0,0.036,healthy,0.0,none,99.45
4928,ISR,5078.4,12.7,0.743,0.71,4212.9,44.7,19.6,650.3,211.2,89.0,2.56,43.87,3.934,11.77,0.431,0.452,0.0,0.0,0.452,18.28,1,0.719,combustion,0.9,none,15.18
4929,LOITER,7255.1,-0.7,0.576,0.54,3680.2,67.9,26.2,408.7,134.3,74.0,2.48,16.86,1.251,86.13,0.765,0.0,0.0,0.0,0.0,84.65,0,0.185,healthy,0.0,none,96.48
4930,HIGH_ALTITUDE,18723.4,-25.4,0.867,0.728,5132.6,51.1,27.6,604.8,180.8,67.2,3.91,20.95,0.775,39.26,0.765,0.0,0.0,0.0,0.0,63.41,1,0.342,sensor,0.43,spike,64.05
4931,ISR,11097.1,-8.0,0.592,0.535,3633.1,47.1,17.7,457.9,143.2,69.2,2.49,20.68,2.551,77.22,0.574,0.238,0.0,0.0,0.238,44.38,1,0.4,combustion,0.48,none,41.38
4932,DESERT_PATROL,1599.0,35.7,0.632,0.623,3975.6,75.4,31.4,486.7,176.9,106.1,1.63,20.13,1.324,44.62,0.765,0.0,0.0,0.305,0.0,62.24,1,0.303,lubrication,0.31,none,66.94
4933,DESERT_PATROL,11181.4,12.9,0.842,0.761,5009.4,59.7,31.3,630.3,205.1,91.9,2.99,23.19,0.829,14.55,0.765,0.0,0.0,0.0,0.0,74.01,0,0.117,healthy,0.0,none,79.37
4934,TRANSIT,2448.4,7.1,0.583,0.571,3698.3,79.2,30.8,414.6,139.8,79.6,2.33,18.44,1.216,79.3,0.765,0.0,0.0,0.0,0.0,76.89,0,0.245,healthy,0.0,none,84.68
4935,ISR,11668.8,-10.4,0.687,0.618,3856.2,55.7,22.6,483.5,150.1,71.5,2.64,23.1,2.789,68.64,0.632,0.0,0.0,0.0,0.578,43.42,1,0.53,mechanical,0.58,none,36.61
4936,DESERT_PATROL,14932.5,-4.6,0.786,0.686,4728.0,54.2,26.9,570.4,179.7,78.3,3.24,20.46,0.985,40.65,0.765,0.0,0.0,0.0,0.0,87.86,0,0.157,healthy,0.0,none,99.64
4937,DESERT_PATROL,12501.9,11.1,0.565,0.505,3615.7,52.9,20.2,427.5,143.1,85.8,1.86,15.56,1.25,77.3,0.765,0.0,0.0,0.285,0.0,67.12,0,0.22,lubrication,0.28,none,67.67
4938,ISR,1274.6,12.3,0.821,0.812,4905.2,66.7,34.3,641.2,211.8,94.0,2.9,38.99,0.911,9.6,0.589,0.657,0.0,0.0,0.0,38.73,1,0.592,injector,0.66,none,38.9
4939,LOITER,5430.2,4.6,0.508,0.484,3334.4,69.4,24.2,359.6,122.8,75.0,2.18,15.28,1.169,97.19,0.765,0.0,0.0,0.0,0.0,81.05,0,0.188,healthy,0.0,none,92.07
4940,ISR,4193.5,5.2,0.659,0.635,4079.9,76.7,33.0,463.6,154.9,82.1,2.63,20.08,1.286,63.78,0.765,0.0,0.0,0.0,0.0,86.47,0,0.051,healthy,0.0,none,97.57
4941,TRANSIT,4310.1,5.6,0.646,0.622,4050.4,76.0,32.0,464.7,154.6,81.8,2.52,19.76,1.326,66.25,0.765,0.0,0.0,0.0,0.0,85.61,0,0.159,healthy,0.0,none,101.49
4942,DESERT_PATROL,1281.4,35.0,0.756,0.748,4602.2,79.1,38.0,577.6,201.4,105.0,2.29,24.36,1.093,18.23,0.765,0.0,0.0,0.0,0.0,46.44,1,0.515,sensor,0.58,noise,41.87
4943,DESERT_PATROL,13312.9,14.9,0.684,0.606,4225.3,52.6,23.2,517.9,174.8,85.8,2.63,18.42,1.27,47.38,0.765,0.0,0.0,0.0,0.0,85.19,0,0.178,healthy,0.0,none,99.04
4944,ISR,7679.7,-0.7,0.775,0.724,4440.6,49.8,23.5,612.4,191.8,82.1,2.85,36.09,3.037,27.04,0.512,0.325,0.0,0.0,0.325,29.75,1,0.575,combustion,0.65,none,27.98
4945,ISR,11954.1,-6.7,0.8,0.718,4689.1,52.5,25.6,604.7,186.8,78.7,3.21,26.66,1.873,33.12,0.636,0.155,0.0,0.0,0.155,55.07,1,0.283,combustion,0.31,none,55.39
4946,LOITER,5621.0,4.2,0.589,0.561,3742.3,71.3,28.1,422.5,154.1,77.6,2.48,17.59,1.291,65.99,0.765,0.0,0.695,0.0,0.0,52.26,1,0.639,cooling,0.69,none,47.47
4947,HIGH_ALTITUDE,19558.0,-21.0,0.707,0.589,4326.5,46.8,21.4,493.1,157.2,64.3,3.29,16.84,1.208,63.57,0.765,0.0,0.451,0.0,0.0,60.58,1,0.359,cooling,0.45,none,63.78
4948,HIGH_ALTITUDE,15504.7,-15.4,0.94,0.815,5494.5,56.7,32.5,675.5,206.4,77.2,3.9,24.45,0.681,15.37,0.765,0.0,0.0,0.0,0.0,76.75,0,0.178,healthy,0.0,none,85.76
4949,DESERT_PATROL,5918.9,23.8,0.798,0.757,4795.1,62.3,31.2,630.3,207.1,98.6,2.58,28.66,0.979,10.56,0.684,0.304,0.0,0.0,0.0,50.44,1,0.315,injector,0.3,none,51.7
4950,DESERT_PATROL,7255.6,16.5,0.819,0.768,4911.3,57.8,29.5,646.5,214.1,94.3,2.91,30.35,0.882,8.85,0.648,0.438,0.0,0.0,0.0,42.14,1,0.422,injector,0.44,none,36.96
4951,TRANSIT,1394.3,11.7,0.841,0.831,5020.7,63.1,33.2,671.3,217.2,94.4,2.9,43.03,0.828,3.29,0.556,0.779,0.0,0.0,0.0,34.38,1,0.665,injector,0.78,none,34.14
4952,HIGH_ALTITUDE,23561.9,-30.5,0.725,0.579,4348.1,35.4,16.0,532.9,153.6,57.4,3.37,19.86,2.076,67.11,0.642,0.147,0.0,0.0,0.147,61.59,0,0.336,combustion,0.29,none,62.28
4953,TRANSIT,7331.0,-5.3,0.835,0.782,4973.9,73.9,38.5,590.5,185.3,81.3,3.29,24.4,0.837,32.87,0.765,0.0,0.0,0.0,0.0,82.01,0,0.2,healthy,0.0,none,89.74
4954,ISR,13344.5,-14.5,0.719,0.637,4415.1,59.0,27.2,504.6,155.6,70.2,3.19,19.25,1.186,64.54,0.765,0.0,0.0,0.0,0.0,59.41,1,0.718,sensor,0.83,spike,63.27
4955,ISR,4692.4,2.2,0.764,0.733,4589.2,71.4,34.6,564.9,179.5,84.4,2.93,24.49,1.058,37.92,0.699,0.247,0.0,0.0,0.0,67.01,0,0.251,injector,0.25,none,72.92
4956,ISR,9422.9,-2.4,0.625,0.574,3914.7,64.0,26.2,447.6,144.6,74.2,2.63,17.65,1.297,76.18,0.765,0.0,0.0,0.0,0.0,85.96,0,0.148,healthy,0.0,none,94.43
4957,TRANSIT,5050.9,4.1,0.727,0.696,4429.1,76.0,35.3,519.3,170.4,102.6,1.24,22.12,1.163,49.33,0.765,0.0,0.0,0.928,0.0,49.52,1,0.842,lubrication,0.93,none,53.53
4958,LOITER,3406.1,9.8,0.543,0.527,3484.8,74.6,27.2,388.3,133.9,79.6,2.18,16.94,1.221,85.54,0.765,0.0,0.0,0.0,0.0,79.88,0,0.177,healthy,0.0,none,87.47
4959,HIGH_ALTITUDE,23270.4,-38.1,0.897,0.718,5293.5,38.6,21.4,654.6,184.8,59.0,4.3,21.4,0.705,34.15,0.661,0.389,0.0,0.0,0.0,61.58,1,0.306,injector,0.39,none,65.19
4960,HIGH_ALTITUDE,18559.2,-24.5,0.816,0.687,4888.1,50.8,25.9,567.5,170.0,66.4,3.72,20.01,0.892,49.87,0.765,0.0,0.0,0.0,0.0,64.53,1,0.572,sensor,0.55,drift,68.91
4961,DESERT_PATROL,14961.8,10.5,0.595,0.519,3782.4,44.3,17.4,464.3,155.4,79.1,2.4,17.61,1.257,65.44,0.697,0.254,0.0,0.0,0.0,68.34,0,0.219,injector,0.25,none,69.26
4962,LOITER,3631.5,8.1,0.569,0.551,3636.6,57.6,21.7,462.4,152.6,79.4,2.3,25.65,1.267,67.27,0.586,0.669,0.0,0.0,0.0,51.4,1,0.557,injector,0.67,none,49.97
4963,TRANSIT,7843.9,0.2,0.696,0.65,4287.7,53.6,24.0,549.1,174.5,79.9,2.88,22.69,1.225,45.4,0.596,0.632,0.0,0.0,0.0,52.74,1,0.471,injector,0.63,none,52.58
4964,ISR,6840.7,-2.6,0.823,0.774,4919.2,74.3,37.9,591.3,183.4,83.2,3.26,24.34,0.89,33.38,0.765,0.0,0.0,0.0,0.0,78.77,0,0.245,healthy,0.0,none,86.89
4965,TRANSIT,5686.5,1.3,0.802,0.763,4586.1,54.3,26.0,641.8,204.4,84.7,2.87,37.93,2.869,16.23,0.52,0.315,0.0,0.0,0.315,26.25,1,0.622,combustion,0.63,none,22.37
4966,TRANSIT,14481.2,-16.9,0.659,0.577,3908.6,40.4,16.6,505.4,155.4,65.6,2.85,26.39,3.01,66.01,0.526,0.305,0.0,0.0,0.305,40.2,1,0.494,combustion,0.61,none,34.14
4967,HIGH_ALTITUDE,23080.7,-28.7,0.894,0.717,5257.5,43.3,23.9,634.7,196.1,65.3,4.09,20.33,0.738,23.13,0.765,0.0,0.637,0.0,0.0,51.69,1,0.566,cooling,0.64,none,47.64
4968,LOITER,6050.3,1.4,0.5,0.474,3286.3,68.3,23.6,350.9,118.1,72.2,2.16,14.94,1.095,101.27,0.765,0.0,0.0,0.0,0.0,85.97,0,0.219,healthy,0.0,none,97.47
4969,LOITER,4823.4,7.8,0.42,0.403,2702.4,41.3,11.6,394.7,129.3,71.8,1.68,23.82,3.125,89.31,0.443,0.433,0.0,0.0,0.433,33.16,1,0.775,combustion,0.87,none,28.8
4970,DESERT_PATROL,11680.2,19.8,0.739,0.665,4495.6,55.9,26.4,563.1,186.9,109.7,1.16,20.24,1.13,31.54,0.765,0.0,0.0,0.909,0.0,42.22,1,0.896,lubrication,0.91,none,39.92
4971,ISR,10289.9,-4.2,0.657,0.599,4103.0,62.9,26.8,465.5,150.4,80.2,2.25,18.44,1.269,70.29,0.765,0.0,0.0,0.272,0.0,68.21,0,0.179,lubrication,0.27,none,73.45
4972,LOITER,5598.8,6.1,0.54,0.514,3502.3,69.6,25.5,381.1,131.3,76.7,2.27,16.15,1.226,88.69,0.765,0.0,0.0,0.0,0.0,83.99,0,0.08,healthy,0.0,none,92.14
4973,TRANSIT,13006.8,-9.7,0.758,0.673,4378.1,40.8,18.7,620.7,188.6,74.7,2.97,32.87,3.172,30.46,0.5,0.344,0.0,0.0,0.344,30.36,1,0.665,combustion,0.69,none,25.17
4974,LOITER,3565.1,8.9,0.492,0.477,3291.8,72.7,24.6,347.8,123.2,91.6,1.11,15.19,1.065,97.28,0.765,0.0,0.0,0.758,0.0,52.34,1,0.763,lubrication,0.76,none,55.4
4975,DESERT_PATROL,5770.9,31.3,0.549,0.522,3538.0,63.6,23.6,428.0,154.7,92.0,1.91,16.43,1.21,65.35,0.765,0.0,0.0,0.0,0.0,86.83,0,0.151,healthy,0.0,none,101.81
4976,HIGH_ALTITUDE,19348.0,-24.8,0.763,0.637,4625.3,48.6,23.5,537.8,157.8,73.6,2.41,18.3,1.056,61.91,0.765,0.0,0.0,0.513,0.0,56.37,1,0.513,lubrication,0.51,none,57.38
4977,HIGH_ALTITUDE,17152.0,-13.8,0.95,0.81,5546.6,39.4,22.8,744.1,222.1,78.0,3.86,36.18,0.704,-3.87,0.57,0.728,0.0,0.0,0.0,38.5,1,0.588,injector,0.73,none,31.66
4978,ISR,8224.0,-4.2,0.559,0.52,3593.3,65.9,24.8,390.8,127.6,71.0,2.43,16.27,1.208,92.48,0.765,0.0,0.0,0.0,0.0,86.19,0,0.104,healthy,0.0,none,98.22
4979,TRANSIT,14740.7,-16.8,0.786,0.687,4728.9,57.2,28.3,558.5,169.5,79.6,2.52,20.61,0.975,51.13,0.765,0.0,0.0,0.417,0.0,59.86,1,0.274,lubrication,0.42,none,66.05
4980,DESERT_PATROL,15966.8,15.5,0.533,0.46,3339.2,35.2,12.3,460.8,153.5,80.2,2.03,17.04,2.371,66.79,0.581,0.229,0.0,0.0,0.229,46.37,1,0.355,combustion,0.46,none,49.16
4981,TRANSIT,5566.0,5.6,0.715,0.681,4356.1,73.9,34.0,505.0,170.2,84.4,2.72,21.51,1.179,50.69,0.765,0.0,0.0,0.0,0.0,56.53,1,0.807,sensor,0.9,drift,51.72
4982,DESERT_PATROL,11396.0,17.0,0.553,0.499,3571.3,53.9,20.0,417.0,144.1,83.0,2.2,15.04,1.253,75.22,0.765,0.0,0.0,0.0,0.0,85.74,0,0.171,healthy,0.0,none,99.14
4983,LOITER,5923.2,5.1,0.436,0.414,2981.5,65.4,20.4,309.8,106.5,71.0,1.89,12.98,0.93,112.33,0.765,0.0,0.0,0.0,0.0,88.59,0,0.033,healthy,0.0,none,101.91
4984,TRANSIT,8953.5,-6.6,0.611,0.564,3856.3,65.9,26.7,431.9,136.2,71.4,2.62,17.55,1.326,82.97,0.765,0.0,0.0,0.0,0.0,87.44,0,0.033,healthy,0.0,none,104.15
4985,DESERT_PATROL,12047.1,14.2,0.572,0.513,3590.1,46.9,17.7,446.9,152.8,81.5,2.21,18.8,1.955,68.17,0.66,0.125,0.0,0.0,0.125,63.04,0,0.212,combustion,0.25,none,66.13
4986,HIGH_ALTITUDE,22132.6,-26.5,0.92,0.745,5381.2,44.9,25.5,662.7,194.5,67.2,4.12,21.0,0.713,27.53,0.765,0.0,0.0,0.0,0.0,67.39,0,0.331,sensor,0.29,drift,73.16
4987,LOITER,6861.8,2.5,0.588,0.554,3737.0,68.5,26.8,412.1,138.3,77.0,2.47,17.47,1.27,80.8,0.765,0.0,0.0,0.0,0.0,82.85,0,0.192,healthy,0.0,none,96.08
4988,ISR,3861.4,10.9,0.794,0.768,4790.2,69.7,35.0,598.4,197.2,90.7,2.81,26.05,0.999,22.6,0.678,0.327,0.0,0.0,0.0,54.7,1,0.314,injector,0.33,none,55.52
4989,DESERT_PATROL,12836.0,7.5,0.704,0.626,4343.1,55.3,24.9,523.4,171.6,82.8,2.77,18.87,1.233,49.37,0.765,0.0,0.0,0.0,0.0,86.44,0,0.166,healthy,0.0,none,99.74
4990,TRANSIT,3726.0,11.4,0.776,0.751,4665.9,78.6,38.5,564.7,190.1,91.0,2.84,24.16,0.973,33.03,0.765,0.0,0.0,0.0,0.0,67.63,0,0.247,sensor,0.24,drift,73.07
4991,LOITER,3089.1,6.2,0.445,0.433,3006.0,72.8,23.1,312.2,109.9,72.8,1.89,14.04,0.864,110.04,0.765,0.0,0.0,0.0,0.0,83.12,0,0.03,healthy,0.0,none,93.61
4992,HIGH_ALTITUDE,20656.6,-28.3,0.74,0.609,4500.2,46.5,21.9,519.2,149.6,71.7,2.28,17.41,1.11,69.92,0.765,0.0,0.0,0.581,0.0,55.59,1,0.51,lubrication,0.58,none,55.44
4993,DESERT_PATROL,10592.8,14.2,0.555,0.505,3565.6,56.2,21.1,411.2,143.0,100.1,0.92,15.31,1.234,77.37,0.765,0.0,0.0,0.968,0.0,49.07,1,0.837,lubrication,0.97,none,44.21
4994,TRANSIT,1234.3,10.3,0.585,0.579,3728.6,82.0,32.2,419.1,143.5,82.4,2.32,18.67,1.249,76.49,0.765,0.0,0.0,0.0,0.0,83.67,0,0.078,healthy,0.0,none,99.05
4995,HIGH_ALTITUDE,15872.3,-10.1,0.851,0.735,5069.8,53.9,28.8,609.4,188.8,76.5,3.55,21.63,0.802,30.67,0.765,0.0,0.0,0.0,0.0,83.74,0,0.055,healthy,0.0,none,103.36
4996,LOITER,6618.2,0.4,0.464,0.438,3126.2,65.9,21.4,320.5,124.8,70.3,2.0,13.68,0.971,93.51,0.765,0.0,0.802,0.0,0.0,52.65,1,0.754,cooling,0.8,none,55.07
4997,LOITER,3111.6,10.0,0.406,0.395,2425.7,58.6,15.0,286.4,104.8,74.2,1.37,17.58,3.061,115.43,0.552,0.0,0.0,0.0,0.93,36.5,1,0.792,mechanical,0.93,none,32.62
4998,ISR,8473.8,-6.5,0.68,0.63,4190.5,68.5,30.1,480.1,168.9,73.7,2.88,19.55,1.229,51.48,0.765,0.0,0.795,0.0,0.0,53.21,1,0.695,cooling,0.79,none,51.74
4999,HIGH_ALTITUDE,16683.8,-12.5,0.922,0.79,5396.4,53.3,30.3,668.7,202.1,77.6,3.81,23.47,0.688,16.48,0.765,0.0,0.0,0.0,0.0,76.63,0,0.062,healthy,0.0,none,80.53
